nIdPessoa;pediu_para_sair
181076;0
201073;0
280267;1
14686;0
71442;0
250069;1
351488;1
255952;1
147702;0
167011;1
300222;0
402149;0
58647;0
301544;1
370001;1
78403;1
89472;1
216756;0
31622;0
222971;1
204188;1
97717;0
237259;0
245265;1
136009;1
244575;1
238712;0
327938;1
267389;1
201949;1
358858;0
254132;0
251306;1
50262;1
385083;1
149163;0
107076;0
87635;0
182656;1
127521;1
148754;1
11743;1
194330;1
352445;1
164028;0
193047;1
223396;1
200280;1
172783;1
168628;1
157169;1
53529;1
214227;1
262057;1
367487;1
94536;0
343377;0
129170;1
326014;0
222416;1
28772;0
186841;0
339179;1
391399;0
236912;1
73963;1
389222;1
2102;1
148545;1
266061;1
359468;1
373369;0
158541;1
251810;1
3057;0
397517;1
161875;1
364507;1
99022;1
181129;1
319688;0
336183;1
248602;1
263725;1
63660;1
387289;0
118858;0
383174;1
159888;0
154806;0
74123;1
310816;1
324772;1
66089;0
181283;0
168858;1
96875;1
166412;0
206104;1
158073;1
218285;1
127989;1
303452;1
403416;1
8486;0
263783;0
19520;1
205604;1
175282;0
164842;0
236755;1
198794;1
307628;1
183661;1
299818;0
298516;1
214417;0
225089;0
134201;0
195918;1
166202;1
222545;1
193263;1
390618;0
364367;1
473;0
307182;1
80682;0
273123;1
235611;1
182197;1
89333;0
401521;1
173076;0
13563;0
355135;1
63172;1
164045;1
41855;1
273386;1
187615;1
222158;1
291350;1
160262;1
260646;1
357075;1
384235;0
135198;1
96230;0
233506;0
171077;1
59817;1
190244;1
274829;0
21365;0
271215;1
141755;1
131132;1
388880;1
193982;0
310662;1
162835;0
115643;1
14889;0
63897;1
197185;1
181003;0
150604;1
417158;1
25480;0
288248;1
199939;0
230707;1
112187;1
32875;0
320383;1
195880;1
102272;1
344693;1
239432;1
45027;0
325278;1
230012;0
127425;0
224488;1
153829;1
119657;1
240487;1
175272;1
321783;1
300550;1
201749;0
232710;1
229200;1
226801;1
131126;0
26317;0
294411;1
40352;0
293698;1
132546;1
197666;0
74421;1
18489;0
177775;1
128454;1
40657;1
353767;1
259664;1
219485;1
388101;1
195822;1
264873;1
166393;1
373729;1
361316;1
196111;0
60918;1
307458;1
63031;1
138679;1
39335;1
307399;0
376247;1
143061;1
94771;1
49690;0
352037;1
337839;1
122133;0
295111;1
133152;0
170896;1
374389;0
350590;0
215454;1
91564;1
313935;1
53190;1
104274;1
305031;0
391746;0
140148;0
387604;1
315466;0
15683;0
382297;1
136652;0
207978;1
115863;1
291728;1
163672;1
176899;1
356817;1
328629;1
220953;1
239620;1
219949;1
94367;0
245055;1
218338;1
105393;1
214939;1
348410;1
362297;1
289168;0
379297;1
133126;1
180039;1
389018;0
101994;1
26331;0
352526;1
246138;1
280080;1
341918;1
199031;0
234815;1
373970;1
363266;1
148246;0
313854;0
359315;1
328450;1
292000;1
242785;1
216367;1
169656;0
321607;0
332551;0
57570;1
232798;0
198683;0
127528;0
65618;1
217260;1
201357;1
399709;0
385527;1
293480;1
201066;0
277219;1
181566;0
385664;0
139527;0
237022;1
243172;0
281448;0
359389;1
99279;0
284914;1
321543;0
88366;1
300589;0
233535;1
270557;1
38398;0
255597;1
281805;0
298932;0
140368;1
304512;1
181396;1
64040;0
322728;1
346350;0
408853;0
301074;0
126881;1
357950;1
312897;1
181765;1
70366;0
392041;1
314627;1
271058;1
266531;1
143431;1
347038;1
226987;1
375886;1
171575;1
177378;1
234681;0
92815;1
249509;1
298765;1
387485;1
124114;1
364686;1
188113;1
391407;1
1122;0
89628;1
138184;1
143462;1
288548;1
383070;1
292654;1
189150;1
258924;1
103311;1
164919;0
363515;1
297695;1
389414;0
389381;1
171014;1
151972;1
32122;0
383715;1
307583;1
82819;0
159796;1
45429;1
54689;0
230522;1
302758;1
387689;1
347113;0
191624;1
201962;0
231403;1
182381;0
181050;1
97074;0
152675;1
202528;1
335829;1
355851;0
112169;1
148824;1
262489;1
261563;1
344000;0
35898;0
373412;1
215376;1
38381;0
411312;1
364225;1
25784;0
254359;1
188753;1
313435;1
294735;0
397047;1
118154;0
71857;0
330639;1
102835;0
147824;1
150477;1
258764;1
267338;0
219450;1
173920;1
254046;1
168104;1
143116;1
175955;1
220736;1
102194;1
237763;0
284392;1
19856;1
147159;1
261556;1
359706;1
30419;0
177356;1
242527;1
159611;0
112587;1
167970;1
87339;0
134706;0
316230;0
284706;1
258930;0
56009;0
82817;1
141336;1
197549;1
94405;0
122508;0
140831;1
359716;1
284899;1
87648;0
48751;0
197545;1
352022;1
157881;0
271645;0
213501;0
102394;1
187994;0
275897;1
392306;0
88862;0
54958;0
355792;1
312936;1
351210;1
205638;0
297351;0
91075;0
321455;1
260958;0
352751;1
27217;1
392525;1
296731;1
170943;0
13929;0
165847;1
54167;1
4151;0
206658;1
306872;1
104315;1
6459;0
8220;1
356031;1
139710;1
61107;1
326295;1
205656;1
282357;1
214393;1
113330;0
42701;0
222193;1
243568;1
330652;1
232796;1
10992;0
352176;1
332416;1
139645;1
325949;1
292913;1
274213;1
106696;1
282022;1
336252;0
223195;1
237825;1
225260;1
318721;1
20276;1
143316;1
107210;0
364193;1
178840;1
278667;0
238619;1
188580;1
207291;1
167735;0
358987;0
405364;0
195864;1
179121;1
258564;1
146785;1
248027;1
201848;1
50773;1
324328;1
301624;1
355565;1
1821;0
351235;1
312524;1
159717;0
71637;1
299979;1
102981;1
188740;0
180442;1
25232;1
79687;1
127020;0
197797;1
234593;0
310421;1
88649;0
317762;0
3876;1
258925;1
170785;1
61531;1
101626;0
131494;1
111087;0
274560;1
231376;1
212327;1
79738;1
356894;0
202438;1
300388;1
168188;0
162827;0
245098;1
171867;0
299000;1
162629;0
279512;1
13812;0
240364;0
151793;1
315387;1
190049;1
110161;1
35161;1
100620;0
185042;1
63910;0
109735;0
353839;1
40694;0
314142;1
62964;1
66527;0
178605;1
241402;0
285537;0
39377;0
213822;1
404422;0
355442;1
183578;1
323721;1
303178;1
134675;1
396730;1
351936;1
330324;0
198395;1
257781;1
11286;1
277547;1
280362;1
214207;1
41525;0
319772;1
80655;1
130701;1
164542;1
316018;1
151846;1
189013;1
132518;1
262391;1
14864;0
79774;1
209870;1
21760;1
175424;1
45416;0
304084;1
335016;1
146045;0
112732;1
234449;1
69669;0
232365;1
130575;1
282972;1
197009;1
368996;1
351745;1
385376;0
215619;1
209151;1
192714;1
272139;1
160916;1
119270;1
194827;0
190863;1
155356;1
251767;0
218473;1
245106;1
249584;1
259737;1
321204;1
270056;1
271957;1
225628;0
228467;0
54057;1
281051;1
25088;1
61729;0
15174;0
70636;1
312199;1
329807;0
395545;1
102766;0
106971;1
42084;1
45214;1
223568;1
214308;1
320409;1
50707;0
149044;1
263929;1
131338;1
314389;1
156204;0
269486;1
22105;0
46520;1
220160;1
27783;0
315693;1
313126;1
259179;0
135368;1
304962;1
190196;1
138566;1
281038;1
340840;1
256971;1
189461;1
180936;1
351170;1
147899;1
212202;1
341632;1
206704;1
242446;0
270439;1
181195;0
371265;1
308739;1
211538;0
299745;0
207369;0
139592;0
136563;0
324852;1
322678;0
389649;0
90163;0
130492;0
305816;1
97201;1
332730;1
347089;1
72284;1
131987;0
208341;1
376307;1
328012;1
273871;0
56303;1
260199;0
88895;1
105193;0
261140;1
162498;1
287896;1
195371;1
284105;0
110045;0
147080;0
313215;1
82695;1
145416;1
265;0
321528;1
68536;1
51962;1
367561;1
207457;1
252641;1
208288;1
264567;1
258667;1
202231;1
127700;0
305715;1
94194;1
176875;1
374857;1
364678;1
389407;1
265263;1
135525;0
314391;0
152878;0
312371;1
204221;1
94101;0
174478;1
286114;1
199597;1
356872;1
32789;0
169510;0
346512;0
314190;1
296807;0
212125;0
106922;1
209406;1
92573;1
270939;1
404211;0
277194;1
394405;0
377950;1
125395;1
266760;1
360420;1
325224;1
207425;1
191162;1
22415;1
47229;1
325179;0
79589;0
207220;1
163840;1
314123;1
130398;0
28953;0
394029;1
401796;1
20153;0
221356;1
332555;1
220608;1
278598;0
153285;0
307822;1
278947;1
310253;1
315450;1
284605;1
194299;0
16668;0
72957;0
192780;1
192027;1
195622;1
251145;1
373039;1
399750;1
384324;1
153850;1
270013;1
401775;0
345043;0
268557;1
49429;0
110613;0
57641;1
368786;1
119255;0
101997;1
216544;1
75267;1
345367;1
222087;1
279227;1
125040;1
250300;1
125235;0
350784;1
284944;0
241219;1
144678;0
17122;0
224118;1
344445;0
184876;0
111309;1
393047;1
204129;1
320824;0
171508;1
222828;1
165177;1
411262;1
195193;0
125763;0
266461;1
100927;1
229246;1
10653;1
113584;1
64487;0
411812;0
396398;0
73564;1
377496;1
246943;0
204754;1
215487;1
105821;1
178783;1
108427;0
182176;0
189900;0
305591;1
213983;0
278751;1
91578;0
237893;0
50337;0
193453;1
2634;0
226605;1
378785;1
308865;1
178144;0
63776;1
144500;1
185000;0
124109;1
39576;0
323839;1
308799;1
166606;1
177129;1
158798;1
373604;1
294080;0
364105;1
223927;1
298202;1
275013;1
255469;1
225840;0
102756;1
161847;1
137403;1
206550;1
218709;1
186713;0
103228;1
213043;1
226493;1
298088;0
351234;1
199483;1
219281;1
338642;1
312948;0
217962;1
139811;1
355450;1
166117;1
176549;0
135056;0
3535;0
317785;1
49742;0
380517;1
348927;1
351728;1
249884;1
44428;0
212037;1
123403;1
68214;1
284567;0
405003;0
393292;1
305825;0
259570;1
407655;1
185029;1
382319;1
267386;1
129208;1
360113;0
272526;1
295791;1
308887;1
340643;1
258383;1
113155;0
181517;1
40977;0
296326;0
259111;1
20839;0
351392;1
157976;0
286226;1
267892;1
309305;1
317518;1
80800;0
224396;1
215290;1
286274;1
235211;1
227830;1
226320;1
38639;1
276789;1
191746;1
316852;0
228311;1
128322;0
135979;1
52041;1
223151;1
209121;1
44622;0
124839;1
128231;0
398875;1
42698;0
305815;1
24082;0
176500;0
321313;0
225569;1
159542;1
106274;1
168778;0
157984;0
154327;1
34143;0
342061;1
393365;1
329169;1
195536;1
193743;1
125645;1
132639;1
321368;1
220854;1
143016;1
46746;0
92997;0
345025;0
145735;1
279550;1
278863;1
108184;0
214555;1
149288;1
43514;1
187882;1
3957;1
217117;1
61963;1
207446;1
105234;0
185677;1
323200;0
8611;0
107073;1
409380;1
397784;0
82587;1
310168;1
165796;1
45899;0
181661;0
167886;0
250532;1
254670;1
243772;0
311966;1
223436;0
61549;1
106114;0
156265;1
211806;0
334530;1
160649;0
112348;1
304248;1
309593;1
252884;1
165315;1
163923;1
94516;0
195105;1
367412;0
148798;1
362577;1
23525;1
27041;0
38731;0
42934;1
85178;0
105127;1
165086;0
339202;1
331173;0
91682;0
308571;1
7551;0
11846;1
338860;0
103620;0
149020;1
283928;0
326496;1
129196;0
356681;1
337154;1
315068;0
52000;0
394718;0
158004;1
9445;0
64015;1
156237;1
237952;1
81144;1
271579;1
198151;1
317442;1
66639;1
341959;1
264775;0
400767;0
303552;1
17179;0
33052;0
288971;1
53612;1
41965;0
367679;1
207341;1
163705;1
350069;1
129980;0
293298;1
199133;1
381701;1
132706;1
187655;0
165958;1
320883;1
195165;1
186988;1
108441;1
139186;1
209636;1
240599;1
278883;1
201223;1
264201;0
359260;0
317042;1
68724;0
177204;1
4761;0
31184;0
243716;1
93842;1
228520;1
356092;1
269237;1
326987;1
53627;1
245936;1
169793;0
115854;0
189879;1
269823;1
235820;1
117781;1
180915;1
212701;1
372273;0
96027;1
239278;1
262312;1
192247;1
176508;1
331674;1
171731;1
363212;1
113510;1
351414;1
408676;1
280244;1
293559;1
168896;1
15512;1
114414;1
135878;0
32268;1
14762;0
371690;1
391492;1
141244;0
344463;0
215117;0
389309;1
227279;0
9540;1
289023;1
21445;1
38399;0
180788;1
273402;1
325452;1
259646;0
295987;1
158906;1
291691;0
224768;1
140686;1
66837;1
182061;1
293816;1
174584;1
84926;1
127242;0
376221;1
155575;1
20317;1
190531;1
83887;1
256959;1
213172;1
153108;1
360557;1
202316;1
190433;1
93228;1
289937;1
346247;1
94484;0
94654;0
21214;0
104619;1
214444;0
113413;0
332014;1
258908;1
177146;1
198513;1
266253;1
126882;1
244643;1
313454;0
88936;0
178005;1
377175;1
175140;0
45143;1
359655;1
277287;1
261859;1
137878;1
293587;1
84630;1
321762;1
401950;1
396927;0
226190;1
225351;1
385607;1
271803;0
84455;0
295800;1
99455;1
400552;1
382332;0
182624;1
406963;1
181268;1
22029;1
21470;1
74683;1
223094;1
234323;0
205845;1
74644;0
179556;1
160763;1
359921;1
31415;0
49583;1
218978;1
290251;1
399203;1
317857;1
237372;1
169601;1
148477;1
150991;1
410546;0
83725;0
409305;1
90413;1
155546;1
306431;1
30198;0
81206;0
102341;1
233092;1
53074;0
347068;1
409695;1
317689;0
127240;1
241064;1
269407;1
72758;0
289525;0
143782;0
62979;1
156018;1
198432;0
115464;1
408858;0
254320;1
144651;1
358124;1
284354;1
251699;1
327895;1
171891;1
358433;0
147091;1
253125;1
131055;1
24243;0
99274;1
135196;0
172526;1
99759;1
265399;1
36592;0
200091;0
127501;0
280181;0
402372;1
99890;1
14245;0
32245;0
7247;0
216887;0
318957;0
114279;1
57045;0
129603;1
375935;1
260993;1
12386;0
97010;1
381828;1
167912;0
202964;1
276592;1
268513;1
251097;1
162600;1
228177;0
33394;0
309133;0
306387;1
328569;0
319321;1
234305;1
98877;0
247285;1
159424;1
250348;1
341679;1
249100;1
372792;1
41050;0
25247;0
35847;1
126165;0
176930;1
325456;1
153423;1
360467;0
286665;1
12362;1
366245;1
39852;1
1451;0
291023;0
94722;1
288448;1
104581;1
385618;1
29847;0
71191;1
9264;0
187497;1
127246;1
317808;1
181405;1
260135;1
235519;1
285074;1
233928;0
366501;1
110814;1
192362;1
337941;1
368145;1
190915;0
86182;1
264732;0
117326;1
383409;1
29428;0
247156;1
46436;1
293213;1
281463;1
332547;1
351367;1
304295;1
214910;0
404805;0
94552;1
48113;0
181023;1
169341;0
199436;1
302694;1
251512;1
232090;1
134180;1
287195;1
261583;1
162418;1
226527;1
273343;1
99017;1
314943;1
212078;1
229717;1
183020;0
316152;1
226475;1
385127;0
285024;1
261016;0
65917;0
108654;1
331499;0
201177;1
320982;1
192690;1
260756;1
240345;1
288814;1
225059;1
248419;1
266568;1
186480;1
351519;1
324396;1
309777;1
45029;1
61895;0
395316;1
351338;1
258790;1
226209;1
340909;1
159055;0
181226;1
197939;1
318277;1
194971;1
133967;0
93799;0
263005;1
295900;0
409879;1
120045;0
155283;1
182641;1
250386;0
151360;1
89662;1
333520;0
373616;0
326443;1
296132;0
350769;1
283400;1
172258;1
278511;0
243775;0
61193;0
104183;1
269343;1
261782;1
361229;1
374513;1
262593;1
355226;1
67179;0
227170;1
340845;1
385599;0
143151;0
21892;1
281302;1
169062;1
283404;1
130342;0
190945;0
222394;1
336363;1
300271;1
341932;1
337795;1
305863;1
204387;1
232806;0
209467;0
68343;0
281396;0
409854;1
178066;1
334643;1
112093;0
356768;1
159331;1
334040;0
238261;1
169652;1
234619;1
285449;1
165089;0
281927;0
223193;1
278961;0
284277;1
239721;0
181263;0
225160;1
267483;1
145179;0
358258;1
132192;1
90128;1
167987;1
402999;1
56050;1
131370;1
300396;1
278118;1
73462;1
221807;0
503;0
254897;1
167630;0
216506;1
263580;1
179990;1
156617;1
266916;1
377482;0
272273;1
36999;0
262050;1
268732;0
23238;0
196438;1
74798;0
263648;1
232182;1
165024;1
268770;1
139616;0
344582;1
217113;1
290225;0
74921;1
63818;1
337306;1
270442;0
204411;1
248039;0
299445;0
149484;0
148536;1
50300;1
106702;1
38654;0
222708;1
302517;1
102988;1
164642;0
396868;1
245992;1
265461;1
346771;1
122670;0
129944;1
306176;1
354359;1
77045;1
1922;0
197263;1
98789;1
159227;1
146056;1
252217;1
312678;1
147164;0
16766;0
295168;1
305870;1
342359;0
276998;1
7309;0
211105;1
364907;1
31576;0
208746;0
393316;0
61408;1
155582;1
63384;0
175557;1
83117;1
104492;0
350239;1
88372;1
190707;0
281407;1
255206;1
324949;0
100873;1
309998;1
43352;0
127666;0
287280;1
291978;1
253084;0
179544;0
293414;0
134169;0
108298;1
226258;0
77351;0
314838;1
315039;1
150385;0
162603;1
113670;0
57227;0
243572;1
389446;1
246843;1
249688;0
312042;1
167715;1
363015;1
392006;1
254583;1
275492;0
111788;1
212128;0
203055;1
392099;1
261487;1
12105;1
382692;0
360668;1
44079;0
66197;1
142274;1
408967;1
55494;1
125404;0
228023;0
207289;1
194079;0
10722;1
321282;0
53522;0
133188;0
23133;0
320163;1
132790;1
348737;1
402367;1
22566;1
204858;1
109310;1
200061;1
197150;1
32154;0
228083;1
156225;1
416997;1
130273;1
130909;1
141737;1
37625;0
10017;1
201530;1
68933;1
244102;1
40877;1
311745;1
385264;1
128290;0
39927;0
327833;1
251658;1
221367;0
279368;1
275810;1
82724;1
208782;0
146798;0
77349;0
111993;0
125135;1
107170;1
61162;1
7370;0
276633;1
317849;1
192618;0
373063;1
230974;1
300265;0
143019;1
133256;1
17480;0
279511;0
228516;1
306516;1
285997;1
182858;0
176904;1
195348;1
323534;1
176207;0
281668;0
348133;1
205890;1
377984;1
187909;1
162784;1
300990;1
327034;1
217444;1
22196;1
376460;1
267790;1
303144;1
199593;1
169280;1
349512;0
216178;1
304555;1
190100;0
196545;1
258901;1
260311;1
255113;1
210090;1
150304;1
397083;1
104258;1
256815;0
190969;1
117559;1
310553;1
347846;1
195212;1
83039;0
107739;1
171084;1
217992;1
388666;1
217183;1
218157;1
162246;1
124963;0
261447;1
299726;1
311528;1
302030;1
328458;1
93494;1
244187;1
324026;0
2986;1
315696;0
80742;1
352571;0
180891;1
140910;1
165670;0
237433;1
115236;0
363318;1
321220;1
225984;0
401907;1
283023;1
58717;0
230502;1
224972;1
147831;0
125798;0
371935;1
135254;0
366525;1
155529;1
271192;0
289317;0
114208;0
47864;1
187850;1
27219;0
330185;1
148600;1
304809;1
64777;1
182075;0
153789;0
281386;1
26196;0
238458;1
221747;1
204386;0
203452;1
101694;0
71206;1
96248;1
287365;1
136165;0
288284;1
104148;0
368708;0
314028;0
331021;1
8479;0
341134;1
81514;0
328379;1
380610;1
343402;0
262062;0
296460;1
246897;0
302023;1
8032;0
283817;0
235726;0
338886;1
301971;1
360997;1
309883;1
32601;1
319117;1
353123;0
11659;0
212427;1
151347;0
22871;1
133414;1
28940;1
348786;1
280247;1
217731;1
299479;1
240498;0
231852;1
374956;1
135967;0
186489;1
20338;1
355845;1
169247;1
291869;1
117611;1
314314;1
254832;1
294243;1
224062;1
369943;1
191913;1
39687;0
351416;1
277161;1
52486;0
306983;1
358229;1
149870;1
77646;0
326137;1
136860;1
300202;1
212948;1
126614;0
306672;0
171959;1
205108;1
279265;1
2087;0
90953;0
266430;1
143536;0
244999;1
226984;1
196390;1
194666;1
121806;1
45294;0
47404;0
362792;0
127602;1
173683;1
385145;1
146750;1
398945;1
196242;1
295089;0
350099;0
273457;0
53828;0
19456;1
342647;1
183178;0
121842;1
346822;1
13831;1
20969;1
372427;1
264925;1
236060;1
277877;0
95400;0
39643;0
6907;0
199781;0
73852;0
164163;0
151682;1
343007;1
25776;1
388870;1
176164;0
226836;1
179110;1
335378;1
416345;1
56618;0
67995;0
243987;1
167257;1
126126;1
262775;0
33313;0
52617;0
379024;0
312631;1
190789;0
82023;1
356564;1
241332;1
172231;1
26264;0
22795;1
310222;1
217286;1
177398;0
286313;1
333627;0
213637;0
309354;1
80476;1
138319;1
49557;1
196529;1
174669;0
228472;1
329244;1
156164;1
242899;1
214392;1
245133;1
190252;1
111668;1
144225;1
87438;0
72285;0
112052;0
172033;0
165454;1
218234;0
365276;1
343437;0
83979;1
280260;1
262583;1
234026;1
263602;1
19433;1
138726;1
44856;0
356847;1
8574;1
355262;1
395461;1
385315;1
283848;1
187686;0
280366;1
74700;0
207800;1
109181;1
158593;1
35482;0
109422;1
232377;1
89935;1
357004;0
126735;1
22778;1
226985;1
52702;0
309262;1
199766;1
415918;0
137312;0
369148;1
99753;0
271140;1
342644;1
149251;1
247946;1
254427;0
185834;1
235876;0
244607;1
230281;1
209009;1
358087;1
411056;1
383783;0
185258;0
177715;0
178278;0
229452;0
19091;1
127870;1
62828;1
213698;1
216930;0
44291;0
163230;1
364267;1
20386;0
156699;1
234275;1
378911;1
350714;1
52706;0
369859;1
408862;1
235165;1
174178;1
368534;1
221320;0
344347;1
262251;0
186456;1
198191;0
11272;0
317682;1
23160;0
40488;0
208506;1
204048;1
53422;1
109396;0
112630;0
205960;1
314199;1
270199;1
130718;0
341188;1
189791;1
227245;1
100751;0
364424;0
309476;0
285141;0
31592;1
284858;1
314299;1
204874;1
378012;1
250994;1
163678;1
222334;1
374505;1
83299;0
3079;1
179189;1
195851;1
374826;1
116485;1
372546;1
52583;1
385756;0
262288;1
253975;0
112717;1
196023;1
279435;1
334273;1
256909;1
245326;1
296401;1
110568;0
59655;1
243275;1
177278;1
2388;1
335208;1
393001;1
390177;0
133536;1
377231;1
243700;1
342268;1
378438;1
347888;1
141321;1
285381;1
253926;1
337121;1
159189;1
163325;1
345975;1
207315;1
35936;0
276864;1
313699;1
196071;1
7287;0
208865;1
149177;0
356247;0
269031;1
200690;0
205303;1
181594;1
649;0
390987;0
256981;1
278510;1
67595;0
80922;0
329240;1
268951;1
198709;0
373262;0
365997;1
279654;0
172904;1
118990;0
63338;1
233298;1
271955;1
199918;0
257856;0
107899;0
241628;0
49007;1
263205;1
63367;0
155628;1
397764;1
322568;1
183308;1
179310;1
103670;0
300204;1
185496;1
6710;0
309080;1
162510;0
251818;1
64633;1
303685;1
136924;1
300392;1
190924;1
411282;0
324399;0
125924;0
92394;0
104189;1
354711;1
222745;1
285107;1
107552;0
230676;0
255477;0
325723;1
360049;1
289999;1
209692;1
289092;1
80238;1
233022;1
63141;0
329939;0
273993;1
351926;0
291320;0
277810;1
47998;0
140638;0
3222;1
63428;1
307404;1
251894;1
287886;1
128820;1
386552;1
125697;1
251296;1
200337;1
147418;1
375680;1
128547;1
283507;1
122820;0
215867;1
95173;0
14983;1
153374;1
338240;1
100821;0
285607;1
213588;1
391184;0
218190;1
115149;0
151708;0
208118;1
299410;1
135583;1
298853;1
100247;1
293127;0
388255;1
168884;1
52976;0
202502;1
176697;0
240375;1
103949;1
391862;1
257616;0
354805;1
110370;1
319543;1
162439;1
307549;1
369356;1
285164;1
176528;1
41555;1
400007;1
33301;1
409670;1
202288;1
221716;0
148589;1
11853;0
16118;0
265250;1
172109;1
280088;1
399022;1
292555;1
344091;0
244841;1
236323;1
183847;1
305193;1
251146;0
249005;0
108275;1
150757;1
15628;0
295745;1
1463;1
262486;1
374424;1
165741;1
322277;1
248685;1
131894;1
172408;1
256867;1
298396;1
182949;1
182068;0
353906;1
83449;1
274493;0
163454;1
55106;1
169228;0
46353;0
153756;1
225797;0
152270;1
318368;1
211994;1
289119;0
358411;1
180261;1
20831;0
218815;1
287704;1
371375;1
332630;1
360224;1
195579;1
160527;0
396221;1
338678;1
39114;0
9998;0
166800;1
64048;0
368734;1
353353;1
117159;0
384549;1
376590;1
247075;1
131532;1
140139;1
108746;1
94701;1
58681;1
186509;1
155939;1
106530;1
126003;1
230990;1
202403;1
242950;1
121236;0
242385;0
386178;0
285142;0
394297;1
63691;1
127443;1
219206;1
261470;1
264550;1
403375;1
196990;1
238040;1
261020;1
237488;1
174824;0
52640;1
10960;0
290440;0
126863;1
252143;0
111479;1
411368;0
134983;1
208511;0
240036;1
386784;1
132851;1
4437;0
114587;1
328311;0
123147;0
115815;1
185587;0
193072;0
320702;1
72318;1
139624;1
210443;1
315664;1
49570;0
130804;1
352675;1
5487;0
307107;1
204151;1
176627;0
177921;1
217553;0
263338;1
251171;1
261830;1
8727;0
55899;0
22598;1
92581;1
233237;0
171222;1
253032;1
186587;1
204501;1
277130;1
348107;1
216650;1
175286;1
280697;1
10575;1
281575;1
159959;1
111978;0
359775;1
128669;0
60448;0
183607;1
335444;1
53100;0
156203;0
264339;1
277882;0
219425;1
278971;0
184008;1
328218;1
376063;1
345747;1
146306;0
271487;1
222897;0
44497;0
172012;1
289226;1
129604;1
131853;0
128046;0
211825;1
249235;1
5311;0
173533;1
149724;0
392056;1
304299;1
97321;1
126633;1
411617;1
152768;1
250998;0
238291;1
246111;1
269108;1
21051;1
185411;1
145855;0
400664;1
182452;1
310363;0
131789;1
273364;1
111654;1
338863;1
294773;0
200919;1
393225;1
342547;1
413084;1
166961;0
329305;1
400461;0
389040;1
143590;1
331151;0
135411;1
193506;1
185399;1
349496;1
56475;1
394020;1
331871;1
114175;1
199057;1
182028;1
190005;0
149809;1
13925;0
118210;0
408390;0
215014;1
397487;0
297530;1
350872;1
284558;0
371344;1
164398;0
375957;1
142456;1
389023;1
131888;1
234563;1
263368;1
140049;1
64720;0
365986;1
378420;0
322313;1
318607;1
310000;1
244016;1
174022;1
163380;1
372008;1
251584;1
303860;0
100466;1
174138;1
294464;1
22720;0
365121;1
330099;1
268370;0
153748;1
275480;0
263848;1
10893;1
224453;1
360724;1
212892;1
207106;1
200012;0
297800;0
100023;1
132564;1
178273;0
329377;0
236905;1
349610;1
321064;1
206360;0
396078;1
229739;0
60015;1
193181;0
307442;1
374548;0
250329;1
296395;0
364669;1
159246;0
168582;0
213537;0
213352;1
63918;1
86196;1
272872;1
87580;0
19684;0
391388;0
338119;1
156446;1
144331;1
57942;1
314429;1
321683;1
67452;0
252781;1
25626;1
306164;1
132944;0
131721;1
232756;1
264102;0
159604;1
176719;0
77613;1
1066;1
301589;1
20647;0
12302;0
84994;1
65360;0
102328;1
368551;1
173038;1
3940;1
161885;0
151856;0
127955;1
84653;1
270515;0
73940;0
176826;0
44195;0
156584;1
63886;0
231924;1
211685;1
161500;1
154147;0
202685;1
265041;1
380470;1
99634;1
2259;0
42172;1
102522;1
306531;1
284782;1
159478;1
362852;1
305630;1
405358;1
196791;1
411406;1
170939;1
300139;1
167327;1
171778;1
257383;0
232646;0
319704;1
225933;0
405220;1
263715;1
214800;1
297926;1
333464;0
116318;0
385212;1
175407;1
239320;1
365400;1
321874;1
175571;0
318265;1
398292;1
365129;1
322838;0
59187;1
85043;1
322994;0
166666;0
109553;0
76331;1
104471;1
176848;1
175171;1
288519;1
90854;1
153242;0
19469;1
160556;0
109494;1
150311;0
331547;1
333089;1
280666;0
312822;1
193508;1
290355;1
280305;0
316646;1
372536;1
120957;0
140079;1
164725;1
343168;1
26769;0
121610;1
186948;0
117188;1
104268;1
129057;1
340142;0
340095;1
388288;1
40575;1
398332;0
161030;0
202674;1
169675;1
94489;0
248243;1
234836;1
311514;1
143417;1
231947;1
377138;1
265300;0
119421;1
132729;1
27459;0
371065;1
14220;0
168750;0
398283;1
126218;1
164586;1
143932;1
37280;0
366453;1
175698;1
13750;1
277306;1
116320;0
187458;0
83447;1
332024;1
299425;1
212819;1
181040;0
232608;1
184326;0
313936;1
164560;0
361527;1
113061;1
120445;1
195817;1
367832;1
176649;1
274477;1
108491;0
62018;1
177509;1
256898;0
381179;1
321521;1
169962;1
235920;1
247283;1
140152;1
352971;1
315673;1
162211;0
182882;1
86010;0
259654;1
32492;1
98498;1
406112;1
110507;1
162935;1
109797;1
89334;1
306243;1
244502;1
271446;1
71282;1
263317;1
252421;0
130503;1
20169;1
378293;1
360507;1
288733;1
378722;1
334177;1
157882;1
146384;1
353017;0
86676;1
134400;1
319746;0
87404;1
354003;1
142270;1
181286;1
108027;1
35446;1
12285;0
88615;0
281293;1
252149;1
253790;1
120509;1
370602;0
295423;1
234647;1
167009;1
281457;0
201627;0
146556;0
238465;1
417373;1
343752;1
103984;1
189970;0
353294;1
260293;1
31049;0
358417;1
286509;1
401288;1
371688;1
35452;0
245064;1
302684;1
23605;1
82429;0
239962;1
96406;1
87096;1
163906;0
376605;1
150620;0
184944;0
244878;1
135469;0
92051;1
49297;1
135528;1
58720;1
405459;1
9515;1
161756;1
237745;1
234872;1
2963;0
11119;0
246728;1
106353;0
211420;1
198003;0
235497;1
21886;1
100684;1
330015;1
178861;1
278574;1
275748;1
210828;0
69325;0
177516;1
127756;0
192783;1
386804;1
10778;0
234533;0
100979;0
371054;1
142228;0
53536;0
12121;1
146251;1
303061;1
312302;1
60132;1
359440;1
155953;1
312841;1
351042;1
68353;0
357183;1
136691;0
333093;1
95883;0
266286;1
80232;0
275978;1
412357;1
224701;1
157817;1
122738;0
291428;1
21589;0
271973;0
16937;0
332230;1
378444;1
266104;1
202240;1
62133;1
255854;1
163057;1
148229;0
199530;0
230099;0
79944;1
116130;0
368793;1
216655;1
138746;0
279029;1
217248;1
169363;1
218688;1
326779;1
110037;1
160662;1
127148;1
23685;0
212722;0
270816;1
186641;1
153574;1
185984;1
166679;0
243639;1
170874;1
209899;1
197952;0
157848;1
364472;0
258353;1
337643;0
184427;1
324323;1
181963;1
290015;1
112591;1
183484;0
341710;0
22560;0
150686;1
186146;1
113479;1
277902;1
121648;1
55586;1
301529;1
213230;1
318404;0
394783;1
133496;0
260319;1
178821;0
329048;0
290505;0
128817;1
99959;1
332375;0
192079;0
189606;1
333803;1
74542;1
315201;0
294560;1
99330;1
206454;1
250332;1
407285;1
209597;0
218292;1
97424;1
239811;1
195770;1
161599;1
281557;1
163468;1
190486;0
349278;1
330287;1
144716;0
111970;0
33098;0
359028;1
324224;0
23820;0
127354;0
83770;1
375563;1
135519;1
276485;1
379373;1
153305;0
146644;1
310508;1
154569;1
143762;0
91010;1
240876;1
234451;0
353748;1
140671;1
153532;1
142146;0
5328;0
301770;1
262642;1
164625;1
30584;0
223301;0
243562;1
142287;1
320002;1
288034;1
325410;1
160681;1
231500;0
257235;1
75052;0
368784;1
362403;1
104664;1
72083;1
266007;1
28937;0
125490;1
357178;1
285036;1
46327;0
145192;0
316668;1
13274;0
259777;1
269063;1
195186;1
245303;1
224011;1
197042;1
213524;1
103614;1
237519;1
315143;1
175263;0
151982;0
203143;1
137395;0
202516;0
357824;1
326174;1
112165;1
81493;1
113458;1
262752;1
139796;0
170235;0
157080;1
333666;0
93873;0
83458;0
144092;1
324233;1
372804;1
82848;0
216013;1
245037;1
361998;0
172962;1
54457;0
132902;1
347787;0
99696;0
140953;0
173005;1
193213;1
103363;0
152268;1
128995;0
139069;0
256663;1
275962;1
218380;0
15030;0
164508;0
117331;1
47370;0
309496;0
333145;1
385055;1
43394;1
340662;1
213612;1
198942;1
245113;1
140936;0
8933;1
111365;1
305601;1
410725;0
375778;1
123053;0
389870;1
230316;1
152718;0
195219;1
46688;0
5764;0
174564;0
157952;1
20640;0
230499;1
123137;1
241280;1
248856;1
63652;0
13717;0
67314;0
142288;1
267940;1
257234;1
55545;1
302158;1
328103;1
216818;1
222830;0
362083;0
152944;0
63578;1
146516;0
16198;0
287955;1
168717;0
305528;0
41378;1
194453;1
166930;1
150891;1
338512;1
394869;1
81169;1
194658;1
169905;1
177966;0
275586;0
182183;1
1293;0
397839;0
268468;0
217982;1
357538;1
311289;1
111276;0
254661;1
299741;1
235336;1
375969;0
144625;0
196017;1
283827;0
329690;1
195076;1
10823;0
303800;1
204925;1
195041;0
321407;1
399038;1
184625;1
109188;0
100546;1
251760;0
8644;1
123115;0
206083;1
148403;1
187391;0
362845;1
277662;1
150639;1
217307;1
248315;0
359428;1
371989;1
9080;0
104256;1
168917;1
246620;1
207240;1
372138;1
353376;1
223884;1
142883;0
191530;1
102836;0
278253;1
321039;0
93176;0
71406;1
184682;1
220342;1
141885;1
399374;1
71753;0
36836;0
248380;1
371049;1
269061;1
174800;1
12571;0
154620;1
78839;1
240246;0
311384;1
256670;0
310841;0
70471;0
148394;0
196667;0
257808;0
4722;0
268424;1
140380;1
308250;0
334932;1
233097;1
263951;1
176165;1
335993;1
262420;0
40312;1
405517;1
185427;0
61478;1
370730;1
227023;1
276554;1
332190;1
218436;1
195969;1
393338;1
341082;1
269021;1
84081;0
105438;1
208089;1
103857;1
218302;1
335974;1
187539;1
173973;1
120887;1
399458;1
138870;0
99704;1
126607;1
178743;1
175806;1
409619;0
50949;1
68622;1
298207;1
180340;1
155001;0
119262;0
155744;1
163014;1
264049;1
24755;0
367519;0
64675;1
111411;0
123878;1
361191;0
408603;1
345055;1
176372;1
52500;1
64304;1
237959;0
213912;1
328393;1
257182;1
378801;1
117136;1
188476;1
262028;1
155800;1
189899;1
242343;1
107237;1
259381;1
250316;1
120412;0
245705;1
182962;1
213189;1
97555;0
226682;1
323635;1
221340;1
355684;1
51221;0
94850;0
201093;0
263742;1
143842;0
66708;1
221131;1
239883;1
193401;0
323116;1
118691;0
292770;1
232243;1
174074;1
103975;1
331545;1
221904;1
217896;1
242391;1
386179;1
274126;1
275819;0
286353;1
178820;1
278696;1
379422;1
79317;0
6615;0
248091;1
183889;1
340333;1
207253;0
362113;0
126111;1
267076;1
118542;1
339783;0
217043;1
33725;0
154765;0
232640;1
285214;1
123987;1
14372;1
105376;0
357523;1
136811;1
173717;1
203300;1
134964;1
215469;1
221023;1
120126;0
16767;0
100510;1
169849;1
124230;0
278607;0
252455;1
88774;0
150990;1
20753;0
211355;1
200944;1
141619;0
251711;1
181049;1
142122;0
311454;1
88650;0
190603;1
379683;1
253491;1
297001;1
194550;1
47806;1
284849;1
238789;0
168281;1
67919;0
363824;0
117707;1
302021;1
187782;1
56257;1
189894;1
134306;1
353404;1
211492;1
186818;0
50243;1
252645;0
108778;0
239340;1
136145;1
122109;1
275756;1
218247;1
297932;1
344013;0
235286;1
138805;0
127263;0
288744;1
273690;0
371466;1
3094;0
171291;1
202481;1
158125;1
329324;1
85096;0
266811;1
318398;1
123653;0
411286;1
196729;1
361130;0
241586;1
278579;1
176020;0
168244;1
64577;1
208064;1
176604;0
120080;0
186580;1
343607;1
165372;1
277242;1
212987;1
63462;0
208666;1
199735;0
286343;1
125026;1
345616;1
160000;0
389349;1
149474;1
42222;0
84391;0
214602;1
192375;1
8421;0
96089;0
159306;1
302763;1
225886;0
237871;1
113406;1
46989;1
358816;0
9935;0
377712;1
141766;0
259042;0
15164;0
272591;1
178279;1
278488;0
290878;0
145570;1
111988;1
69170;1
58774;0
361949;1
337240;1
138388;1
158837;0
402939;0
110618;1
363225;1
58481;0
288815;1
293803;1
324374;1
299089;1
184138;1
328554;1
387128;1
138684;1
299193;1
151659;1
249044;1
243271;0
192016;0
321151;1
78231;1
264707;1
260272;1
180345;0
150380;1
161973;0
414200;1
180092;1
27775;0
52095;1
326845;1
302837;0
172852;1
165736;1
174639;1
266990;1
259312;0
208188;1
104153;1
344464;0
286406;1
55651;1
385566;1
343711;0
178488;1
191018;1
334031;0
322997;0
237934;0
112102;0
310458;0
398007;0
214969;1
386758;1
135087;1
362085;1
163317;1
155102;1
379617;1
107977;1
173815;1
50281;0
135945;0
145444;0
135699;1
306874;1
303080;1
313941;0
39929;1
194487;1
286530;1
207997;1
55629;1
138218;1
386907;1
411591;0
167194;0
243951;1
240847;0
352677;1
212243;0
234143;1
353275;1
362467;0
112723;1
165502;0
158568;1
232545;1
118006;0
56208;1
370820;0
104011;1
350416;1
16342;0
214101;1
188966;0
191661;1
355174;1
117446;0
80241;1
270483;1
160033;0
110126;0
235075;1
156702;0
94104;0
275276;1
388351;1
29080;1
185751;1
201015;1
91777;1
167812;1
275701;1
5984;1
152769;0
89720;1
368191;1
87030;0
307342;0
32740;0
244522;1
280797;1
297334;1
83477;1
318308;1
250772;0
98784;1
346665;1
359141;1
177971;1
226993;1
332843;1
394286;0
259624;0
143471;1
402297;1
383359;1
394846;1
246037;1
245636;1
404968;1
145197;1
241816;1
284607;1
337517;1
355903;1
412716;1
43092;1
129247;0
232406;1
272778;1
103969;1
357694;1
146330;1
4935;0
11150;1
144677;0
287694;1
196425;1
263451;1
354725;1
128839;1
233855;1
212683;1
320016;1
143063;1
358616;1
299416;1
46656;1
312814;1
12100;0
124588;0
294069;0
106015;0
380343;0
72724;0
232881;1
206007;1
295888;1
191437;1
119139;1
261313;1
98689;1
6901;0
161354;1
184103;0
227412;1
319284;1
275548;1
405442;1
136077;0
317317;1
143522;0
185707;0
64678;0
261612;1
93812;0
191370;1
129125;1
282068;0
142463;1
16509;1
100634;1
208190;1
390857;1
45976;0
106069;0
9768;0
263372;1
27799;0
189286;1
208277;1
24583;1
178629;1
88123;0
362973;1
108607;1
131214;0
190842;0
320623;1
243935;1
306681;0
315139;0
137016;0
3247;1
317385;1
127670;1
391242;0
408567;1
26183;0
225580;1
320622;0
343563;0
225842;0
326189;1
168630;1
286464;0
159971;1
402694;0
251125;1
175466;0
80788;1
70329;0
261868;1
201974;1
276962;0
209960;0
131726;1
177122;0
316020;0
121456;1
122962;0
269008;0
49191;0
213724;1
288773;1
278501;0
221390;1
335900;1
72365;1
134795;0
308798;1
367867;0
253708;0
309481;1
152574;0
161808;0
115645;0
165074;1
187006;1
239062;1
68224;0
173750;1
82660;1
312883;0
524;0
173510;1
308422;1
58849;1
273177;0
80949;1
119648;1
409565;1
304362;1
84243;0
366182;1
329926;1
23334;0
13109;0
55640;0
175810;0
285992;1
216591;1
166851;1
393618;1
272756;1
82220;0
169772;1
350738;0
204601;1
302133;1
283229;0
38059;0
155433;1
53731;0
231542;0
287824;1
14340;0
43385;0
279398;0
123270;1
67841;1
313751;0
376926;1
322866;1
319390;1
62659;1
104494;1
33266;0
147787;1
11125;0
185859;1
317424;1
192665;1
79855;1
35872;0
190856;1
132686;1
196804;1
140050;0
371032;1
64546;1
141901;1
11552;0
104007;1
14464;0
414986;0
165839;1
115055;1
267069;1
28790;0
155376;0
159119;1
173783;1
241067;1
7791;1
201448;1
271235;1
26178;0
373918;1
80098;1
153898;1
133251;0
180329;1
156922;1
53528;0
75522;1
244838;1
18654;0
78400;1
281314;1
19963;1
204731;0
143123;0
143758;1
230131;1
65555;1
141610;1
271897;0
290332;1
211900;0
81369;1
83498;0
186289;1
145858;1
392307;1
102186;0
134362;1
74363;1
230816;1
197517;0
245565;1
206161;1
229695;0
222535;1
157030;1
351232;0
207561;1
209663;1
26877;0
239236;0
285020;0
217989;0
68511;1
27344;0
232628;1
127281;0
383101;1
23323;1
287424;1
239103;0
124118;0
395427;1
192667;1
175706;0
119192;0
324221;1
167333;1
19125;1
126951;1
394934;1
194099;1
248650;1
175228;1
43953;1
396477;0
273865;1
130533;1
147977;1
208049;1
154194;0
399363;1
306276;0
326801;0
5378;0
286843;1
150537;1
141547;1
48034;0
163413;1
402;0
79966;1
264110;1
227527;1
306181;1
354680;1
20821;1
90474;1
201844;0
369651;1
332627;1
293132;1
372321;0
279538;1
150125;1
394722;1
225571;1
347677;1
123249;0
80783;1
58660;0
242284;0
327653;0
140165;1
379501;1
113751;1
229607;0
42441;0
81192;1
215764;1
118917;1
149083;0
303888;1
338442;0
231982;0
354442;1
90602;1
336748;1
400960;1
65141;1
187389;0
19275;0
226351;1
129051;1
152530;1
84646;0
110831;0
408735;1
176232;1
344639;1
271204;0
265409;1
256017;1
195808;1
376849;0
161732;1
179407;1
108317;1
266737;1
199929;1
162221;1
218442;1
374212;0
240211;1
331617;0
138151;1
43011;1
260297;1
144240;1
193735;0
300915;1
310489;1
160360;1
10570;0
52082;0
254858;1
378011;1
384840;1
380924;1
40333;1
288115;1
138229;1
179855;0
393822;0
86209;0
290201;1
114356;1
82779;0
868;0
129628;0
323002;1
127504;1
319759;1
312683;1
148068;0
108665;1
177485;0
384494;1
260928;1
225217;1
212731;1
141713;1
271878;0
332593;1
257103;0
150994;1
204994;1
44371;1
204452;1
150734;0
379673;1
344906;1
95145;0
387624;1
340152;1
135728;0
310075;1
346523;1
223174;0
231644;1
31268;0
395958;1
221338;1
44816;0
8530;0
293101;0
384319;1
113386;1
267513;0
132328;1
125113;1
239645;1
181678;0
362483;1
160490;1
167461;1
96901;1
164379;0
258261;0
389460;1
61078;1
267260;1
385801;1
245084;1
236091;1
412682;1
106356;0
306242;1
349823;1
390418;1
179740;1
144544;1
78154;0
81794;0
250083;0
220018;0
261767;1
379738;0
351776;1
153791;1
95531;0
222811;1
223931;1
5486;0
183144;1
16369;0
151162;1
337224;1
28472;1
326723;1
23964;1
223412;1
217429;1
288734;1
353822;1
176261;1
317171;0
274308;1
324966;1
38389;0
43867;1
53721;0
64161;1
58958;1
267138;1
326751;1
5742;0
286502;1
383319;1
104368;1
204928;0
247806;1
200336;1
125945;1
298253;1
102775;1
133879;1
128225;0
168690;0
107248;1
369501;1
299411;1
261099;1
309449;0
276799;1
380681;1
286169;1
20110;0
254452;1
184146;1
328992;1
106857;1
245394;1
181313;1
280845;1
189501;1
303660;1
284191;1
119298;0
211700;0
27551;0
227028;1
397962;1
259315;1
36445;0
197455;1
365204;1
134006;0
385852;1
199281;0
42267;0
233524;1
294509;0
368313;1
203503;0
127044;1
55417;0
157679;1
228282;1
116768;1
173513;1
260652;1
40682;0
309366;0
329671;1
401748;0
361579;1
90896;0
228818;0
105350;0
67907;1
60832;1
72051;1
343928;1
60464;0
157388;1
293468;1
139339;1
233719;1
160625;1
323803;0
309594;1
135795;0
143074;0
52055;1
234955;1
143033;0
317276;1
296329;1
27830;0
179848;0
358073;1
265726;1
303553;1
317245;1
114409;1
252332;0
328098;0
105494;1
143682;1
288583;1
204144;0
195365;1
258082;0
13238;0
102248;1
313270;1
94414;0
260936;1
242926;1
330955;1
158433;1
328630;1
243939;1
288840;1
237445;1
407426;1
383061;0
413380;0
162227;0
396773;1
106605;1
235229;1
381778;1
279420;1
219230;1
203794;1
290773;1
270854;1
132739;0
194887;1
345048;1
392038;1
89190;0
282167;1
56490;1
197889;1
265288;1
149614;1
390787;1
374854;1
164997;1
152254;0
251352;1
110419;0
210761;1
131117;1
341064;1
206888;0
250968;1
20383;0
63736;0
209191;1
39358;0
143342;1
250424;1
281670;1
102298;1
207090;1
157665;1
326770;1
148802;1
144598;0
380356;1
125912;0
232397;0
199290;1
245467;1
24609;0
184512;0
120910;1
298395;1
234234;1
216852;1
29565;0
309564;0
210339;1
346099;0
86755;0
280229;0
249644;0
88319;1
92588;0
148755;1
323720;1
263480;1
354662;1
337273;1
131101;1
284979;0
113830;1
277972;1
225934;0
380425;1
109436;0
224471;0
395964;1
316811;1
347643;1
342786;1
374007;1
313774;0
162623;1
118409;1
382882;1
355992;1
221502;1
377098;1
55467;0
289561;1
129827;1
214413;1
287582;1
103046;1
11423;1
194294;1
248088;1
247378;0
166608;1
333563;1
189689;1
193201;1
229229;0
200092;1
207642;1
151487;1
331158;0
228275;1
160041;1
342064;1
365325;1
175436;1
355036;1
280947;1
209718;1
390769;1
284268;1
166833;0
363708;1
11867;1
370053;1
266783;1
307314;0
385813;1
369217;1
357116;1
322135;1
145395;1
212540;0
199493;1
332616;1
254526;1
263844;0
25429;0
157250;1
312051;1
236295;0
390753;1
201810;1
381750;0
279495;1
362915;1
194920;1
304087;1
137456;1
258646;1
47151;1
213863;1
112554;0
301103;1
362637;1
281501;1
351247;1
399422;0
48505;0
248965;1
221789;1
238936;1
360430;1
239719;1
224045;0
334689;1
287783;1
80950;0
275869;1
194775;0
332324;1
112372;0
375446;1
383506;1
324278;1
339643;1
279494;1
215230;0
224332;1
191908;1
38597;0
134841;1
372187;1
67027;1
122340;0
18666;0
278531;1
379751;1
230995;0
219928;0
352719;1
369767;1
318900;1
310084;1
230560;1
275175;1
307416;1
98141;0
344730;0
413262;0
64060;1
219149;0
49637;1
172329;1
178718;0
168831;0
111637;1
77424;0
374000;1
340875;1
177275;1
338048;1
72257;1
243440;1
295656;1
238392;1
214289;0
312850;1
114283;0
204650;1
277129;1
168487;0
357788;1
156151;1
214047;1
38139;1
357255;1
397954;1
236596;1
118839;1
222867;1
281079;0
92026;0
258560;0
198825;1
249166;1
328785;0
255222;1
104826;0
379874;1
208822;1
171465;1
191425;0
246107;1
76856;0
125678;1
55882;1
185220;1
106412;0
198131;0
135402;0
140014;1
48093;0
126215;0
317779;1
351707;1
144139;1
190293;0
333114;1
62992;1
314204;1
205968;1
274457;1
253127;0
281360;1
22830;0
364929;1
157557;0
200298;0
259496;1
86192;0
149885;1
359932;1
278108;1
319777;1
262027;1
241414;1
39797;1
71443;1
2898;0
150949;0
56754;0
158249;0
99662;0
135023;0
44505;0
241061;1
154540;1
316107;0
37221;0
318285;1
378552;1
174322;0
404831;1
127167;1
259369;1
26934;0
85866;1
101513;0
312172;0
352272;0
352898;1
206256;0
240744;1
307320;1
213171;1
157886;1
402158;1
40565;0
32141;0
342617;1
218653;1
316324;1
359276;1
192438;1
96122;1
310640;1
205189;1
160688;1
205354;1
189916;1
226458;1
239364;0
378331;0
258027;0
197773;1
8931;1
62532;1
291661;0
188352;0
11495;1
150947;0
98807;0
179204;1
184795;0
16584;0
283489;1
214030;1
240514;1
385378;1
221790;1
272491;1
283771;0
307859;1
114099;1
399033;1
262894;0
180648;1
36174;0
344997;1
119476;0
318116;1
63580;1
104623;1
339638;1
349879;1
160067;0
290099;0
140770;1
45148;0
240064;1
202947;1
239785;1
192376;1
129829;1
283518;1
140242;0
84780;0
93547;0
17042;0
189768;1
312705;1
1645;0
28350;0
148787;1
162369;1
280269;1
31338;1
223766;1
201068;0
92072;0
250888;1
354912;0
2705;0
193313;1
363526;1
129588;1
57635;1
307113;1
182185;1
313245;0
45297;0
172661;1
182525;1
113577;1
346926;1
219322;1
294400;1
152203;1
43232;0
328119;1
230230;1
134817;0
338412;1
20917;1
348025;1
149417;1
229926;1
357201;1
225808;1
48935;0
49063;1
132399;1
357231;1
46035;0
405551;1
164034;1
155782;1
59918;0
102829;1
331607;1
330126;1
13544;1
95484;0
37676;0
328974;1
201383;1
181729;0
272864;1
260776;0
188547;0
258042;0
105675;0
126147;1
296321;1
201208;1
172690;1
319373;1
378712;1
222273;1
80865;0
136105;1
154588;0
99079;1
252407;1
344007;1
353669;1
294751;1
291464;1
146207;1
301027;1
161101;0
263757;1
60685;1
53847;1
335308;0
128763;1
334759;1
198795;0
287239;0
221992;1
330666;1
224164;1
1800;0
4093;0
150612;1
243783;1
121295;0
156163;1
239534;1
340062;1
288094;1
91933;1
375762;1
99142;1
152291;1
176686;0
383113;1
337801;0
354358;1
129261;1
242362;0
168249;1
125168;0
300535;1
50959;1
158511;1
403354;1
283049;1
351466;1
219977;0
18410;1
387187;1
324843;1
86905;1
80618;1
260469;1
108412;0
203080;0
364995;1
228876;0
101983;1
382728;1
178344;1
386659;1
214416;1
226046;0
415817;0
157235;0
300071;1
226011;1
71145;1
162287;1
319336;0
182510;0
23092;1
144647;0
231356;1
102653;1
239484;1
147222;0
248595;1
84411;0
199955;1
290329;0
171615;1
165764;1
103262;1
62084;1
78108;0
341734;1
346766;0
375150;1
130511;1
179526;1
385076;1
244969;1
403678;1
292792;0
136378;1
264413;1
355370;1
47474;1
208232;1
152802;1
265774;1
233661;1
289790;1
111140;1
402706;1
382229;0
143434;1
34725;0
69410;0
293629;1
137906;0
215090;1
388883;0
168946;1
317185;1
16779;0
390762;0
205507;1
12305;1
351660;1
64787;1
272098;0
249514;1
87813;0
174020;1
351445;1
50568;0
228904;1
401598;1
219668;1
96684;0
169140;1
169082;1
377236;1
382373;1
284583;1
73678;0
365079;0
251585;1
137125;0
340957;1
74298;0
305972;1
105379;0
207581;1
252832;1
226501;1
126253;0
98514;1
282772;1
186032;1
178666;1
340743;0
165464;0
248244;1
155962;1
36103;0
284559;0
73436;1
330128;1
348667;1
418571;1
300992;0
380392;1
297596;1
285397;1
166912;1
149169;1
144474;0
110325;1
160125;1
237882;0
274311;0
386684;0
334052;1
317346;1
55947;1
37162;0
383134;1
389484;1
176015;0
220648;1
83897;1
102426;1
146512;1
77640;1
198286;1
186411;1
365415;1
397506;1
182339;1
299300;0
259046;1
268018;1
61665;0
106996;0
235444;0
166848;1
316936;1
255364;1
391423;1
39444;0
21397;1
41425;1
198925;0
102906;1
295642;1
148204;0
108002;1
181994;1
26702;0
251716;1
198529;1
370876;1
78222;1
74962;1
192101;0
20819;0
139658;0
249583;1
109649;0
295788;0
250227;1
176939;1
258399;0
349861;0
87896;0
364881;1
200877;1
121608;1
236183;1
340674;0
323189;0
342561;1
32515;1
118109;0
1972;0
194976;1
339305;1
147048;1
371387;0
210664;1
386281;0
121584;1
264210;1
120424;0
192096;0
158882;0
230159;0
216543;1
186559;1
221040;1
158630;0
180087;0
326423;1
244469;1
140986;0
401445;0
414588;0
377811;1
271075;1
383023;0
226126;0
295052;1
192085;0
224655;1
89005;0
239943;1
162270;1
291584;0
262346;1
303634;1
181980;1
320616;0
155860;1
12460;1
73612;0
248710;1
96966;0
296333;0
109651;0
348593;0
186991;1
80553;1
367712;1
344150;1
109038;0
126757;0
239164;0
87223;1
347960;1
281420;0
361766;1
143086;1
9486;0
90575;1
375321;1
145664;1
61136;0
605;0
291971;1
47729;1
340740;1
249747;1
272282;1
104041;1
60025;0
233387;1
20700;0
91735;1
380121;0
197448;1
311078;1
383498;0
302375;1
251000;1
366435;1
162360;0
272697;1
72013;1
230688;0
130598;1
33281;1
181703;0
115687;0
220130;1
248172;1
242308;1
366237;1
182454;1
101931;0
415121;0
21637;0
240358;1
37185;0
11283;0
271761;1
289011;1
284363;1
226118;1
72983;0
336129;0
279082;0
258704;1
321522;1
347611;1
63085;1
138481;1
209795;1
210697;1
398745;1
117816;1
287058;1
265850;1
244058;0
259026;1
173192;0
351839;1
200710;1
172599;1
333120;1
375693;1
214277;0
176592;1
325516;1
273136;1
330962;1
134726;1
265226;1
262657;1
186725;1
270829;1
245847;1
86788;0
361492;0
294026;0
341121;1
226338;1
89101;0
252082;1
253401;0
179158;1
247811;1
283426;1
38229;1
186871;1
269723;1
329760;1
273635;1
386396;1
195471;1
401341;1
376728;1
355669;1
304640;1
341145;1
35369;0
112381;0
65983;1
163485;0
325289;0
64569;1
316141;1
323421;1
137238;1
89358;0
101867;0
64265;1
221840;0
91924;1
405467;1
332035;1
189376;0
364859;1
393815;1
204136;1
128349;1
152858;1
281067;1
238241;1
158494;0
93670;1
407224;1
378496;1
219259;1
366542;0
410354;0
21259;0
257039;1
108085;1
160523;1
45123;1
130846;1
97339;1
346342;1
103686;1
127096;1
270177;1
163114;1
253268;1
19534;1
163729;1
290685;0
70125;1
358807;1
259625;1
253671;1
379942;1
32325;0
46258;1
80900;1
384163;1
156539;1
151477;0
281988;1
324234;1
357594;1
202443;0
100324;0
253702;1
112161;1
160234;1
222161;1
149568;1
16032;1
50614;1
2783;1
117649;1
303262;1
107316;1
86804;0
389151;1
246163;1
35838;0
295189;1
86924;0
6670;0
22580;1
148599;0
251653;1
202541;1
29094;0
411802;0
144438;0
252393;1
98934;1
366356;1
192788;1
193778;1
8732;0
376263;1
310051;0
84826;1
374341;1
280764;1
240400;1
117352;1
241960;1
60855;0
400223;1
166252;0
370267;1
3771;0
137626;0
46249;0
49286;1
173852;0
302866;1
298409;1
134745;0
202509;1
80360;1
256399;1
186942;1
168270;1
191510;0
187082;1
297177;1
386822;0
122287;1
135047;1
128586;0
347332;1
104228;0
29423;0
133687;1
385978;1
278949;1
313574;1
410937;1
401619;0
133825;1
94663;0
35592;0
400748;1
407651;1
402823;1
121663;0
74875;1
21669;0
165166;1
107340;1
120756;0
354794;1
267822;1
403266;0
284103;0
283443;0
361972;0
154967;1
296555;1
8170;1
269873;1
297976;1
243067;1
222361;0
214873;0
218597;0
259110;1
363423;1
75447;1
253011;0
218727;1
408602;1
325432;1
183744;0
40336;0
114708;1
122388;0
107376;0
116990;1
207260;1
266712;0
236118;1
87298;0
338194;0
256506;1
7429;0
326312;1
359280;1
209404;1
396421;1
218430;1
290793;1
283128;1
179673;1
207008;1
298814;1
323297;1
156290;1
303914;1
65202;1
191258;1
109423;1
172720;1
157927;1
7655;0
112894;0
358113;1
101158;0
346192;1
133723;1
102506;0
155819;1
49603;1
102092;0
332460;1
80939;0
163360;1
97311;0
251403;1
147011;1
307044;1
97849;0
326465;1
91549;0
362092;1
79553;0
357094;1
165874;1
194428;1
193542;1
71432;1
239294;1
284823;1
105828;1
150566;1
285852;0
208372;1
72450;1
162466;1
150706;1
57586;0
191692;1
191432;0
261205;1
300488;0
229915;1
375363;1
330924;1
147438;1
161586;0
126802;0
73492;1
320809;1
248668;1
150402;1
119276;0
114465;0
225746;0
175355;1
72725;0
309188;1
303548;0
312161;0
407085;0
158434;1
343735;1
362444;1
223156;1
328135;1
180449;1
4329;0
145551;0
238864;1
355946;1
148799;0
97127;0
134978;1
283107;1
361131;1
269344;1
373590;1
180693;1
184658;0
128;0
336351;1
353262;1
13665;0
14591;0
356756;1
207318;1
251094;1
211318;1
351336;1
192235;0
207981;1
140692;0
266551;0
302774;1
39331;0
103452;1
265621;1
275814;1
167743;1
360031;1
88546;1
112352;1
251701;0
392578;1
7146;1
293961;1
109821;0
169217;1
301126;1
253620;1
351697;1
139454;1
369051;1
287998;1
52956;1
154077;1
199354;0
162306;1
198676;1
246922;1
165852;1
214206;1
6640;0
375121;0
331259;1
133584;1
224483;1
109399;1
269438;0
208243;1
400667;1
22346;1
158423;1
352150;0
108825;1
329224;1
86980;1
353384;0
66339;0
237683;1
298973;1
56317;1
145511;0
372527;1
54138;1
320434;1
166397;1
284773;1
144162;1
237391;1
250608;1
199443;0
63126;0
216558;1
262079;1
372483;0
130608;0
80309;1
206324;1
386497;1
91602;1
243081;1
278663;1
257783;1
144489;1
101984;0
207784;1
330654;0
208831;1
398667;0
343910;0
165652;0
49414;0
220353;1
132677;0
115305;0
60019;0
175437;1
60585;0
385367;1
71160;1
213780;1
129736;1
129188;1
358365;1
266183;1
68857;0
223180;1
133599;0
193303;0
347527;1
161315;0
181509;0
60457;1
239366;1
282565;1
385727;1
370406;1
60775;0
79611;1
361018;0
21741;1
225466;1
8440;0
117280;0
283929;1
61132;1
215795;1
2841;0
389716;1
243847;1
254493;1
241841;1
241490;1
109572;1
66082;0
305888;1
75311;0
172071;1
273977;1
377245;1
353882;1
200262;1
303243;1
266212;1
164731;0
260256;1
36921;1
197900;1
259003;1
208460;1
250144;1
112246;1
196836;1
131051;1
224962;1
182034;0
297670;1
236135;1
372152;1
146722;1
219708;1
175494;1
107177;1
176131;1
38270;1
309880;1
208841;1
336266;1
92855;0
22336;0
242143;1
111490;1
177645;1
139814;1
51122;0
190517;1
263448;1
193682;1
186079;0
274934;1
324853;1
136438;0
291089;1
241760;1
152873;1
22525;0
178817;1
399273;1
136882;0
368645;1
130969;0
170390;1
179931;1
109496;1
230010;1
286180;1
185108;1
12451;1
200596;0
405151;1
135070;1
401099;0
378303;1
281775;1
293715;1
175769;1
363291;1
307570;0
226328;1
30391;1
314886;1
235777;1
293053;1
186078;1
125696;1
141002;0
321269;1
213503;0
115573;0
18268;0
361206;1
176830;1
299320;1
182005;1
134415;1
32420;1
102404;1
381473;1
297838;1
407181;1
398376;1
336080;1
250445;1
46314;1
184367;1
141295;0
166124;1
161009;0
92665;0
248203;0
202270;1
296254;1
154486;1
272844;1
385140;1
164836;0
354735;0
135485;1
370844;1
332058;1
173951;1
105069;0
112379;0
201185;1
97786;0
253569;1
306107;1
342521;1
136783;1
347666;1
126650;1
118868;1
249941;1
5755;0
100285;0
285942;0
315333;0
145098;1
234792;1
318379;1
99977;1
167409;1
313346;1
27855;0
231555;1
346610;1
47100;0
103993;1
256566;0
153429;0
318205;0
230100;1
93240;1
75095;0
267449;1
254568;1
335446;0
265088;1
195035;0
385440;0
34;1
659;0
6598;0
253524;1
336307;1
118476;1
39411;0
131577;1
415578;1
61784;1
108884;0
248420;1
328151;0
111614;0
125579;0
262742;1
116582;0
264150;1
132014;0
185024;0
302750;1
278116;1
232938;1
396382;1
230514;1
304107;0
205151;0
141123;1
175268;1
127100;1
131663;1
314015;0
115022;0
108449;1
322792;0
224459;1
308076;1
358651;1
351222;1
127406;1
200129;0
142466;1
218207;0
90078;0
173549;0
5076;1
196046;1
373520;1
343864;1
341527;0
30350;0
74412;1
25863;1
183433;0
30428;0
268906;1
47539;1
196608;1
214169;1
240901;1
246966;1
346339;0
318366;0
169762;1
212320;0
221224;1
301610;1
330810;1
196788;1
97260;1
178044;1
207373;0
214577;0
173909;1
293231;1
311106;0
166765;1
28892;1
357683;0
348018;0
190635;1
101592;0
45296;0
99324;0
334143;0
354977;1
219300;1
217734;1
370033;1
363363;1
296693;1
341361;1
210694;1
255279;1
99460;1
358672;0
183203;1
226347;0
407784;0
138349;1
309091;1
312052;1
251119;1
278336;1
168456;1
104789;1
91100;1
23270;1
307382;1
128240;0
240318;1
269695;1
126222;1
44179;0
202393;0
141855;0
77107;1
317581;1
117367;0
295874;1
120544;0
177912;1
273367;1
62595;1
155872;1
11597;1
114759;1
66353;0
130173;1
27778;0
275715;1
63944;1
237916;1
149946;1
171859;1
157552;0
377881;1
369915;1
375647;1
118786;1
377186;1
180778;1
292077;1
206796;1
112216;1
350320;1
88402;0
267074;1
86011;0
74177;0
327433;1
173041;1
341801;1
307247;1
233740;1
355083;0
269502;1
228318;1
395113;1
302012;1
317448;0
312350;0
150636;1
362722;1
297871;1
301659;1
157201;1
92644;1
216437;0
292787;1
294225;1
165474;0
397102;1
50261;1
181611;1
253701;1
3319;0
393809;1
228488;1
217358;1
358172;1
321359;1
148873;0
52001;1
161924;1
138002;1
256006;1
397759;1
315138;1
75242;1
280461;1
214407;1
273378;1
269500;1
70407;1
110428;1
197619;0
359818;1
33935;0
236494;1
191377;1
167236;0
86617;1
73743;1
410666;1
239075;0
94117;1
358870;1
181397;1
120625;0
149798;0
277648;1
393970;1
143667;1
402629;1
410063;1
326903;1
82739;1
161184;1
347463;1
203209;0
270055;0
349388;1
198866;1
95966;0
173311;1
272552;1
169597;0
398542;1
228370;1
372942;1
121759;1
150215;1
351316;0
248412;1
88526;0
367052;1
300208;1
207612;1
291726;0
15379;0
273984;1
128100;1
250273;0
341373;0
125908;0
178090;1
101424;0
175372;1
354064;1
295911;1
38577;0
268997;1
260589;1
279417;0
212020;1
26219;0
249738;0
33443;0
326274;0
96859;0
178216;1
96161;0
112326;1
222531;1
316117;0
227241;0
346569;0
367952;1
186829;1
92069;0
152404;1
174210;0
354969;1
254935;1
217907;0
358728;1
337874;1
337116;0
160497;1
214203;1
119640;1
202692;1
274925;1
239827;1
324380;1
329091;1
185222;1
126028;0
96082;0
251710;1
23351;0
270907;0
314798;0
55809;1
300470;1
65443;1
163238;1
141535;1
2701;0
220275;1
133278;0
225602;1
230462;0
282326;1
412964;1
161304;0
375553;1
392063;1
336448;1
75106;0
352535;1
214693;0
237292;1
376151;1
266038;1
179773;0
377345;1
107902;1
258718;1
332453;0
304796;0
99383;1
273694;1
201675;0
95134;1
155629;0
344759;0
86164;0
296130;0
24715;0
219090;1
61073;0
114538;1
28537;0
289997;1
299417;1
358226;1
166341;1
379637;1
110378;1
258572;1
297352;0
14576;0
335984;1
28708;0
110080;0
186383;1
177083;1
104591;1
254404;0
173461;0
103312;1
210506;1
96697;1
367901;1
124149;0
236420;1
255285;1
369934;1
300996;1
22901;0
182383;1
48510;0
152880;1
227454;1
165739;1
181490;0
27738;0
78650;0
265478;0
23349;0
293934;1
23379;0
359826;0
301998;1
14560;0
277347;0
298829;1
121609;1
2454;1
142731;1
140917;1
94078;0
294739;1
153345;0
113497;1
227853;1
321744;1
141376;1
306954;1
389830;0
353039;1
322638;1
45185;1
183275;0
164332;0
103365;0
261465;1
128176;0
101573;1
179351;1
176600;1
390842;1
15735;0
65554;1
244356;1
153291;0
212989;0
200500;1
175354;1
199777;1
233611;0
186594;1
317906;1
217861;0
173577;0
339581;1
146502;0
180138;0
314413;1
410072;1
119393;0
174073;1
97242;1
186872;1
152420;0
221266;1
128797;1
412440;1
226477;1
177747;1
192862;0
10930;0
268225;1
221938;0
322044;0
372214;1
249701;0
37252;1
414310;1
268735;1
43619;1
301634;0
348793;1
396948;1
173287;1
173495;1
378411;1
19454;1
349039;1
129420;1
92319;1
194278;1
140619;1
296348;1
118920;1
274450;1
191889;0
291701;1
384054;1
55897;0
193618;1
215933;1
198732;1
245817;1
202672;1
84996;1
59546;1
145380;1
22018;0
284374;0
176028;1
153297;0
141058;1
202458;1
230325;0
184954;0
143346;1
108614;0
265089;1
77061;1
307701;0
247301;1
333531;1
281913;1
410895;1
118720;1
90088;1
334855;1
139329;0
339061;0
408520;1
310303;1
354965;1
311829;1
106956;0
396019;1
263968;0
400832;0
88754;0
160384;1
44815;1
86612;0
59469;0
383237;1
286763;1
329883;1
129890;0
62560;1
378710;1
227703;1
147532;1
326198;1
189277;0
204957;1
308351;1
60834;0
69613;0
101268;0
221898;1
188559;0
238704;1
235700;1
297603;1
203982;1
248989;1
32012;0
37437;0
359664;1
239547;0
114688;1
300598;1
80069;1
267622;0
86723;1
137468;1
78814;1
390455;1
339147;1
200862;0
325950;1
198625;1
146807;1
253659;1
273241;1
255235;1
267515;1
21875;1
346892;1
315122;1
40271;1
145345;0
222857;1
174817;0
401836;1
192977;1
197946;0
146256;0
242001;1
374776;1
320402;1
171646;1
148154;1
125590;1
336208;1
307447;0
320199;1
62119;1
254875;1
297406;1
52087;0
163167;1
64332;1
266618;1
94773;0
203173;1
259024;0
230608;1
203360;1
114048;1
325627;0
275365;1
225127;1
52597;0
10225;0
127469;1
137867;1
169101;1
329962;1
238171;0
295452;1
332944;0
147401;1
336152;1
356988;1
237561;1
19106;0
274550;1
295273;1
337866;0
306490;1
287766;1
292840;1
133738;1
195152;1
107917;1
285964;1
6644;0
253078;1
257099;1
329870;1
175518;1
342977;1
401954;1
127427;1
299616;1
251392;1
326830;1
104682;1
180175;0
351481;0
168091;0
284020;1
144480;0
245272;1
105287;1
66567;1
140132;0
380722;1
380520;1
416013;1
341248;1
170582;0
132822;1
411686;0
372016;1
272198;1
231539;0
181206;1
158728;0
306086;1
281574;1
135883;1
332716;1
394467;1
95536;0
177060;1
347337;1
109276;1
306585;1
193318;0
30310;0
120558;1
394549;1
321834;1
89166;0
246591;1
66799;0
368456;0
185047;1
161241;1
143371;1
349763;1
275534;1
406410;1
232957;1
327872;1
369398;0
152832;1
306034;1
362028;0
101891;1
247321;0
107049;0
295509;1
118225;1
409408;1
67603;0
79403;0
218749;1
97495;1
191439;1
121023;0
155051;1
195728;1
121920;1
174207;1
45400;1
159432;1
239197;1
258563;1
88580;1
371333;1
230210;1
173110;1
184021;1
189384;1
44517;1
281050;0
109792;0
384285;0
70439;0
22766;0
79037;1
231769;1
113086;0
114103;1
302906;1
112998;1
22280;0
306665;1
63576;0
89982;0
107473;1
224937;1
362729;1
103125;1
118336;0
329947;1
193177;0
370860;1
296932;1
174737;1
139264;1
24854;1
210292;0
89471;1
389717;0
75348;1
336049;1
386048;1
252402;1
225567;1
22626;1
314653;1
389437;1
244704;1
161705;1
285040;0
92947;0
216845;1
60450;0
162352;1
160372;0
169870;1
207180;1
226051;1
52719;1
49197;1
325080;1
39717;1
106887;1
353249;1
75430;1
105923;1
145136;0
195900;0
84604;0
10378;0
59437;0
343343;0
297625;1
155663;0
365771;1
168275;1
316376;0
15653;0
151427;1
228793;0
387802;0
112772;1
143678;0
349805;0
364058;1
263591;1
192826;1
80443;1
121104;1
119984;1
104133;1
169957;0
68552;1
145888;1
147887;1
381982;1
133838;1
140757;1
102530;1
154115;1
121233;1
230611;1
335167;1
365403;1
363046;0
81031;1
390110;1
84731;1
227511;1
48949;1
235925;1
265444;1
63538;1
272915;1
350938;0
100832;1
351939;1
321889;1
248337;1
213139;1
160643;1
245050;1
102928;1
91408;1
79421;0
114502;0
333462;1
21862;1
213779;1
211974;1
276947;1
123815;0
62385;0
272911;1
10973;0
259499;1
298205;1
261553;1
237785;0
256801;1
350383;1
159164;1
92730;0
206425;1
327272;1
109305;1
124496;0
61904;0
199165;0
174899;1
57317;1
23749;0
253341;1
29024;0
272053;1
287193;1
246690;1
14253;1
223442;1
199517;1
307154;1
83057;1
320288;0
105325;0
43016;1
168743;1
144794;1
393388;1
268695;1
36941;1
38599;0
47652;1
183469;1
248279;1
138260;1
155448;1
380332;1
268027;0
165665;1
98003;0
302537;1
105292;0
13908;0
204546;1
340295;1
101797;1
178732;1
138178;0
127573;1
165340;1
118961;1
200659;1
226233;0
285634;1
309643;1
156545;1
166444;1
264965;1
96277;0
323641;1
221757;0
86068;0
360692;0
69724;1
183340;1
200633;0
283144;0
60040;1
311368;1
17158;0
139872;1
51946;1
304781;1
31466;0
214185;1
37198;0
190410;0
146803;1
231617;1
290782;0
19858;1
404062;1
239640;1
105353;1
49392;1
280789;1
355261;1
224040;1
153116;1
251809;1
365076;0
81186;1
159909;0
206206;1
188957;1
217510;0
134021;1
396952;1
231810;1
140946;0
267673;1
190596;1
249501;1
17329;0
252642;1
243251;1
39786;1
224590;1
358745;1
196899;0
366605;0
195716;1
339579;1
68867;0
283821;0
109751;0
40556;1
118070;1
147002;0
222765;0
391538;1
266135;1
21684;1
180860;0
203942;0
234408;1
239882;1
174336;1
155840;0
197871;1
161323;0
277221;1
350337;1
252298;1
293074;0
243310;1
299962;0
227208;1
164716;1
242026;1
242745;1
171822;1
303638;1
171513;1
273981;1
147361;1
133800;0
336263;1
382608;1
134459;0
5571;1
70585;0
262060;1
96444;0
346880;0
198268;0
103490;1
203295;1
62923;1
274653;0
396248;1
388029;0
259641;1
297029;1
293489;1
344887;1
357544;1
300979;1
202966;1
290214;1
82620;1
205324;1
345692;1
99406;1
115535;1
149312;1
386953;1
383807;0
16863;0
44558;0
369004;1
152135;1
27590;0
337537;1
352085;0
404841;1
331064;1
240793;1
357040;1
371456;1
88967;0
143385;1
8373;0
400932;1
48103;0
141330;0
313861;1
331939;1
71303;1
201089;1
260838;1
24066;0
383961;1
195696;1
111911;1
90149;0
282092;0
92163;1
371939;1
66181;0
247638;1
345213;0
248103;0
272549;1
174709;0
246629;0
216512;1
221623;1
128590;1
157236;0
296171;1
367592;1
167093;1
135448;0
246049;1
90050;0
276943;1
98287;0
82340;0
183685;1
245933;1
118816;1
323283;1
316963;0
323012;0
269622;0
399143;1
200342;1
258849;1
309630;1
11393;1
351673;1
211950;0
279782;0
387652;1
405764;0
264899;1
277188;1
290436;1
308805;1
186359;1
226535;0
34298;0
156015;1
208472;1
126005;1
386458;0
227188;0
386781;1
153415;1
105440;0
159343;0
10997;0
240056;1
335989;1
152427;1
260427;1
178777;1
113091;0
142656;0
385524;1
236189;1
135949;1
362029;1
261004;0
164019;1
320344;1
244147;1
276064;1
182027;1
137293;1
154431;1
25244;1
331381;0
323982;1
97143;0
375630;1
232276;1
252274;1
25278;1
143305;0
298389;1
222383;1
256609;1
144823;1
106970;0
118955;1
189314;1
38522;0
303670;1
205965;1
336606;1
69539;0
195971;1
209731;0
37314;0
261946;1
201420;0
289779;0
15850;1
343916;1
358626;1
367715;0
176815;1
277566;1
224646;1
321723;1
222968;1
164361;1
312122;0
359547;1
228736;1
390871;1
359329;0
123571;0
161476;1
146948;0
348102;1
211835;1
58976;1
120082;1
317427;1
360152;0
19742;0
385763;1
138208;1
310617;0
4691;0
60856;1
311374;1
270085;1
313855;1
220855;1
82789;0
166711;0
85014;0
388189;0
223405;1
295353;1
266032;1
342463;1
344060;1
309414;1
309901;1
164254;1
7401;0
343404;1
129486;0
63906;0
350274;1
291571;1
189428;1
321283;0
126526;1
227358;1
55895;1
175076;1
135932;1
411930;1
51616;0
74209;0
398591;1
196689;0
136727;1
385414;1
221485;0
375287;0
313468;1
108144;1
69320;1
156255;1
50028;0
210530;1
270485;1
235981;0
372530;1
407120;1
398519;0
227403;1
335922;0
203887;1
344932;0
293851;1
266587;1
305110;0
240063;1
357954;1
101747;0
192045;1
291062;1
12050;0
78870;1
323992;1
245676;1
225027;0
270181;1
361349;1
101102;1
256748;1
238114;1
112576;1
344074;1
323194;1
138727;1
102858;1
122678;1
285149;1
37635;0
222064;1
251795;1
101588;1
220967;0
350017;1
74066;1
351827;1
246627;1
107523;1
348493;1
173147;1
403191;1
303201;1
153104;1
62778;1
90006;1
23411;1
101231;0
305605;0
270052;1
272741;1
365419;1
159960;1
64316;1
65164;1
224772;1
268941;1
228011;1
284275;1
379157;1
105863;1
215476;1
153523;1
101627;0
159361;0
166847;1
13193;0
348115;1
111977;0
315773;1
329768;1
39199;0
30524;0
368598;1
108197;1
32796;1
134245;1
354963;1
155972;0
165680;0
321652;1
47103;1
90247;1
150772;0
345227;0
5321;0
355571;1
367415;1
3571;0
133761;0
355225;1
23248;0
243985;1
225391;1
97081;1
160420;1
95639;0
81767;1
50046;1
106617;1
36852;0
228004;1
278088;1
105535;1
301055;0
23982;1
172139;1
189889;1
50921;1
82350;0
407903;0
187242;1
267273;0
110476;1
385209;1
163169;1
38590;0
418889;1
381202;1
362950;1
43428;0
330761;1
406107;1
148194;1
136468;1
206743;1
193946;1
63921;1
300116;1
151570;1
266597;1
299637;0
303337;1
380594;1
118530;1
136261;0
129199;1
204385;1
121630;1
165813;0
367450;1
2539;0
111663;0
53954;0
326733;1
300761;1
223309;1
289309;1
285971;1
152790;1
386788;0
397385;1
43676;1
350191;1
331905;1
95320;0
183600;0
348443;1
401432;1
338854;1
7284;0
283841;1
100056;0
89857;1
372480;1
174653;1
375118;0
363328;1
268823;1
150223;0
377696;1
78407;0
391654;1
57318;1
248105;1
132170;0
299920;0
244425;1
28969;0
176570;1
204229;1
98111;1
91478;0
11914;0
212681;0
290536;1
166037;0
258477;1
235309;0
145118;1
144021;0
75307;1
372481;1
287647;1
45134;1
56360;0
213593;1
227030;1
143162;1
329789;1
391513;1
148180;1
363638;0
15424;1
325704;0
34412;0
270318;1
254088;1
204877;1
366038;1
142529;1
233396;1
289750;0
242416;1
24067;1
201910;0
243167;1
196762;1
266491;0
59868;0
265269;1
150164;1
63515;1
376067;1
14477;0
122471;0
37839;0
198569;1
161736;0
731;1
262085;1
371772;1
181756;1
374082;1
378477;0
328874;1
32886;0
302170;1
93090;0
318612;1
275624;1
285775;1
288570;1
121769;1
150086;0
391871;0
279381;1
278809;0
266800;1
175590;1
210184;1
219972;1
337929;1
355945;1
12147;0
94535;0
101580;0
381741;1
269520;1
347066;1
4994;0
84688;0
171633;0
186142;1
195163;1
231590;1
296;0
267171;0
241266;1
238589;1
362229;1
89488;1
252452;1
112725;1
313499;1
130207;0
25138;0
247828;1
167789;0
135085;1
355746;1
148926;0
369086;1
188016;1
306504;1
63005;1
286190;1
306535;0
296868;1
111235;1
121169;1
125586;0
156885;1
287627;1
111007;0
223677;1
156866;1
177612;1
382725;1
303324;1
266460;1
132599;1
202571;1
152755;1
138632;1
83351;1
168227;1
241637;0
349785;1
336306;1
44107;1
48436;0
42442;1
266598;1
227035;1
174489;1
93266;1
172696;1
153684;1
64919;0
253778;1
289448;1
108268;0
115606;0
24926;0
156668;0
201097;1
286176;1
357769;1
396509;0
306986;0
329366;1
132566;1
198337;1
226694;0
253710;1
136502;0
134482;0
340738;1
273147;0
174321;1
118515;1
128130;0
362130;1
139265;1
96887;0
378568;0
129739;0
177349;0
165125;1
169694;0
17552;0
261569;0
379569;1
255688;1
332783;1
79436;0
323363;0
238155;1
342282;1
150355;0
339495;1
369364;1
274551;1
364797;1
133260;0
235395;1
3822;0
93455;1
224926;0
109970;0
320709;1
267631;0
145236;1
180422;1
339103;1
173553;1
147885;1
111767;1
301601;1
141561;1
227130;0
274529;1
182763;1
197050;0
256535;1
374739;1
37932;0
314018;1
354664;1
104229;0
278599;1
158915;0
114551;1
212417;0
249412;1
226488;1
125681;1
279539;1
76477;1
154777;1
6502;0
193034;0
193469;1
212201;0
292388;1
162550;1
275339;1
362119;1
124025;0
183460;1
394185;1
241463;1
102709;0
297924;1
177719;1
122930;0
326034;1
356232;0
235179;1
132705;0
18578;0
1141;1
359062;1
180673;1
397055;1
237469;0
246985;1
129563;1
396028;0
164002;1
309688;0
98647;1
26381;0
237;0
131774;0
311683;1
304603;1
123511;1
177690;1
289200;1
87699;0
246698;1
415407;1
331101;1
153334;1
253770;1
109498;0
407747;1
134665;1
389306;1
382398;1
245684;1
256432;0
223602;1
195097;0
110822;1
66617;0
59577;1
383436;0
188087;1
159345;1
301843;1
283904;0
100874;1
262071;1
368476;1
187803;1
209816;1
87887;0
261488;1
255165;1
256970;1
104021;1
145477;0
339128;1
166514;0
335452;1
112499;1
234744;1
310838;1
291308;1
236290;1
112643;1
296764;1
52917;0
244910;1
338632;1
183557;0
384320;1
299135;1
168491;1
94633;1
223209;1
74283;0
192683;1
368247;1
211897;1
331780;1
264285;1
222611;1
410161;1
334364;1
175055;1
188585;1
262955;1
374494;1
33672;0
269262;1
293189;1
362293;1
169603;0
183898;1
193710;1
299709;0
205212;1
273807;1
374340;1
83528;0
137026;1
326246;1
376770;1
242747;0
394004;1
413236;1
121599;1
214124;1
79847;1
209851;1
275885;1
236435;0
266344;0
224338;1
285749;1
229115;1
159430;1
238275;1
362406;1
311034;0
149763;1
185629;0
86487;1
336052;1
16281;1
123942;0
140799;1
202303;1
188485;0
131845;1
284357;1
287903;1
246010;0
60520;1
202334;0
168534;0
147369;0
175454;1
114462;1
337742;1
384363;0
261873;0
206270;1
336679;0
112829;1
110714;0
259894;1
283422;1
10581;0
135102;0
236919;1
407581;1
313990;1
63785;0
169801;0
56811;0
231110;1
397825;1
240622;1
33854;0
271080;0
154207;0
297187;1
186338;0
388997;1
219170;1
337814;1
281424;1
330387;1
160267;0
364548;1
352515;1
390224;1
270531;1
40404;1
140963;1
352282;0
296874;0
343221;0
79530;0
161553;1
325051;1
50770;0
153111;0
49773;0
351029;1
151595;1
91675;0
220172;1
67397;1
346319;1
116279;1
152767;0
205662;1
109992;1
328358;1
44465;1
144407;1
267744;1
251441;1
282236;1
279305;1
376512;1
108826;1
378257;1
381486;0
192043;1
350538;1
296450;1
341773;1
344781;0
300925;0
100856;1
161034;1
173116;1
393165;1
79485;0
152204;1
215844;0
280281;1
177970;0
109170;1
312620;1
36067;1
187517;0
350380;1
322473;1
315862;1
193137;0
201389;0
86888;0
172677;1
78627;1
174081;1
227213;1
333182;1
205320;0
194482;1
358135;0
324200;1
362696;0
274371;0
67215;0
277722;1
251599;1
193261;0
332994;1
182591;1
238840;1
153042;1
217940;1
355073;0
328760;1
93697;0
276072;1
31434;0
175871;1
247963;0
255966;1
380574;0
163109;0
45064;1
132377;1
396017;1
199756;1
257951;1
295439;1
295319;1
248735;0
247465;1
286192;0
397507;1
10275;0
146260;1
200293;1
219229;1
342103;1
196992;1
255983;1
156688;0
74289;0
103509;1
281389;1
177668;0
264954;1
182672;0
191582;1
101594;1
58471;0
182283;0
126511;1
213338;1
150064;1
160283;0
136638;1
249876;1
161190;1
39317;1
108204;1
211810;0
254467;0
141873;1
80612;1
37037;1
322537;0
209013;1
41368;0
225349;1
30223;1
375443;1
394996;1
265808;0
347070;1
285392;1
349205;1
272237;0
128319;0
336083;1
387875;1
280106;0
163684;0
383714;1
195475;0
132430;0
399554;1
16392;0
223278;1
71235;1
231122;1
106852;1
381390;0
27794;0
233086;1
76403;0
121896;1
200240;0
322201;1
338343;1
24306;0
278829;1
168705;0
329508;1
273297;1
228499;1
116266;0
148667;0
262342;1
80572;0
772;0
66231;0
148136;1
364118;1
123622;0
299580;1
143389;0
144792;1
37033;0
77396;1
401953;1
107840;0
158745;1
223657;1
174708;1
268115;1
247517;1
364055;1
124772;1
357943;0
291259;1
142846;1
14725;1
392407;1
37201;0
387226;0
229657;1
370575;1
158174;0
270649;0
53786;0
182379;0
83848;0
236097;1
213326;0
32704;0
50841;1
76734;0
94228;0
224896;0
316503;1
290027;0
200996;1
88435;0
260714;1
378609;1
315104;1
43359;0
313399;1
180295;0
209497;1
358809;1
316988;1
149189;0
146984;1
311305;0
229645;1
116227;0
53363;0
251021;1
38356;0
168022;1
394139;1
159284;0
79217;0
354191;1
11124;0
250825;1
269770;1
159531;0
175241;0
292929;1
290299;1
119638;1
43705;0
341665;1
270878;1
191291;1
205201;1
115125;0
10194;1
98446;1
84627;0
138064;1
151592;0
232174;0
108705;1
233009;1
354882;0
308291;1
314953;1
237544;1
311071;1
274088;1
407665;1
48206;1
357377;1
323655;0
104563;0
394920;1
186009;1
150624;0
161019;1
261952;1
256712;1
291840;0
198445;1
327758;1
166552;1
253689;1
160092;1
287114;1
171831;1
292928;1
373802;1
258031;1
61983;1
398152;0
16919;0
327766;1
293236;1
23821;1
168787;1
84707;0
326581;1
207933;0
6831;1
383527;1
324243;1
317477;0
341806;1
311883;1
280299;0
229235;0
56222;0
84886;0
123364;1
102382;1
49584;0
225999;1
302690;1
229324;1
261603;1
176087;1
119378;0
260920;0
97351;0
175233;0
299604;1
175645;0
193423;0
309629;0
210029;1
100259;1
305292;1
314628;1
261979;1
121338;0
48988;0
191063;1
199441;1
6558;0
173835;0
158618;1
191484;1
106293;0
102322;1
344084;1
150647;1
177228;1
354997;1
237735;1
351446;0
226956;1
310697;0
232732;1
135815;1
347700;1
62630;1
283814;1
341059;0
212745;1
51124;0
378585;1
287897;1
342363;1
316720;1
253100;1
333170;1
159829;0
281660;1
161989;1
312099;1
234949;1
305810;1
401584;0
156557;0
322822;1
51981;1
167668;1
261950;1
9226;0
363755;0
265363;1
130795;1
129592;1
260523;1
159939;1
338085;1
247564;1
374915;1
252713;1
380635;1
218241;1
157764;0
296717;1
96077;0
162471;1
119073;1
187788;1
180185;0
281573;1
89292;1
15106;0
181101;1
183071;1
309942;1
190893;0
177770;0
397132;1
58113;0
134379;0
180644;0
226905;1
386090;1
130167;1
82108;0
233410;0
187295;0
362360;1
39369;0
203493;1
319263;1
364569;1
144618;1
150835;1
387371;1
110709;1
184444;1
406118;1
139823;1
88791;0
172778;1
225354;1
65037;0
268300;1
294344;1
126529;0
119269;1
391273;1
79200;0
16475;0
127091;1
368852;1
23645;1
111774;1
81049;0
343943;1
19689;1
128441;1
18537;0
158332;0
261145;1
328538;1
108682;1
207565;1
246082;1
399021;1
253224;0
323085;1
282139;1
266120;0
7043;1
4140;1
43570;0
409049;0
216337;1
213050;0
119880;1
345344;1
300724;1
133773;1
347154;1
237217;1
379225;0
154452;1
219292;1
5860;0
152694;0
102886;1
168651;1
139660;1
1562;0
350936;1
259837;1
342692;1
268237;1
162402;1
143905;1
373892;1
362474;0
165262;1
34764;0
49198;1
23850;1
192305;1
183430;1
356304;1
335192;0
30621;0
354049;1
57;0
154690;1
258861;1
23766;1
8281;0
355887;1
356596;1
104124;1
224706;1
272674;1
204795;1
314394;1
297318;1
271393;1
352449;1
42834;1
334337;0
21869;0
290706;1
148697;1
89084;0
340313;0
225377;1
317280;1
284034;0
160686;1
278217;1
289370;1
134356;1
330813;1
220958;0
294495;1
309655;1
125790;1
330853;1
291793;1
273112;0
420558;0
263751;1
173469;1
171621;1
372002;1
389671;1
244659;1
157929;1
356798;1
299929;1
356489;0
51785;1
376644;0
385702;0
42643;1
118231;1
284442;1
297373;1
270712;0
149800;1
126938;1
121603;1
101677;1
393488;0
401090;0
242365;1
179910;1
252096;1
157987;1
348069;1
398305;1
155304;1
340930;1
180066;1
291401;1
258650;0
169437;0
312211;0
150982;0
157341;1
400787;1
345913;1
173109;0
84318;0
179994;1
384449;1
257746;1
138781;0
21775;1
270218;1
184756;1
12814;0
265818;1
247593;1
126889;1
330817;1
318876;1
75327;1
375723;1
263327;1
235588;1
149376;1
79996;1
285736;1
224597;1
161787;1
335040;1
314330;1
25542;0
72408;1
401864;1
213464;1
167073;0
179925;1
355692;1
214049;1
118368;0
351480;1
85016;1
358675;1
50686;1
265758;1
373024;1
150854;1
213966;1
275416;1
184123;1
250845;1
343621;1
258889;0
327881;1
272594;1
260327;1
280339;1
126921;1
270799;0
128065;1
145102;0
316815;1
50371;0
140651;1
16656;1
231669;1
384672;1
385328;1
355501;0
36244;0
85163;0
128828;0
165010;0
343676;1
134995;1
107319;0
318150;0
157263;0
175841;1
112678;1
165042;1
50950;1
341175;1
127752;1
375885;0
221735;1
279642;1
309869;1
338164;1
211217;1
197240;1
188200;0
398361;1
192124;1
36408;0
89450;0
145310;1
217572;0
107188;1
354955;1
143349;0
57272;1
221870;1
313907;1
243249;1
418771;1
200504;1
38003;0
324123;1
83934;1
176781;1
131558;1
181843;1
209787;0
281383;1
229323;1
297164;1
325913;1
130369;0
210217;0
323248;1
244752;1
193662;1
389263;1
177066;1
38805;1
41020;1
267024;0
269445;0
281635;1
163428;1
9637;0
8868;1
266152;1
76518;1
315187;1
355733;1
371163;0
150839;1
14730;1
317723;0
141140;1
315061;1
199837;1
238737;0
387776;1
200254;1
327086;1
347531;0
296065;0
112084;1
344558;1
88871;0
194395;1
42647;1
382774;0
256138;1
33612;1
263462;1
242826;1
96465;0
179213;1
36394;0
144730;1
263187;1
88333;0
33789;1
41438;1
140179;0
166311;1
314140;1
101435;0
284775;1
271419;1
77239;0
236144;0
303521;1
80152;1
299603;1
281404;0
287454;1
269725;1
19144;0
276192;0
246835;1
184428;0
275508;1
195172;0
204937;1
328467;1
305262;0
123501;0
108932;0
40349;1
268943;1
305274;1
197053;0
195189;1
107599;0
99147;0
144184;1
303615;1
388853;1
258533;1
369715;1
173427;1
359965;0
140171;1
103384;1
137324;1
237151;1
209292;1
3425;1
36132;0
142307;0
90211;0
19685;1
82897;0
211097;1
50777;0
158082;0
36789;0
234379;1
264839;1
187443;1
336432;1
116313;0
213265;1
115366;1
156125;1
198804;1
79040;1
276709;1
95078;0
339660;0
186092;1
185133;1
334468;1
364623;1
199724;1
296752;0
416361;0
258756;1
74839;0
43810;0
40896;0
173322;1
46647;1
197013;1
268493;1
303703;1
215957;0
16471;0
346813;1
20116;1
253983;1
355949;1
11093;1
264426;1
318047;1
89573;0
134980;0
169885;1
377126;1
268171;1
74728;1
23573;0
94708;1
250222;1
262569;1
246663;0
164826;1
11037;0
85198;0
78819;0
158100;1
270924;0
404636;1
303676;1
131737;1
396681;1
169157;1
168412;0
74524;0
284182;1
378118;1
109857;0
126899;1
247742;1
132917;0
390023;1
131908;1
224880;1
382924;1
147069;1
374265;0
22744;0
247405;1
204846;0
102553;1
47561;1
274146;0
233561;0
202192;0
89420;1
1561;0
15992;1
318924;1
385921;1
246395;1
256255;1
147591;1
174780;0
260435;1
159560;1
192134;0
224790;0
197799;1
3724;1
199175;0
333060;1
253923;1
310133;1
263659;1
31469;1
82608;1
216609;0
221045;0
91496;1
206849;0
31537;0
195932;0
243970;1
139514;1
41705;0
158622;1
190173;1
85678;0
131625;0
233132;0
216697;1
12845;0
11575;1
189595;0
61752;0
42541;1
264985;1
181159;1
379159;0
301856;1
356766;1
172193;0
150867;1
178491;1
154918;0
252021;1
65879;0
268571;1
255916;1
228613;1
180226;0
305516;1
244623;1
46218;1
140881;1
185051;0
145233;1
162155;1
275287;1
237081;0
284122;1
113066;0
300317;1
274720;1
156175;1
327632;1
306714;1
249653;1
380981;1
188472;1
217825;1
302792;1
219574;1
175315;1
281353;1
131885;0
177839;1
3619;0
28287;1
120306;1
363546;1
90154;1
30712;0
182319;0
258051;1
244478;0
333780;0
212753;1
236182;1
195804;1
197247;0
228332;1
356267;1
115131;1
3958;0
269672;1
386267;0
22735;0
354754;1
221939;1
50902;1
224037;1
26761;1
123676;1
284138;1
222446;1
64603;1
320161;1
195775;1
126162;0
137519;1
377159;1
225378;1
41184;0
284493;1
356049;1
146550;1
327495;1
305206;1
336463;1
276881;0
256618;0
268590;1
182110;1
83754;1
368617;1
337455;1
333190;1
271410;1
331044;1
182340;1
142368;1
149869;1
60944;1
219813;1
407789;1
332584;1
270000;1
400854;0
21789;1
245379;1
130725;0
21564;0
122052;0
365404;1
1573;0
248684;1
394856;1
49210;1
150808;1
121118;0
298350;1
291445;1
258349;1
206087;1
240463;1
337122;0
17023;1
171971;0
195436;1
207795;1
395390;0
380996;1
198626;1
170643;1
359243;1
268024;0
117390;1
100314;1
266588;1
143632;1
215477;0
78282;1
300717;1
66131;1
138130;1
210947;1
224439;1
271882;1
60687;0
237918;1
195113;0
151176;1
222483;0
277741;1
103335;0
353543;1
108188;1
384329;1
174492;0
59464;0
209188;1
417162;1
197272;1
170175;1
347191;1
239804;1
172784;1
198477;1
321820;1
227162;1
217384;1
93847;0
304993;1
182647;1
96832;0
144079;1
288197;0
42114;0
409138;1
380932;1
253393;1
288325;0
28116;0
400716;1
363381;0
325945;1
298150;0
321185;1
340539;0
398533;0
304525;1
261162;1
45840;0
341940;0
230347;1
205986;1
91663;0
107094;1
259833;1
208484;1
161350;1
83306;1
300244;0
320868;1
48247;1
307119;1
321390;1
951;0
392255;0
356621;1
58838;1
47854;1
307733;1
270351;1
162715;0
233745;1
341941;1
71635;1
151417;1
147189;0
81459;0
147792;1
355836;1
78993;1
207562;1
258816;0
62365;1
273290;1
119237;1
149552;0
285453;1
2177;0
68681;0
366502;0
200658;1
270284;0
9410;1
14748;0
371341;0
371726;1
298120;0
338405;0
157503;0
358542;1
351145;0
226279;1
382433;1
54380;1
274089;1
42705;0
152032;1
146919;1
19648;0
310499;1
249990;1
135911;1
23284;0
204087;1
169934;0
212619;1
349092;1
210656;0
9707;0
185502;0
161243;1
262043;1
417903;1
394625;0
237559;1
166612;1
264666;1
133258;1
86996;0
127042;1
232847;1
261978;0
307400;0
255325;1
38594;0
175676;0
229758;1
132985;0
228941;1
147943;1
276379;1
136793;1
102204;0
175725;0
358404;1
335538;1
270539;1
130859;1
145385;1
47077;1
185586;1
19504;1
182246;1
372999;0
80547;0
187444;1
107295;0
116555;1
137434;1
340543;1
288044;1
68592;1
127375;1
126534;0
128199;1
24883;0
260947;1
280784;1
357463;1
402792;1
316504;1
340805;1
121281;0
89726;1
107077;0
165440;0
345493;0
108723;0
185690;1
34117;0
169291;1
112203;1
390156;1
906;1
159509;1
107386;0
86644;1
114377;1
323392;1
112746;0
135335;1
191833;1
226906;1
44988;0
150814;1
72989;0
315401;1
251227;0
160801;1
165265;0
346026;0
71116;1
274479;1
350929;0
142915;1
106277;1
275422;0
55422;1
298028;1
266536;1
338891;1
169757;1
156243;0
234205;0
158428;1
167101;1
275178;1
239778;1
179331;0
393624;1
46187;0
96386;1
236933;1
8182;0
74781;0
392608;1
349377;1
229023;1
306053;0
150259;0
390824;1
322542;0
48349;0
73696;0
237053;0
251195;1
285699;1
373022;1
348350;1
67778;1
367161;1
181792;1
281454;1
259971;1
143164;1
201061;1
182537;1
73938;0
108447;1
352095;1
188027;0
215427;1
111428;0
83120;1
257916;0
139695;0
230752;1
273023;1
197933;0
50291;1
338034;0
207024;0
267566;0
59855;1
297955;1
122395;1
360857;0
28296;0
23371;1
262920;1
284306;1
398100;1
51873;1
149657;1
200277;1
312863;0
173358;1
145860;0
375593;1
327219;1
127202;0
76009;0
331581;0
182374;0
195443;1
360743;1
83711;1
354497;1
8046;0
127104;0
220839;1
41264;1
122995;1
63951;0
244196;0
159106;1
279545;1
375334;1
269017;1
23042;0
294756;1
214674;1
263252;1
105492;1
167761;1
297989;0
337981;1
388941;1
214436;1
224916;1
315783;1
287348;1
63763;0
357335;1
320461;0
204300;0
187276;0
167378;0
319980;1
336241;1
64764;1
126986;0
371185;1
314060;1
133155;0
91523;0
299478;1
199968;0
38560;1
130588;1
220609;1
242393;1
34148;0
278924;0
92672;1
271702;1
359789;1
247085;1
94792;1
403895;1
311156;1
265196;1
246856;1
271120;1
307694;1
302717;0
314059;1
310717;1
184361;1
50238;1
270359;1
184748;1
143930;0
49433;0
290627;1
141812;1
117557;1
390012;1
293083;1
391630;1
377721;1
176785;1
410905;1
39400;1
343710;1
165339;0
208922;1
54196;0
405867;1
392962;1
334347;1
154183;1
369684;1
186300;1
306247;1
118755;0
263316;0
384226;1
210540;0
308037;1
117632;1
123537;1
210723;1
337328;0
310669;1
302825;1
60239;1
267977;0
190673;0
404368;1
177264;1
178213;0
316899;0
357120;1
328973;0
187148;0
188309;1
274191;1
224830;1
83939;0
290977;1
306953;1
204303;1
194039;1
341430;1
264113;1
47749;1
389440;1
228785;1
119469;0
143515;0
361473;0
208171;1
263408;0
17181;0
17231;0
246544;0
329144;1
273086;1
362421;1
51754;1
199613;1
412438;1
80858;1
199292;1
241049;1
372637;1
24263;1
392296;1
351023;1
256897;1
404717;1
183479;1
286136;1
165911;0
291921;1
120246;1
111435;1
138559;1
337285;0
329755;1
286042;1
119203;0
250903;1
394797;1
273137;0
398936;1
246993;1
155042;1
166033;1
91516;0
40428;1
87162;0
192498;1
198849;1
216186;1
300454;0
129200;1
327005;0
207384;1
180438;1
17301;0
54454;0
323435;0
298480;1
272770;1
147411;1
265195;1
18711;1
147683;1
382753;0
37540;0
74927;1
206078;1
231140;1
235844;0
211660;1
159836;0
171572;1
265538;1
127323;0
180780;1
24377;1
120926;0
195559;1
381205;1
45199;1
366520;1
211637;1
244476;1
251938;1
69710;0
99373;1
263047;1
205111;1
227611;1
203259;1
144753;0
336848;1
274952;1
193005;1
191933;1
211474;1
145656;1
214922;0
33938;1
251004;1
126673;1
241713;1
46836;0
132372;0
267888;0
158322;1
396567;1
393389;1
327352;1
376491;0
221434;1
343984;1
60187;1
361015;1
179781;1
270947;1
36909;1
256385;1
219360;1
362489;1
410544;0
16507;0
5602;0
154367;1
11608;0
52229;0
412345;0
314113;1
190660;0
127403;1
112484;1
347076;1
346514;1
297972;1
222292;1
187891;0
134452;1
243963;1
141009;0
22103;1
224005;1
309816;0
318986;1
375973;1
136540;0
108674;1
74621;1
166057;1
324785;1
353218;1
345017;1
323556;1
223737;1
373785;0
170567;0
195262;1
353436;1
117615;1
55634;1
370335;1
303048;1
253686;1
203691;1
386840;0
111777;1
275491;1
243564;1
191194;0
27956;0
115418;0
307436;0
143274;0
94294;1
119664;1
374902;1
2824;0
290275;1
790;1
221416;1
280061;0
190613;0
66076;0
181398;1
94660;0
379576;1
307645;1
211636;1
1241;0
234538;1
292596;1
204393;0
182853;1
272268;1
99686;1
193330;0
94035;1
145751;1
262880;1
263652;1
303958;1
358981;1
284132;1
276884;1
143991;1
91468;1
345538;1
372419;1
268591;1
266723;0
131548;1
286472;0
55059;0
194867;1
266884;1
236780;1
306101;0
274625;1
76682;1
242768;1
183929;1
400688;1
187219;1
112616;1
202963;1
325960;1
346442;1
312191;1
194508;1
177028;0
319235;1
190095;1
172419;0
89566;1
110462;0
316912;0
175961;0
178974;1
218692;0
383900;1
63832;0
332534;1
393717;1
222824;1
23785;1
259541;0
84169;1
255287;1
161456;1
141116;1
151798;0
371499;1
155829;1
301863;1
336876;1
95286;1
47654;0
89845;1
165915;0
249947;1
164939;0
261133;0
310425;1
326414;1
60957;0
363765;1
138132;1
228538;1
366952;1
114579;0
146301;0
316572;1
257669;0
199375;1
266855;1
19398;1
135915;0
61947;0
45465;0
104680;1
129997;1
334161;0
69557;0
313114;1
80768;1
114779;1
278668;0
213497;1
172570;0
392558;1
222323;0
179460;1
40339;1
213561;0
97453;1
247159;1
352933;1
295729;0
264118;0
169948;1
397492;1
199987;1
232843;0
112642;0
397552;1
292014;1
114131;0
294720;1
392519;0
130099;1
204315;1
257137;0
177090;1
79927;1
192123;1
283372;1
344078;0
283889;1
127604;1
100879;1
206402;1
282960;0
72243;0
186077;1
185508;1
229096;1
174348;0
90528;1
223576;1
334116;1
35955;0
397241;1
398320;1
169863;1
43196;0
114492;1
277470;0
199370;1
184026;1
280075;1
246655;1
102144;0
76820;0
331032;0
339455;1
404503;1
409494;1
56071;1
327408;0
329295;1
274709;1
19929;1
188833;1
340469;1
134478;1
56709;1
87147;1
328659;1
209045;1
249449;1
284175;1
314408;0
377999;1
274080;0
164555;1
1105;0
96548;1
274835;0
207057;1
218754;1
198203;0
260114;1
146959;1
316052;1
113188;0
286736;1
211475;0
263560;1
147508;1
218183;1
29293;1
259354;1
223298;1
85438;0
353821;1
115239;1
53001;0
58666;0
272038;0
152591;1
297088;1
170033;0
116556;1
118607;0
18599;0
232767;1
239660;1
212484;1
81139;0
154758;1
169527;1
39980;1
394686;0
200925;1
130048;1
319870;1
241939;1
177558;0
51041;1
394772;0
332507;1
209347;1
256584;1
254476;1
142876;1
164746;0
404613;1
121522;1
376786;0
140480;1
149318;1
175295;0
316208;1
377825;1
173609;1
213431;1
263265;1
304070;1
112668;1
213364;1
113713;1
308781;1
166809;0
231676;1
374580;0
385956;1
167248;0
321468;0
344652;0
388186;0
287415;1
289659;1
250850;0
413717;0
135478;0
227580;1
393230;1
346104;1
56230;0
23586;1
397139;1
139097;1
206484;1
20896;0
343284;1
287039;1
152578;1
152620;1
237865;0
71597;0
301703;1
155512;1
313350;0
263847;1
81698;0
132448;0
21662;1
189493;1
149984;1
366932;1
576;0
92589;1
325048;1
127963;0
17548;0
346666;1
114050;0
94222;1
345388;0
371125;1
331969;1
170750;1
211060;0
6528;1
302204;1
264328;1
257028;1
356149;0
260748;0
247639;1
154678;1
317568;0
404278;0
43973;1
343248;1
75529;0
44550;1
278333;1
370052;1
304268;0
126054;1
344458;1
239672;1
371361;1
128083;1
257620;1
104466;1
90668;1
235532;1
238516;0
327725;0
159851;1
169674;0
272427;1
11372;0
153958;0
359256;1
263155;1
181257;1
181763;1
103050;0
284174;1
40602;0
377146;1
120619;0
161865;0
237442;1
157956;1
181955;0
332733;0
270879;0
172862;1
209478;0
270555;1
96588;0
280222;1
305761;0
154873;1
136720;1
313470;1
189213;1
5501;0
387885;1
241725;1
265859;1
368543;0
238849;0
182135;1
295463;1
306232;1
160486;1
46312;1
173467;1
248166;1
27999;0
61223;1
249430;1
204788;1
352305;1
96292;1
276833;1
406390;1
233542;0
352852;1
341626;0
48902;1
162026;1
16201;0
357584;0
252310;1
215809;0
404634;1
146988;1
364068;1
30535;0
43653;0
260573;1
405329;1
351970;1
96954;0
218124;0
353250;1
321978;1
214132;0
240661;1
304460;0
189856;1
141161;1
237830;0
273916;1
231703;1
108998;1
58063;0
301656;1
167496;0
305861;1
34669;0
161972;1
155468;0
207822;1
247470;1
120441;1
335057;1
54758;0
287680;1
347800;0
64801;1
314495;1
364406;1
268395;1
386855;1
389891;1
225417;1
246231;1
24039;0
305081;1
105856;1
321823;0
300009;1
5863;0
202540;1
170900;1
378347;1
161180;1
326837;1
112841;0
234120;1
219260;1
294655;1
96963;1
131330;0
147846;1
375550;1
396271;0
81797;0
109263;0
247687;1
144911;1
48982;1
155281;1
4150;1
145874;1
253530;1
157836;1
194828;1
411988;0
91806;0
219824;1
197381;1
191380;0
352183;1
349799;1
175869;0
38307;0
215974;1
403429;1
146809;1
249592;0
100177;1
60710;1
411874;1
276913;1
324312;1
31835;1
181390;1
278348;1
258503;1
179344;1
85729;1
317858;0
278951;1
270040;0
257763;1
209879;0
143081;0
100431;1
23024;0
331821;1
175346;0
242835;1
342679;1
23517;1
329127;0
264030;1
34163;1
313084;1
118107;0
244973;0
61950;0
144914;1
86015;0
298720;1
402638;1
245085;0
164996;1
177811;1
150863;1
258669;1
354522;1
175408;1
40913;0
178295;1
359560;1
227141;1
229596;1
119512;0
191492;0
192168;1
401822;1
10358;0
293586;0
271994;1
243622;1
247443;1
333777;1
339546;1
61384;0
43753;1
324510;1
105586;1
33002;0
104099;0
392523;1
269177;0
72123;1
146455;1
58749;1
275582;0
149480;1
176115;1
233706;0
344019;0
190616;1
367209;1
198420;0
390302;1
122501;1
334166;0
341232;1
50834;1
186772;0
150041;1
160584;1
220581;1
224093;1
337704;0
395253;0
220978;1
243583;1
170420;1
390236;1
307731;1
45706;0
168079;1
140902;0
373230;1
370447;0
174180;1
241519;1
226760;1
274986;1
156227;1
76524;1
148307;0
411800;1
137239;0
263310;1
22897;0
377963;1
314414;0
12125;0
253063;1
327171;1
182800;1
268610;1
255993;1
212866;1
195777;0
373736;1
273615;1
389428;1
407418;1
191716;1
182105;1
148472;1
192216;1
135981;1
188468;0
243570;1
390860;1
264530;1
261595;1
345036;0
269192;1
143583;0
264910;1
220709;1
145518;1
167123;1
369972;1
406117;1
225615;1
58127;0
182631;1
274575;1
14847;1
145031;1
91753;0
153100;1
162396;1
219128;0
310522;1
68229;0
60322;0
99940;0
191395;1
128873;1
360977;1
93393;1
390361;1
368215;1
88656;0
354130;1
41074;0
177240;1
1242;1
23068;1
179842;1
50712;0
196760;0
344577;1
231194;0
189407;1
138914;0
133869;0
275992;1
168170;1
166122;0
294329;1
287157;1
125297;0
309343;1
270779;1
93821;0
165750;1
137301;1
369833;0
239006;1
121443;0
329052;1
194528;1
313342;0
252470;1
129060;1
277046;1
260768;1
310117;1
111446;0
284514;1
274932;1
290209;1
401933;1
162785;0
110375;1
91466;0
389036;1
226117;1
23424;1
255864;0
214332;1
251882;1
221791;1
164697;1
220500;0
85561;0
112108;1
340836;0
324545;1
385170;1
246312;1
321013;1
150917;0
378136;1
144783;0
354855;1
218163;1
203935;1
268178;0
51145;1
35702;0
161516;1
239491;1
203715;1
262568;1
232048;0
155124;0
43912;1
142167;1
403677;1
364421;1
197987;1
37637;0
284712;0
224309;1
189122;1
59051;0
88581;0
294252;1
244096;0
398015;1
222103;1
98528;1
235913;1
66729;0
405434;1
330254;1
96691;0
236355;0
326809;1
185257;1
351746;1
295300;0
184011;1
363157;1
134286;0
72166;1
128758;1
150542;1
361537;1
118807;0
68260;1
65442;1
302223;1
349972;1
28092;0
416918;1
103563;1
144599;0
319964;1
39719;0
219885;1
289050;0
269844;1
262749;1
140092;1
112761;1
80801;0
383327;1
202034;0
137066;0
86632;1
337951;1
396091;1
221606;1
52519;0
245756;1
264254;1
308985;1
274223;0
279515;1
329431;0
287350;1
236127;0
277038;1
276419;1
359006;1
259481;1
81793;1
360741;1
251617;1
96751;1
274404;1
268822;1
43691;0
204587;0
188665;1
277625;1
214675;1
420294;1
107064;0
403891;1
192405;1
154952;1
285902;1
197168;1
327524;1
294136;0
300348;0
191481;1
164081;0
69655;1
149164;1
264921;0
345256;1
187667;1
193495;1
264727;1
342445;1
315947;1
250767;1
49904;0
316560;1
134699;0
136768;1
90073;1
376986;1
252281;1
294221;1
119919;1
316645;1
327008;1
151395;1
131606;0
369208;1
352105;1
408345;1
379796;1
143563;1
129624;1
300803;1
327257;0
107222;1
84841;0
218197;0
18483;0
104404;0
5741;0
87672;0
193483;1
139237;0
121712;1
37025;0
201652;0
37379;1
264700;0
131102;1
301046;1
216853;1
147142;1
104216;1
299007;1
203306;1
338838;1
400521;1
139541;0
372476;1
49684;0
190605;1
212642;1
247736;0
229016;0
175067;1
274997;1
284152;1
402393;1
218112;1
64431;1
190249;1
232683;1
244679;1
10591;0
281180;1
46264;1
55147;0
233901;0
290321;1
284865;1
169024;0
218445;1
146486;1
211112;1
398368;1
300880;1
45052;0
337091;1
142877;1
108525;0
117818;1
219266;1
290548;1
32076;1
317263;1
397734;1
355224;1
259629;1
237962;1
268205;0
230781;1
395516;1
82842;0
390825;1
52651;1
182675;1
191472;0
166644;1
145367;1
290401;1
134441;1
86051;0
33559;1
279786;1
131903;1
211496;1
167166;0
289286;0
372853;0
68492;1
176943;0
368494;1
392014;1
252495;0
100964;1
139708;1
276278;1
7570;1
365686;1
158385;1
242414;1
195045;1
411500;0
321882;1
100930;1
334033;1
26214;0
306521;1
178494;1
48081;0
360415;0
102366;0
400433;1
313729;1
77103;0
371864;1
308916;1
155019;1
381537;1
399223;0
345621;1
306520;1
316019;0
161224;0
283576;1
108700;1
176543;0
246290;1
171096;1
92247;0
170239;1
369023;1
268251;1
96273;1
133868;1
215982;0
20775;1
26757;0
379189;1
155781;1
171078;1
300417;0
362310;1
211824;1
121825;0
141573;0
199491;0
303507;1
185167;1
45219;0
296981;0
397058;1
284055;0
7101;0
403134;1
93385;1
402176;1
349398;1
326677;1
172775;1
106667;1
277639;1
49162;1
393434;1
87968;0
166258;1
138582;1
296708;1
178454;1
200304;1
145191;1
366550;1
144145;1
16081;0
149142;0
254976;0
165445;1
272071;0
24978;0
350944;0
186616;0
138438;1
215783;0
183292;1
265447;1
37455;0
115920;0
264024;1
193925;1
309396;1
192165;0
157028;1
56663;0
35142;0
373755;0
239321;0
305216;0
217934;1
237887;1
278433;1
120900;1
154764;1
135888;1
69294;0
184009;1
188747;1
124415;1
119510;1
172102;1
181021;1
226539;1
391248;1
119927;1
263133;1
315074;1
48138;0
162945;0
299520;1
359798;1
205103;1
287676;1
83663;0
196902;0
360457;1
266330;0
272408;1
134047;1
125393;1
330693;0
103053;1
232168;1
292414;0
341584;0
253305;1
187906;1
274054;1
117812;1
68267;1
391481;1
222218;0
29327;0
78301;1
242526;1
104338;1
192034;1
201158;1
318167;1
62688;1
250496;1
413384;1
234618;0
351354;1
254482;1
270646;1
144150;0
31357;0
256878;1
232153;1
197362;1
221027;1
135076;0
174512;0
215215;1
257267;0
82992;0
62530;0
30380;0
177160;1
160745;0
149845;1
138554;0
154732;0
169298;0
197255;1
124064;0
335176;1
97000;0
6825;0
213996;1
164797;1
121622;1
207243;1
348738;1
206547;0
209938;0
262855;0
339390;1
244429;1
385012;0
227901;1
80701;1
165418;1
148796;1
281104;1
325615;1
265280;1
100401;1
325902;1
212517;0
184802;0
309890;1
107527;1
59960;1
384132;1
336040;1
376382;1
169796;0
390047;1
59532;1
155524;0
183355;0
290381;1
206596;1
384768;1
318882;1
321696;0
379213;0
217946;1
391449;1
350429;0
350789;1
26268;0
238846;1
113667;1
87748;0
54514;1
360378;0
223503;1
201989;1
192264;1
268779;1
352364;0
330606;1
65836;0
23469;0
350217;1
364024;1
178779;1
240279;1
264815;1
295459;1
61877;0
184528;0
276478;1
157862;1
177749;1
29067;1
216294;1
218307;1
375111;0
213457;1
192163;1
114413;1
43189;1
192110;1
22469;1
102067;0
186393;1
214464;0
239016;1
32622;0
264068;0
131543;1
397024;1
141279;1
162347;0
246018;1
88381;1
264124;1
255190;1
357674;0
68046;1
89451;1
233450;1
40499;1
38739;1
46171;1
386071;1
294706;1
329234;1
149855;1
108105;1
112492;1
306576;0
386759;1
280656;0
380237;1
88150;1
143362;1
173121;1
212529;0
318057;1
244457;1
102570;1
360650;0
210456;0
23791;1
283852;1
99029;0
303971;1
64266;1
191200;0
149303;1
318747;0
238922;1
350739;1
177759;1
191288;1
100133;1
390586;0
388546;0
330111;1
159031;0
304793;1
56068;0
108217;1
262676;1
242988;1
189884;1
138000;1
1012;1
119136;0
270628;1
399379;0
401940;1
364587;1
19917;0
308732;1
379217;1
315096;1
131957;1
184233;1
164604;1
109923;0
244694;1
174982;1
7753;1
219900;1
32327;0
113056;1
323664;1
356559;0
214954;1
209713;1
96418;1
315606;1
252175;1
358764;1
10401;0
253093;1
248057;1
88786;1
270107;0
49169;1
340675;1
186750;1
161143;0
381100;1
87336;0
152238;0
367476;1
347923;1
85201;0
192186;1
386076;0
231082;0
364407;1
212415;1
153215;0
303063;1
279905;1
237697;0
386944;0
143446;1
218415;1
329155;1
366828;0
229296;1
368503;1
301931;0
55742;1
323321;1
51619;1
314741;1
412881;1
171936;1
171824;0
385432;1
212815;1
305957;1
129479;1
226612;1
105843;0
8374;1
55676;0
333212;1
111324;0
152585;0
37398;0
311546;0
189824;1
2041;1
223697;1
323872;0
289824;0
133926;1
51077;1
139585;1
134392;1
300118;1
313305;1
355894;1
270936;1
311548;1
150615;1
325553;1
253111;1
403483;0
294766;1
61434;1
258079;1
317995;1
375815;1
132646;0
290895;1
165255;0
150689;1
193297;0
306862;1
355706;1
303032;1
365988;1
160206;1
81180;1
86142;0
111187;1
98237;1
285365;1
24053;1
166845;0
5916;0
209530;0
249131;1
282350;0
372333;0
260358;0
330634;0
378439;0
339193;1
126832;0
90074;0
216235;1
160711;1
241491;1
246104;1
182944;0
351382;1
343153;1
176682;0
280704;1
38159;0
93959;0
255882;1
198802;1
251835;1
390634;1
381164;1
21478;0
413244;1
162025;0
268476;1
141868;1
264686;1
178415;0
191039;1
167445;1
198864;1
172918;1
96816;1
335592;1
62525;1
178457;1
117858;0
223570;1
346081;1
241189;1
151703;1
368253;1
123225;0
387619;1
201956;1
96819;0
32964;1
121472;1
348994;1
338665;1
90514;0
95646;1
224502;1
164271;0
330139;0
188670;1
116007;0
136603;0
235591;1
239196;1
91522;1
173027;1
298995;1
10927;0
397077;1
208910;1
199148;0
244983;1
44218;0
300475;1
154362;0
144803;0
181798;0
175280;0
228596;0
7557;0
39770;0
383905;1
296756;1
142113;1
87167;0
128143;1
414364;1
222851;1
271587;1
281541;0
248016;1
88948;1
375449;0
319465;1
186091;1
306884;1
80914;0
281860;1
102698;0
52172;1
130054;0
184251;1
5426;0
410162;1
346516;0
176342;1
146131;1
354225;1
333367;0
174671;1
134704;1
114853;1
58649;0
119903;1
220173;0
186048;1
400129;1
54310;1
108444;0
262713;0
283691;1
383390;0
327020;1
310613;1
278493;0
363838;0
272988;1
195730;1
71401;0
226849;0
227674;1
292894;1
364107;0
303913;0
221325;1
380567;1
246154;1
321986;1
152453;0
58554;0
103571;1
246621;1
386362;1
63606;1
207475;1
104047;0
346377;1
395360;1
80913;1
145723;1
53079;1
307667;1
162122;1
225989;0
278963;1
83055;0
243926;0
275024;1
135031;1
51989;1
319548;1
244213;0
330188;1
143486;1
250001;1
299137;0
158769;0
169779;0
283398;1
347842;1
176013;1
99739;1
341564;1
278828;0
233353;0
33093;0
104472;1
126836;0
49654;1
57701;0
93641;1
138820;0
157769;0
286955;1
198840;1
133056;1
266593;1
360746;0
142215;1
302570;1
60034;1
269078;0
342152;0
33341;0
232298;1
154901;0
31491;0
129801;1
305568;1
131576;1
153576;0
78673;1
343894;1
310306;1
101958;1
117375;0
168207;0
80329;1
363929;1
226934;1
225640;1
38535;0
211719;1
409334;1
388606;1
259940;0
124443;0
245955;1
205612;1
124947;1
151428;1
291651;1
150889;1
98586;0
334428;1
232912;1
44000;0
273607;1
25764;0
248081;1
233660;0
306514;1
289530;1
106658;1
326212;1
333491;1
4284;0
254266;1
289919;1
369016;1
118190;1
259278;0
110222;0
289639;1
311520;1
176054;1
272967;0
241844;1
304891;0
154320;0
164603;0
396201;1
260166;1
188727;1
57883;0
190111;0
204987;1
140163;1
148429;0
148259;0
141389;0
65499;1
262605;1
261869;1
154684;1
339553;1
287817;1
224834;1
320608;1
327383;1
89346;1
107818;0
247956;0
95080;1
197831;0
317066;1
263243;1
240858;0
308056;1
65558;1
260820;1
132446;1
364030;0
381243;1
179156;1
363390;1
258293;1
250381;1
112802;0
179811;1
277629;1
19286;0
317783;1
144249;0
98643;0
135936;1
104142;1
260598;1
232573;1
186668;1
178403;1
188124;1
84577;1
136846;1
171948;1
263152;1
381760;0
207474;0
16711;0
410843;0
228335;1
79883;1
279529;1
287358;1
30580;1
332350;1
215159;0
279240;1
382883;1
229998;1
214702;0
368519;1
286821;1
191334;1
357070;1
75668;0
162346;1
204680;1
354216;1
187404;0
229449;1
370338;1
273232;1
259530;1
319199;1
115270;1
323826;1
323440;1
233922;1
281577;1
95952;1
218370;0
79101;0
258445;1
190440;1
271472;0
181571;1
378580;1
99914;1
310571;1
103923;1
203120;1
108171;1
179000;1
192555;0
197759;1
321840;1
160634;1
324734;1
203937;1
328421;0
321933;0
134989;1
72967;0
146075;0
48591;0
299506;1
158580;1
104536;1
351568;1
328170;0
300605;0
204498;0
165704;0
241195;1
162163;1
99883;1
210830;1
135894;1
282381;1
400244;1
248040;0
180104;1
361556;1
323204;0
45439;0
331146;1
2785;0
307390;1
308565;1
317125;1
53753;0
173931;0
265544;1
114410;1
220926;1
71591;0
74499;1
240196;0
351227;1
400863;1
6503;1
315168;1
167085;1
228131;1
22084;1
325218;1
204898;0
193998;0
150520;1
209473;1
106270;1
191203;0
327656;1
335201;1
312089;1
320208;1
3762;0
118232;1
245425;1
138837;0
217640;0
137193;0
46586;1
350229;1
313035;1
361954;1
264613;1
222019;1
246869;1
384358;1
128250;1
167128;0
36242;0
379994;1
313355;1
173083;0
117140;1
111885;1
302227;1
195599;1
79552;1
126480;1
29361;0
395935;1
313039;0
142516;1
153666;1
167417;1
311978;1
180170;1
380870;1
96390;1
273823;1
72472;0
385111;1
48980;1
396918;1
84734;1
256951;1
174534;1
137603;1
282648;1
220077;1
357675;0
186526;1
64411;0
128071;0
52750;0
123779;0
179711;0
180072;0
252798;1
194753;0
289641;1
130251;1
180650;1
341691;1
16969;0
397541;1
241888;1
301177;1
46254;1
232591;0
278691;1
223355;0
112037;0
128345;0
114191;0
151751;0
73153;1
175817;0
221977;1
378611;1
365920;1
393195;1
320642;1
57804;1
34869;0
36729;0
29095;0
290018;1
104288;1
358268;1
38742;0
59731;1
63014;1
304150;1
190191;0
354861;1
307845;0
305273;1
320372;1
392672;1
368076;1
371833;0
218697;0
102275;0
347198;1
407771;1
174792;1
401956;1
290650;1
171893;1
196213;1
199163;0
132168;1
394178;1
345924;1
317151;1
142224;0
285828;1
188261;1
42542;0
188644;1
66975;0
146673;1
343569;0
224829;1
137092;1
358410;1
160446;1
137713;1
395051;1
153453;0
202956;1
15972;0
44731;0
164422;1
181727;0
193193;1
187558;1
190187;1
120889;1
105624;0
48536;0
91865;1
110405;1
287641;0
245220;1
374127;0
395227;1
11947;0
106835;0
311139;1
321998;1
110263;1
201115;1
163613;1
240909;1
262422;1
302352;1
322573;1
126968;0
259400;1
170738;1
167428;1
362640;1
105180;0
16508;0
381374;1
125313;0
257946;1
27162;0
190816;0
228855;1
206624;0
398419;0
322936;0
56154;0
215148;1
286585;1
157176;1
308402;1
269956;1
82448;1
192840;1
57571;1
115330;1
39646;0
214669;1
230204;0
341714;0
11123;1
188679;1
307468;1
256112;0
15210;0
352406;1
109283;0
327063;1
311713;1
147669;1
62311;1
233029;0
358120;1
266090;1
7382;0
46910;0
301989;1
121736;0
114251;1
220039;1
148422;1
100480;1
337769;1
296026;1
64298;1
309390;1
255173;1
285172;1
123253;1
299091;1
251685;1
385447;1
118359;1
261741;1
405655;1
114746;1
317897;1
345259;1
7068;0
356075;1
269735;0
419771;1
113580;1
41099;0
232166;1
1190;0
85456;1
408334;1
393855;1
326272;1
96598;1
190584;1
313730;1
194717;1
170351;1
22413;1
234672;1
283765;0
237709;1
51947;1
252132;1
101936;1
240382;1
327237;1
312873;1
59826;0
317726;1
229573;1
214647;1
401766;1
302410;1
146620;0
229691;1
185073;1
382252;1
368705;0
174638;1
193123;0
304490;1
182764;1
105324;1
396907;1
56691;1
140976;1
190670;1
296505;0
212469;1
225113;1
54282;0
95794;1
266858;1
242243;1
238303;1
287380;1
236584;1
136993;0
289254;0
21778;0
209832;1
148760;0
118331;1
227432;1
193106;1
323586;1
305685;1
56412;1
98708;1
247847;1
220619;1
234125;1
228923;1
360732;0
228891;1
170892;0
133267;1
149267;1
258077;1
342527;0
255924;1
36579;1
347720;0
202262;1
124901;0
229417;1
138390;1
249710;1
180500;1
78106;0
242382;1
129137;1
170787;1
80722;0
369137;1
115210;0
129902;0
207464;0
149156;0
396274;1
181921;0
249333;1
205070;1
292200;1
61563;0
134333;0
91577;1
21119;1
147967;1
275101;0
176801;1
209639;0
168638;1
348947;1
360682;0
168823;1
17111;1
300844;1
244044;0
172197;0
173172;1
156139;1
353405;1
156795;1
403747;0
114083;0
4535;0
377383;1
95505;0
259935;1
145000;1
262529;1
171376;0
207325;0
324099;1
26846;1
400252;1
33155;0
228193;1
236353;0
191323;1
374237;1
166466;1
245951;0
251588;1
380310;0
117898;0
307185;1
141838;0
168068;1
181531;1
294004;1
179771;1
268882;0
160071;1
107368;0
327259;1
317343;1
284795;1
174112;1
39708;0
70619;1
233995;1
43017;0
292062;1
248813;1
290649;1
89249;1
125381;0
16981;0
290954;1
221960;1
188800;1
340453;1
317923;0
359387;1
364506;1
191333;0
72214;1
119330;1
151854;0
137814;1
195428;1
66681;1
334672;0
190491;1
180766;1
377970;0
378077;1
302054;1
222749;0
406821;1
168161;0
369693;1
178477;1
173613;0
346021;1
38494;0
201866;0
120882;0
285967;1
373513;1
166918;0
64669;1
138172;1
7186;0
166624;0
207096;1
201892;1
300793;1
135481;0
128877;1
268775;0
64766;1
5526;0
168214;0
151494;1
86762;1
150085;1
294790;1
260177;0
173974;1
246594;1
215931;1
369220;1
16599;0
76715;1
242459;1
71024;1
239420;1
300980;1
144541;1
36533;0
347554;0
237575;0
315421;0
130427;0
155585;1
169445;1
356191;1
413983;0
158976;1
235445;1
22568;1
293289;1
79566;1
182048;1
301414;1
77072;1
262591;1
25095;0
254063;1
380676;1
264693;1
258429;1
310411;0
253990;1
203176;1
159127;1
127472;0
187409;1
290032;1
250936;1
11044;0
349704;0
98621;1
202268;0
188076;1
171661;1
91632;1
303089;1
303368;1
191672;1
76670;0
13739;0
264668;1
311828;1
207594;1
158988;1
219859;1
337867;0
6543;0
46241;1
370640;1
42219;0
44499;1
175345;1
75956;0
203376;1
51412;0
46764;1
219513;1
348285;1
353953;0
335865;1
110194;1
276127;1
191630;1
243218;1
398690;1
285139;1
79512;1
16462;0
131954;1
211816;0
196827;1
2768;0
407904;1
128461;0
328665;1
170852;0
177058;0
159616;1
88743;0
47607;1
196366;1
204617;0
19012;1
382005;1
410165;0
253739;0
374395;0
385232;1
201482;1
315350;1
172813;0
198837;1
50227;0
33754;1
134661;0
331211;0
304163;1
395969;0
233140;1
320516;1
390277;1
53726;0
16625;0
120972;0
54566;0
199954;1
293967;1
317473;0
167991;1
339006;1
310702;0
306015;0
109628;1
342082;1
121674;1
214442;1
136440;0
171159;1
325558;1
107071;0
220779;1
75843;0
281869;0
178293;0
144621;0
165913;1
41044;0
135018;1
107849;1
214610;1
355530;1
176451;1
229961;1
208037;1
389895;1
127592;0
35380;0
120142;1
26414;1
288602;1
354779;1
5449;0
396537;1
251817;1
214157;1
177695;1
289514;1
391029;1
254083;1
138321;0
380608;1
207502;0
212875;1
361588;1
269201;1
163379;1
262655;1
45556;0
166494;0
63486;0
295145;1
377515;1
318902;1
104160;1
238444;1
133842;1
281011;0
201677;1
25288;0
390182;1
168300;1
169608;1
287142;0
23726;1
320054;1
190507;1
151776;1
15571;0
108602;0
113390;0
407109;1
69380;1
194349;1
12573;0
79625;1
282501;1
121110;1
107679;0
26422;0
205651;1
333447;1
60337;0
140933;1
109492;1
407393;0
197863;1
319005;0
353214;1
79402;0
149421;1
314243;1
46288;1
370829;1
324229;0
309199;1
265938;1
345792;1
129175;1
215858;0
136108;1
182336;1
293514;1
240459;0
175311;1
161360;1
71297;1
403665;1
270735;1
302463;1
365380;0
149451;1
177384;1
249614;1
228969;1
210205;0
270331;0
185626;1
266995;1
206718;0
176615;1
207880;1
129355;0
43700;1
364865;1
14708;0
252155;0
142353;1
234933;1
197183;1
235262;1
4469;0
329956;1
325419;1
274464;1
148040;1
174725;1
155056;1
71518;1
242215;1
236970;1
205726;0
66653;1
89852;1
333879;0
294321;0
21501;1
319018;0
188735;1
167501;0
45891;1
53181;0
389924;1
24756;0
334716;1
218199;1
348701;1
231716;1
233993;1
216213;1
17335;0
59388;0
238873;0
313308;1
375551;1
156736;1
104668;0
307940;1
233966;1
148564;0
84671;1
311310;1
130412;1
25005;1
59844;0
277518;1
44865;0
121707;0
143568;0
263896;1
109196;1
372862;1
54335;0
294755;1
255885;1
177286;1
153677;1
35303;1
318314;1
204372;0
258318;1
297162;1
331536;1
67071;1
136421;1
101239;0
196578;0
248135;0
360627;1
206786;1
182190;1
185745;0
20758;1
299453;1
301535;1
326386;1
156859;1
162023;1
140390;1
220182;1
363109;1
50843;1
105867;1
179254;0
368535;1
87093;0
210258;0
360323;1
353687;0
365526;0
242737;0
234796;1
227108;0
346166;1
286539;1
397473;0
263513;1
252318;1
103856;1
296200;1
245855;1
186058;0
176174;1
243634;1
257036;1
41598;0
148370;0
61522;1
121264;0
325374;1
153968;1
119596;1
163725;1
245434;1
367956;1
389017;1
164375;0
336795;1
80580;0
56571;1
341847;1
66782;1
304307;0
351772;1
338493;1
240795;1
293611;1
11022;1
211664;1
321974;0
220745;1
173692;1
14829;0
299268;1
299916;1
15410;0
271404;1
268201;1
118592;0
347981;1
304559;0
96236;1
365500;1
237991;1
129323;1
174092;1
231477;0
245237;1
300582;1
364781;1
90069;0
370244;1
287343;1
295368;1
109275;1
183766;1
88068;0
236421;0
50599;1
5448;0
42925;1
58965;0
322513;1
176476;0
184464;1
321867;1
110739;1
245079;1
145998;0
247427;0
188652;1
165919;1
107459;1
209619;0
120400;1
184221;1
242105;1
72755;0
226759;1
207819;0
234599;0
106607;0
145076;0
272954;1
182483;1
365366;1
63693;0
291103;1
302704;0
97435;1
20905;0
398161;1
87225;1
219909;1
231169;1
383107;1
224053;1
203398;1
316377;1
143676;1
23205;1
365525;1
166832;1
242997;0
155498;1
115824;0
106103;0
155694;1
312508;0
68543;1
191665;0
393193;0
225225;0
287916;1
151069;0
94556;1
240343;1
145265;0
279304;1
393974;1
234093;1
310935;0
334880;1
256275;1
347752;1
332725;1
343787;0
156796;1
350942;1
393786;0
165752;1
196476;1
272570;1
237728;1
243049;1
116287;1
140769;0
60007;1
330474;1
354917;0
249458;1
414312;1
80812;1
234778;1
102961;1
75091;1
134410;1
67509;1
65147;0
305635;1
187203;1
45013;1
90005;0
54020;0
369499;1
14059;1
9296;1
232052;1
51695;1
63054;1
26789;0
50545;1
149375;1
323784;0
411165;1
148342;0
107494;0
401027;1
43075;1
144938;0
107286;1
199706;1
65394;0
231065;1
94823;0
310173;1
329389;1
395224;1
224604;1
214430;1
162947;1
232968;1
362676;1
312252;1
402662;0
286556;1
383440;1
218261;1
182991;1
265998;1
280825;1
373289;1
400730;0
282008;1
342483;0
153063;0
237139;0
206839;1
183497;0
15010;0
133541;1
49055;1
244074;1
273770;0
155526;1
112855;1
282913;1
292006;1
267594;1
154235;1
158650;1
357169;0
306154;1
110740;1
106000;1
187862;0
294730;1
244972;0
127683;0
318505;0
296226;1
255483;1
40718;0
208235;1
107909;1
19370;1
374941;1
34634;0
303189;1
31582;0
37721;0
242113;1
74340;1
22599;1
154523;0
135068;1
27364;0
207944;0
379006;1
367421;1
217451;1
273265;1
161727;0
287385;1
51146;0
323263;1
84675;1
174450;0
394888;1
157934;1
171045;1
288714;1
178381;1
335234;1
86263;0
177404;1
293110;1
153299;1
228711;1
254475;0
297701;1
260089;1
358431;0
165019;0
335964;1
54379;0
232984;1
388849;1
240716;0
187301;1
166234;0
292431;0
79579;1
368098;1
141602;1
8253;0
204888;0
314826;1
359746;1
208714;0
145344;0
353106;1
280793;1
74999;0
190974;1
112524;0
347369;1
57950;0
243852;1
126528;1
315796;1
37462;1
332929;0
179397;0
24430;0
130026;1
291411;1
278825;1
238861;1
285737;0
375193;1
21833;0
208016;0
159199;1
300387;1
145247;1
219905;1
284271;0
213644;0
293921;1
4125;0
23505;1
254724;1
227863;1
302161;1
144375;1
182488;0
133195;0
388289;1
102968;1
17269;1
42965;1
377171;1
248975;1
374391;0
173567;1
102722;1
232011;1
52317;1
6053;0
394700;0
209086;1
354734;0
190160;1
257687;1
298903;0
283741;1
319486;1
225507;1
69730;1
205993;1
192435;1
376842;1
324626;1
281166;1
46817;1
326277;1
194317;1
131585;1
309371;0
334077;1
131122;1
153950;1
78248;1
138150;0
339002;0
241728;1
324355;1
334253;1
408568;1
245638;1
231710;1
195073;1
321145;0
108428;0
153564;1
113500;1
320981;1
1132;1
224184;1
274226;1
164426;1
223674;0
150749;0
319220;0
403921;1
315295;1
36873;0
263535;0
347519;0
366988;1
26312;0
134401;1
75001;0
397103;1
44105;0
290220;0
91897;0
376711;0
150133;1
220109;1
53757;0
255180;1
164543;1
242018;1
357810;0
311694;0
126494;0
74786;0
407909;0
13321;0
361684;0
98419;0
25554;0
62632;0
15016;0
303270;1
105780;1
249508;0
108601;1
176504;0
202020;0
386472;0
392568;0
240357;1
399941;1
234017;0
9082;0
77769;0
213753;1
251045;1
344548;0
321154;0
394392;0
209040;1
312853;0
241374;0
305456;1
60763;1
50232;0
227266;0
62339;0
267482;1
79341;0
157870;1
47067;0
364508;0
261700;0
81645;0
178419;0
393394;0
310479;0
272414;1
317361;1
324611;1
210271;1
385332;0
303425;0
389971;0
412748;0
220394;0
279244;1
319584;1
145378;1
226363;1
263636;1
385087;0
332448;1
60871;0
126434;1
370526;0
409789;0
394382;0
223010;0
1951;1
217813;0
154213;0
396227;1
199694;0
30279;0
420833;0
191156;0
203781;1
262153;0
133898;1
110924;0
134384;0
92611;0
95629;0
272992;0
280624;1
78000;0
299464;1
376548;1
205708;1
358787;0
243112;0
12423;1
82379;0
83550;0
34543;0
188237;0
8552;1
303441;1
108503;0
246218;1
222794;1
157937;0
394756;0
290726;0
356005;0
377552;0
193021;1
279030;0
13800;1
138542;1
63295;0
82136;0
251806;0
364003;1
250163;1
34732;0
174964;1
365273;0
414252;0
228912;1
400274;0
407733;0
302319;1
138320;1
64128;1
65715;0
351320;0
226080;1
272339;0
252243;0
264082;1
331214;1
415715;0
256231;0
419507;0
187131;1
401233;0
400089;1
187776;1
92390;0
318141;0
221762;0
86813;0
420339;0
66380;0
172514;0
68287;0
67691;0
112704;0
154024;0
381532;0
57632;1
95585;0
144843;0
158287;0
287574;1
256416;0
180346;0
175395;0
108583;1
192967;0
9992;0
111046;0
68643;0
48462;0
160183;0
316965;0
410334;0
66904;0
129336;0
292898;1
310668;1
358372;1
207843;0
366799;0
132957;0
307820;1
90335;0
233746;1
305819;0
407877;0
321249;0
389565;0
417596;0
105381;1
262600;1
302457;0
230735;0
197072;1
64887;1
391491;0
90583;0
227165;1
122994;0
314785;1
285982;0
404396;0
247878;0
122585;0
270942;0
361124;1
421197;0
262254;1
151527;0
278705;1
6851;0
79575;0
99660;1
239190;1
267902;0
330427;0
330678;1
304170;0
107100;1
206889;1
183918;0
261206;1
415537;0
103099;1
364337;1
338675;1
190718;1
305496;0
371741;1
18959;0
254033;0
335319;0
228141;0
128638;0
171656;1
364177;0
169910;1
317866;1
19365;0
53437;0
129204;1
403912;1
11154;0
253362;0
337972;1
344610;0
33162;0
321095;1
65741;0
95435;0
25362;0
151437;1
251635;0
351626;0
55648;0
218318;1
385174;1
51355;0
42321;0
251263;1
97142;0
94233;0
349835;0
236865;1
414800;1
327204;1
114588;1
308196;1
227547;1
67491;0
102664;0
42274;0
262239;1
326163;0
178062;0
275857;0
407472;0
92813;0
247351;1
21922;0
269023;0
5568;1
38543;0
55652;1
37564;0
348254;0
214858;1
275115;0
153980;0
4397;0
153701;0
108282;0
123481;1
225139;1
331175;0
311609;0
335820;1
140065;1
30903;0
377402;0
138940;1
264087;0
137247;1
292269;0
400255;0
251545;1
422183;0
326776;0
227740;0
26931;0
119202;1
207602;1
76059;0
103810;0
284261;0
360496;0
157324;1
386484;1
175552;0
325164;0
296745;1
144289;1
396945;0
33689;1
169918;1
66165;0
358811;1
282766;0
390304;0
241322;1
394543;1
232714;0
169743;0
401819;0
128127;1
277342;0
72370;0
47691;0
358089;1
238851;1
266139;1
221264;0
104048;1
177026;1
261251;0
254865;0
61598;1
139260;0
140121;0
251106;1
258391;0
359783;0
105963;0
189527;0
371761;1
123183;0
30010;0
94709;0
383421;0
57034;0
399173;0
158193;0
170042;1
319012;1
26535;0
287963;0
302656;0
220230;0
360903;0
187318;0
304207;0
68474;0
17295;0
306598;0
315408;1
261756;0
97095;0
92185;0
247363;0
280105;1
68667;1
117453;0
416557;0
165735;0
190773;0
14700;0
296354;1
157127;0
414477;0
283668;0
260226;0
230648;1
205779;0
356542;0
278038;1
224320;1
254355;1
102273;0
383124;1
70766;0
88125;0
26820;0
335951;1
356127;1
412549;0
158186;1
346223;1
96225;0
76996;0
289166;1
270200;0
33987;0
77506;1
401769;0
128999;1
359920;0
237492;0
145499;1
177047;0
279254;1
167061;1
217341;0
50247;0
316309;1
265415;1
76251;0
303896;0
63952;0
143825;1
273130;1
53215;1
386046;0
413568;0
118678;0
9560;0
236553;0
272666;0
401319;0
137485;0
158679;0
30625;0
359951;1
7763;0
325771;1
274022;0
227343;0
376934;0
124862;0
286237;0
73654;1
169411;1
63890;1
90134;0
207244;1
402859;0
112129;0
136510;1
186994;1
98451;0
204698;0
332142;1
348401;0
288276;1
108077;0
92470;1
299743;0
254332;0
128478;1
214086;0
58420;0
309444;1
407593;0
172391;0
334179;0
118796;0
384969;0
296241;1
265285;1
44187;0
173864;0
224468;0
81170;0
327562;0
46167;0
343418;0
40035;0
330037;1
157476;0
267712;0
353276;1
250298;0
133363;0
290543;0
380688;1
89745;0
115715;0
411151;0
254527;1
140322;0
218070;0
372683;0
113671;0
189445;0
271789;0
255736;0
207876;1
201778;0
73435;1
310072;1
84962;0
318247;0
191279;0
208336;1
206169;1
198335;0
198031;0
213884;0
406444;1
336726;0
242149;1
5805;1
22845;0
2919;1
184229;0
364252;0
283120;0
283887;0
327825;1
77554;0
155429;1
227495;1
204482;1
48326;0
95343;0
373691;0
187434;0
276256;1
170454;0
91155;0
142646;1
173463;1
34518;0
300195;0
358475;0
407869;0
205892;1
273223;0
266923;1
76176;1
156423;1
361540;0
155043;1
381360;0
54280;0
411515;0
381797;0
326128;0
189587;0
353559;0
161658;0
139350;0
368406;0
176469;1
18857;0
417049;0
340412;1
214516;0
255758;0
361146;1
99048;0
161877;1
199423;0
420042;0
144734;1
414900;0
252325;1
39490;0
416453;1
22128;0
198368;0
248550;0
5408;0
286233;0
356348;1
267914;1
331833;1
243050;0
341663;1
185410;1
348757;1
418395;0
101180;0
233049;1
59583;0
172950;0
399676;0
243651;1
349362;0
203161;1
377129;1
394848;0
171725;1
59467;1
7852;0
87550;0
198730;1
400877;1
1851;0
47005;0
5272;0
139117;0
39012;0
92141;0
300578;1
2312;0
240145;1
321828;1
88887;0
87419;0
66770;0
101432;0
118324;0
95327;0
3471;0
284758;1
11816;0
270311;0
331936;0
404000;0
418761;0
349770;0
251706;0
227026;0
125141;0
237719;0
260989;1
62387;1
91497;0
74628;0
404088;0
160965;0
329685;1
161422;0
109111;0
157867;0
313626;0
395010;0
335123;1
30362;0
380064;0
149848;1
205204;0
418093;0
131314;0
93939;0
409751;0
154772;1
67906;0
228428;0
213379;0
274993;1
288684;1
223016;0
318330;0
291315;0
402161;1
279006;1
139038;1
7133;0
261995;1
31807;0
275567;1
238196;0
22801;1
300637;0
80699;1
227785;1
273898;0
2331;0
379182;0
135001;1
92205;1
5763;0
232688;1
30733;0
191507;1
254421;0
139141;0
49164;1
246249;1
86023;0
407000;0
418396;0
184769;0
88992;0
248757;1
186553;1
326130;1
310811;0
212595;1
185084;0
167769;0
194500;1
402642;0
171215;0
281191;1
399762;1
298063;0
273452;0
330306;1
147145;0
97375;0
87348;0
313582;1
161086;0
334917;0
420585;0
278566;0
66062;0
11658;0
261893;0
378481;0
249077;0
344870;0
406750;0
340971;1
97977;0
413093;0
95004;0
364133;1
393536;1
332879;0
331356;1
119965;0
248876;1
230334;1
417366;0
207018;0
201113;0
107691;0
311202;1
149726;0
322014;0
337490;0
398563;1
220110;0
144435;0
12851;1
365059;1
342941;1
411622;0
272106;0
419439;0
355604;0
399194;0
246463;1
71479;0
113031;1
344700;0
143355;0
207040;1
248532;0
216355;0
264130;1
333660;1
79516;0
74221;0
67097;0
21888;1
262513;1
123045;0
145780;1
51432;0
382406;0
17204;0
359113;1
247743;1
363856;0
362284;0
262080;0
275698;0
166149;0
259320;0
174071;1
53121;0
291876;1
172272;0
156500;1
400022;0
189776;1
293171;1
333592;1
126234;0
303965;0
251307;1
232744;0
416811;0
235774;0
175884;0
315517;0
31251;0
43669;0
124420;0
118220;1
140749;0
106876;1
389784;0
115467;0
77876;0
278962;1
378829;0
249121;0
185648;1
40113;0
383698;1
61167;1
290324;0
125707;0
184417;0
210967;1
250538;0
298596;1
72271;0
157491;0
408273;0
388200;1
367429;1
245967;1
71750;0
17588;0
382420;1
91275;0
200642;0
244647;1
50739;0
379058;0
86593;0
302359;1
140690;0
374712;0
276734;0
171913;0
184061;0
141309;1
268282;1
83637;1
372991;0
231063;1
135216;1
106586;0
383860;0
145484;1
191105;1
30812;0
49967;0
309381;1
233789;0
231483;0
29661;0
327176;1
201738;0
204903;1
271368;1
195301;0
365187;0
22353;0
12408;0
185243;0
223269;0
30697;0
44067;1
72512;0
160272;1
4731;0
220145;0
208567;0
295074;0
274805;0
347485;0
279934;1
247798;0
111812;0
220202;1
251523;1
275435;0
254901;1
414455;0
75270;0
206331;0
312065;0
43467;0
59987;0
46347;1
325611;1
137443;0
279788;1
205092;1
374002;0
81750;0
119373;0
398863;0
76599;0
215836;0
398076;1
339284;0
125507;0
17712;0
159622;0
381008;0
403419;0
369677;1
248714;0
73727;0
65025;0
27785;0
65328;0
313996;1
408003;0
70953;0
407833;0
281979;1
103824;0
294288;1
151790;1
129400;0
324178;0
226705;1
45150;0
388702;0
404281;0
310995;0
274045;0
218444;1
33636;0
63937;1
229397;0
202206;1
260949;0
252078;1
2631;0
173502;1
172349;1
257409;0
116419;1
381157;1
280974;0
19897;0
281569;1
25850;1
354714;1
292521;1
134575;0
38185;0
229230;1
45337;1
307484;0
402896;0
140847;0
141489;0
264539;1
363054;0
170652;0
272502;1
146047;1
211896;1
154014;1
82895;0
192807;0
340838;1
37056;0
993;0
43231;1
148585;1
307790;0
270819;0
281689;1
46957;1
163806;0
384039;0
155706;1
22668;0
370023;0
411729;0
7714;0
289118;0
334704;1
176975;1
322882;0
83367;0
225858;0
323381;1
276625;0
263791;1
58560;0
370324;0
329200;1
230922;1
239135;0
416426;0
318625;0
173055;0
349432;1
327057;1
187343;0
214646;0
116491;0
230242;1
377254;1
404344;1
397553;0
115243;1
260865;1
327850;0
288120;0
274544;1
300956;0
283667;0
326904;0
374220;0
299866;1
271898;1
206655;1
357987;0
30978;0
244191;1
134768;0
124107;1
308273;0
65939;0
271218;1
96199;0
184655;0
320652;0
389288;1
194924;0
58188;0
314287;0
292019;1
90010;1
381285;0
255719;1
179429;1
296081;1
152118;0
396814;1
159445;1
311324;0
28948;0
6932;0
254426;0
222179;1
406520;0
199730;1
109348;0
335288;0
136396;0
138196;1
206198;1
223701;1
122036;0
351758;1
247024;1
306399;0
254388;0
91164;0
84189;0
253411;0
175539;1
37443;0
853;0
400380;0
371983;0
103498;0
252485;1
243186;1
83177;0
388369;0
8078;0
113414;0
300871;1
134242;1
246711;1
89508;1
299663;1
136647;0
6926;0
178838;0
383623;1
17540;0
328524;0
139288;1
260963;1
419482;0
212197;0
168729;0
370880;0
387697;0
393331;0
251156;1
277018;0
155320;0
39707;0
139749;0
63228;0
358954;0
40716;0
77727;0
273628;0
255138;1
396225;0
243770;1
238577;0
41627;0
146955;0
251054;1
80346;0
242841;1
358464;0
64305;1
86625;1
58850;0
117064;0
411388;0
256526;0
356323;1
358830;0
317647;1
54387;0
399158;0
318098;0
174679;0
244562;0
275048;1
61275;0
172969;0
321515;1
137444;0
202086;0
248769;1
312662;0
22981;0
309139;0
378984;0
199109;0
367720;0
237129;0
108666;0
139326;1
77701;0
226367;0
132908;0
340449;0
12727;0
37453;0
369916;1
213454;1
20838;1
330166;1
128773;0
230712;0
88371;0
348968;1
19546;1
384729;1
336355;1
348734;0
421190;0
332814;0
216385;1
421453;0
318021;0
165662;1
153466;0
80552;0
42272;0
78306;0
114852;0
134271;1
167776;0
46387;0
302407;0
1139;0
129114;0
127041;0
258138;0
122328;1
1481;0
115455;0
372635;0
51752;0
80385;0
182669;0
346958;0
392159;0
73712;1
103823;0
330120;0
276905;1
103229;1
86809;1
182173;0
393561;0
306580;0
422508;0
262724;1
86931;0
172099;0
273145;0
43907;0
169780;1
99055;0
169185;1
233120;1
343375;0
283316;0
225686;0
101905;0
215216;0
201176;1
298997;0
346824;0
342194;1
184801;0
414910;0
239054;0
295523;1
178234;0
160355;0
312033;0
202153;0
126344;0
129305;1
343932;1
155960;1
210265;1
357473;0
134863;1
166858;0
59082;0
215062;0
1253;0
171608;0
109487;0
143479;0
144642;0
89000;0
406599;0
7089;0
227482;1
251200;1
272395;0
366025;1
71483;0
409390;0
88703;0
171163;0
1234;0
162535;1
378269;0
291268;1
210223;0
21149;1
339446;0
378263;0
324463;0
327244;1
153214;0
248247;1
361114;0
379816;0
414907;0
148568;0
34244;0
307774;1
415550;0
50248;0
259528;1
357734;0
247582;0
390966;0
396959;0
388696;0
152876;1
345071;0
13350;0
286724;1
317873;0
74393;0
152909;1
200384;0
269645;1
182395;0
279128;0
246060;1
124101;0
248588;0
131937;1
28181;0
53206;0
206813;0
309263;1
360365;1
94568;0
22050;0
194479;0
364491;0
398550;0
290542;0
383797;0
240990;1
229575;0
111713;0
14221;0
52507;0
362236;0
312230;0
407037;0
359288;0
355742;1
378378;0
76418;0
289164;1
243897;1
220309;0
265835;0
244327;0
222243;0
239257;0
80650;0
107785;1
329331;0
153876;0
170706;0
334656;1
170647;0
240003;0
110249;0
369098;1
67242;0
9357;0
203530;0
185448;0
117802;0
56134;0
125299;0
123503;0
332613;0
24752;1
264755;1
19036;0
9287;0
234089;0
278959;1
60183;0
37730;0
170101;0
300020;0
395960;0
94034;0
407594;0
265086;0
277465;1
151118;0
231869;0
340186;0
400447;0
301196;0
233739;1
240420;1
373159;0
316330;1
21383;0
296112;0
338136;1
336992;0
37509;0
274266;1
409511;0
304532;1
312104;1
1457;0
141098;0
59052;0
345745;1
17731;0
251350;0
176556;0
163361;0
3776;0
338901;0
174339;0
207390;0
273224;0
46185;0
360880;1
218735;1
156694;1
191685;0
226334;0
121847;0
327803;0
255589;1
231595;1
291120;0
105431;1
92948;0
143302;1
96186;1
155016;0
134093;0
381723;0
220321;0
328682;1
325124;1
15009;0
136567;0
84693;0
75439;1
326503;0
212984;0
393572;0
242920;0
225552;1
207588;1
290345;1
221199;1
120927;1
274669;1
358927;1
47895;0
123017;0
126744;0
328758;1
132497;1
98282;0
13728;0
384841;1
175089;1
394648;0
250885;1
308978;1
126752;0
362576;0
306778;1
105375;1
301123;0
146723;0
234466;0
163776;0
46531;1
267908;1
254510;0
84154;0
259030;0
56762;0
39872;0
294897;1
108203;1
286394;0
218607;1
112980;1
254756;0
329880;0
349886;0
152089;1
276610;0
337934;1
50911;0
374171;0
416368;0
187992;0
26918;0
327610;1
345738;0
229745;0
296323;0
385461;1
15012;0
59042;0
112049;0
43777;0
266477;1
130476;1
131046;0
124668;0
272899;0
57470;1
206994;0
383517;0
381310;0
297610;0
195087;1
270463;1
357609;1
253436;1
165140;0
372396;1
295809;1
270812;0
201020;1
371930;1
321244;0
189779;0
143097;0
88950;0
408466;0
164931;0
19307;1
215480;0
211704;0
148455;1
94956;1
159564;1
315592;0
100857;0
29699;1
90897;0
128012;0
231847;0
272924;1
345181;0
152441;1
26446;0
165308;0
334697;1
211157;1
36283;0
23543;0
198888;0
353898;1
95427;0
123800;1
316333;0
355104;0
216302;0
309460;0
397710;1
417367;0
179497;1
338040;0
367285;0
176582;1
414423;0
253947;0
422447;0
14158;0
31558;0
144573;0
296290;1
10255;0
343535;1
31965;0
96410;0
351265;0
33262;0
406172;1
214224;0
295260;0
28751;0
292962;1
185016;0
284635;0
396193;0
343288;0
171463;0
253090;1
243829;1
116288;0
96375;0
215782;0
308581;1
388724;0
258500;1
78642;0
386274;0
44482;0
313647;0
225725;1
82756;1
304752;0
367655;0
243002;0
38397;0
163063;1
258486;1
23577;1
267052;1
344531;0
259726;0
308632;0
265570;0
174944;1
363278;0
385405;1
198391;0
305227;1
308301;0
88996;0
222341;1
276627;1
340200;0
276363;1
256012;0
398791;1
184964;0
95530;0
225816;0
383592;1
300783;1
94048;0
300163;0
43680;0
331828;1
64331;0
157326;0
209651;1
779;0
53447;0
3563;1
245583;1
268829;1
192081;1
262684;0
185005;1
244375;0
136573;0
137421;0
12801;0
110727;0
164210;0
145821;0
351601;1
268458;1
217634;0
14193;0
132817;0
145758;0
35064;0
404928;0
319651;0
109174;0
313013;0
221272;0
329317;0
381577;0
254011;1
243953;1
352709;0
121875;0
152835;1
19157;1
222587;1
374170;1
52343;0
385864;1
26443;0
320554;1
331725;0
142739;1
316379;1
21271;0
161954;0
126368;0
208892;1
165946;0
151431;0
292907;1
117020;0
99000;0
400880;0
32624;0
226204;0
288964;1
47620;0
19787;0
265019;0
71698;0
242140;0
389734;0
324280;1
7956;1
310138;1
415764;0
238575;0
340265;0
188965;0
96492;0
363350;0
280874;0
104515;1
7180;1
31385;0
372037;1
112742;1
114575;1
215165;0
390800;0
108374;0
206261;1
182789;1
200893;1
236371;0
72878;0
120319;1
378935;0
373813;1
317258;1
199037;1
296586;0
91892;1
155114;0
236228;0
4128;0
207337;1
185999;0
204832;1
297205;0
133568;0
66451;0
222364;0
133242;0
243930;0
23393;0
311979;0
320911;1
56933;0
223869;0
146523;0
208259;1
144935;1
182683;0
239443;1
393156;0
152548;0
252730;1
390276;1
224553;1
305878;0
89924;0
409391;0
171391;1
311103;1
359654;0
248991;0
286434;0
218106;0
119271;0
249429;1
201476;1
215550;1
113036;0
189937;0
135786;0
319985;1
348070;0
233871;1
301370;0
197296;1
163222;1
91114;1
228807;1
301603;1
75061;0
246371;1
33719;0
39456;0
60768;1
253184;1
240094;0
217026;1
296501;1
351652;1
190258;1
25990;1
327678;0
77334;0
121515;0
232586;1
176836;1
103313;0
4728;0
92014;1
13962;0
238773;0
173622;1
68093;0
91674;1
45565;0
95107;1
209665;0
30627;0
336955;0
103093;1
260762;1
193616;0
340451;0
352594;1
154572;1
80267;1
196588;1
231175;0
28622;0
148565;0
183083;0
121519;0
103899;1
410018;0
189827;1
255117;0
288861;1
286155;0
366760;0
351122;1
44124;0
135464;0
1212;0
155367;0
258506;0
49237;1
74081;0
134164;1
301889;0
298636;0
44029;0
30963;0
68604;0
71797;1
345593;0
260225;0
188612;1
367227;1
197780;1
103739;0
183259;0
129830;0
167144;0
48757;0
94928;1
361848;1
184142;1
313876;0
174449;0
87080;0
285194;0
26279;0
329277;1
79041;1
392815;1
125437;1
121045;0
180617;1
310972;0
16900;1
6256;0
260359;0
194987;0
182896;1
383798;0
277539;0
137466;0
17948;0
300858;0
250777;0
52268;0
327738;0
112872;1
330179;0
353080;1
97801;0
152549;0
271460;1
249452;1
177783;0
245921;1
244197;1
78214;0
365389;0
200353;0
239385;1
226891;0
31324;0
122379;1
399839;0
330574;1
322035;1
253968;0
341401;0
183055;1
283711;0
120478;1
30774;0
13285;0
419380;0
370702;0
145926;0
24125;1
375391;0
160879;1
42782;0
219113;0
339313;1
292317;0
178705;1
306639;0
112706;0
169271;1
408320;0
132669;0
3886;1
394289;0
386269;0
353715;0
66699;0
13385;1
170775;1
252983;0
198272;0
198826;1
61519;1
93476;0
146296;1
359707;0
391010;1
91555;0
47525;0
179689;0
418982;0
339731;1
101753;0
200613;1
126849;0
280174;1
244221;0
411981;0
110923;0
170630;0
136632;1
18652;0
311941;1
292402;0
384869;1
114145;1
35623;0
191260;0
292794;0
72772;0
400558;0
107857;0
234415;0
227596;0
410243;1
143405;0
59910;0
290134;1
245330;0
241327;0
351551;1
361238;0
66036;0
65579;0
226623;1
91616;0
363976;0
6717;0
4635;0
87568;0
320009;1
393981;0
151704;0
65759;0
307857;0
342205;1
404109;1
183245;0
121469;0
158956;1
171469;0
116274;0
63190;0
1305;0
123827;0
327628;0
207572;0
390578;1
112057;1
108759;1
38127;0
346482;0
206231;0
197179;0
343913;0
137419;1
94067;0
41371;0
43568;0
155492;1
178304;1
20293;0
302848;1
407116;0
36848;0
5207;0
408780;1
315648;1
191125;0
119263;1
24652;0
192808;0
262723;0
116569;0
205474;1
340369;1
121772;1
311438;1
79330;0
65859;0
107516;0
95313;0
388409;1
303133;0
336957;0
422230;0
364442;1
242925;1
121826;0
258966;0
317022;0
9499;0
5563;0
416054;0
124504;0
73819;0
396386;0
40571;1
372404;0
49902;0
260858;0
304001;0
144507;0
123378;0
265982;1
370842;1
17626;0
301201;0
66473;0
38466;0
292947;1
310045;1
122469;0
196777;1
257539;0
145661;0
256;0
357420;0
157751;0
393378;1
161005;0
330098;0
333817;1
342203;1
7233;0
237274;1
173715;0
364247;0
210823;1
105407;0
351238;0
47990;1
50771;0
229457;1
103437;1
248713;0
37340;0
306999;0
217230;1
124259;0
95393;0
323846;0
24349;0
276994;1
308574;0
422170;0
320469;0
385021;1
178731;0
42952;1
211819;0
7772;0
294668;1
86663;0
353200;0
278921;1
407530;0
65740;0
314717;0
69276;0
357345;0
35190;0
121461;0
384603;1
76849;0
174616;1
257614;0
263553;0
3631;0
381015;0
348134;0
211387;1
56782;1
184036;1
277815;1
21562;0
44698;0
74381;0
57758;0
351721;0
387610;1
53025;0
111165;0
101356;0
43893;0
179479;1
196733;0
214508;0
173236;0
376089;1
406067;0
87377;0
342419;1
230566;1
304144;0
71806;0
417169;0
223819;1
367771;0
417438;0
35286;0
150705;0
284550;1
39653;0
164971;0
260758;1
147203;0
206789;1
393532;0
291569;0
337570;1
194421;0
119590;1
92143;0
88637;0
386930;1
226097;0
352716;1
301891;1
397736;0
356108;0
65787;0
167645;0
58184;0
343586;0
294531;1
161792;0
119576;0
192364;1
272370;0
71;0
361162;0
243828;0
32429;0
18302;0
136278;1
403155;0
7882;1
42583;0
375221;0
17307;0
227480;0
7673;0
310383;0
224780;0
348671;1
346747;0
218744;0
380782;0
419752;0
319945;0
240530;1
165706;1
172614;0
157185;1
206683;0
80025;0
250263;1
183237;1
373279;1
268076;1
279883;0
331527;0
380533;1
128738;0
207161;0
325050;0
171810;1
30534;0
43105;1
371358;0
123499;0
251603;1
345402;0
120803;0
9772;0
315854;0
315047;0
23792;0
125543;0
85477;0
143960;0
53219;0
54666;0
111692;0
354151;0
404858;0
68236;0
208679;1
138435;0
352100;1
103622;0
418719;0
305763;0
172360;0
1291;0
379850;0
380112;1
139505;0
5703;0
3297;0
49866;0
41592;0
326702;0
91020;0
400092;1
178227;0
48266;0
21262;0
253502;0
366569;0
416754;0
244263;1
343640;0
35277;0
269260;0
151280;0
98838;0
35310;0
422495;0
87112;0
191299;0
156679;0
62821;0
285582;0
246308;1
2097;0
76415;0
418774;0
127128;1
120091;0
193424;1
5548;0
285353;1
90377;0
96324;0
244518;0
105922;0
123729;0
2636;0
2210;0
131507;1
194537;1
200786;0
271855;0
167313;0
156622;0
389611;0
28034;0
163383;0
399766;0
402929;0
416086;1
69046;0
242673;1
394677;0
75261;0
189740;1
367752;0
61146;1
27360;1
185887;0
115135;1
73365;0
358167;0
357379;0
414054;0
138483;0
129787;0
335349;1
56064;0
373852;0
12010;1
80690;1
369779;0
201613;1
26553;0
355255;0
28525;0
317067;1
72121;0
68181;0
297269;1
290280;1
266442;1
204474;1
157051;1
374555;0
167060;0
150447;0
307352;0
121731;0
130354;1
403588;1
255830;1
314273;0
183912;1
78911;0
176222;0
129481;0
363891;1
295357;0
412122;0
172685;0
272012;1
2818;0
99349;0
405324;0
302224;1
36410;1
86943;0
259475;0
193973;0
180202;1
139056;1
365006;1
169418;1
295040;1
343622;1
69583;0
58050;0
387377;1
228180;0
41164;0
60750;0
316089;0
53224;0
291910;1
370974;0
259669;1
85013;0
369273;1
183130;0
289742;0
272767;1
167583;0
258673;0
59045;0
284636;1
252348;0
403407;0
77529;0
177443;0
108082;0
190365;0
418806;0
3451;0
131718;0
163872;0
161902;1
109973;0
293939;1
85225;1
70760;0
17378;1
181134;1
64291;0
304951;1
272434;1
413375;0
146850;0
209696;0
251516;1
392271;0
96392;1
320506;0
341030;0
146387;0
97561;0
347376;0
394492;0
359163;0
316578;0
365496;0
207818;0
309174;1
90302;0
256365;1
264007;1
325417;1
378456;1
126065;0
110218;1
34648;0
316446;0
250171;1
238246;0
147966;0
290162;0
138412;0
50301;0
408730;0
412099;0
93214;0
287568;1
375199;0
270083;0
126645;1
148104;0
334493;1
332002;0
206330;0
108611;1
156027;0
278507;0
186887;1
107608;0
362193;0
372128;0
17139;1
241989;1
106084;0
374132;0
143860;0
303461;1
275695;0
52926;0
90521;0
4139;0
277515;1
313628;1
200822;0
88375;0
323911;0
115772;0
29507;0
123241;0
186209;0
395392;1
33531;0
360876;0
999;0
186966;1
87262;0
421270;0
172156;1
360234;0
373750;0
9102;0
116871;0
119044;0
386401;1
101680;0
15418;0
239481;0
319105;0
113696;1
136518;1
207693;0
367512;0
198726;0
323042;1
134426;1
295840;0
210280;0
309443;0
254905;1
200007;0
265099;1
83713;0
334624;0
11937;0
190716;0
324618;0
316124;1
255365;1
138972;1
421573;0
421600;0
292573;0
4950;1
345282;0
238676;1
100292;0
79932;0
18086;0
341785;0
358548;1
91501;1
78774;0
125359;0
401283;1
335316;0
163812;0
38911;0
22555;0
262535;0
260528;0
410126;0
372831;1
90064;0
30370;0
384856;1
209557;0
131445;1
336991;0
89536;0
318863;0
248831;1
84293;0
34187;0
89281;0
400068;1
210528;0
177523;0
352166;1
132366;1
126004;1
232455;1
389663;1
56372;1
422299;0
1523;1
238931;0
160629;1
389077;0
165214;0
348117;1
421370;0
116209;0
148126;1
407080;0
175204;1
227857;0
141027;0
355056;1
163085;0
372906;0
342589;0
416109;1
348252;0
200356;0
73817;0
261817;1
401948;1
114386;0
23077;1
103680;0
163178;0
335756;0
293258;0
180676;1
234787;0
369763;0
45096;0
57953;0
231789;1
262174;1
407993;0
46397;1
162002;1
147638;0
154835;0
215570;1
24509;1
51280;0
113243;0
137453;0
128406;0
269761;0
107048;1
368178;0
79829;0
344574;0
172439;1
64539;0
49263;0
166969;0
414100;0
232144;0
314363;0
266126;1
173408;1
370368;1
17259;0
411418;0
156917;1
253521;0
229028;0
356839;1
382718;1
195872;0
418663;0
206080;1
350381;1
8912;1
406937;0
318858;1
220873;1
216312;1
416973;0
129920;1
71868;0
192592;1
250353;1
13457;1
419904;0
102943;0
110658;0
215315;0
81223;0
284466;0
277501;1
299279;1
102457;1
117196;1
221988;0
346702;0
43594;0
370045;0
184870;1
56747;0
344994;0
6214;0
100795;1
311757;0
368887;0
265028;0
349547;0
394966;0
169163;0
100532;0
310219;1
33100;0
320798;0
83793;0
350507;0
301098;0
397719;0
26341;0
24818;0
333864;0
139443;0
372477;0
6673;0
177593;1
75534;0
212952;0
125110;0
151445;0
323251;1
189781;0
385913;1
101700;1
309201;0
121886;0
186016;1
165108;0
384415;0
194101;0
276318;1
199977;1
397588;1
317747;1
242752;1
245858;1
285235;0
96700;0
237271;0
367445;1
237592;0
308224;0
412336;0
171964;0
296394;1
142650;0
224120;0
241094;0
28118;0
147713;0
372382;0
367102;1
317057;0
201157;0
281564;1
255664;1
118179;1
349267;0
1537;0
29455;0
387390;1
410560;0
326916;1
201542;1
254593;1
330828;0
45065;0
170794;1
374408;0
222885;0
322226;1
165599;1
395749;1
363241;0
328535;0
147864;0
416074;0
308125;0
207778;1
201404;0
298093;1
213270;0
258523;0
236963;1
163277;0
383325;1
147288;0
377002;0
28876;0
418995;0
366050;1
377035;0
387556;0
197451;1
175167;1
182355;0
279298;1
28810;1
145906;0
6971;0
178046;1
346054;0
103867;0
223862;1
36027;0
225668;0
316406;1
140107;0
396054;0
330207;0
39010;0
129218;1
54854;0
309940;0
57628;0
287078;0
227975;1
295293;1
244186;0
410003;0
373917;0
342488;0
392200;0
348566;0
7080;0
28072;1
257340;0
14606;0
225094;0
337423;1
307233;0
409151;0
58706;0
406019;0
56536;0
5322;0
52625;1
290584;0
101520;0
199734;0
316468;1
31354;1
372258;0
292387;0
285585;0
339637;1
150326;0
144862;1
64862;0
32720;0
31175;0
65369;0
14886;0
158645;1
326391;1
86578;0
39549;1
156546;1
182402;0
200148;0
276601;1
264767;0
10477;0
160963;1
189467;0
11727;0
364618;0
145552;1
223916;1
212340;1
62718;1
301099;0
3419;0
141260;0
372425;1
151771;0
410947;1
391196;0
336329;1
266530;0
205547;1
288799;0
165345;1
93770;0
23699;1
349713;0
162692;1
163971;0
155646;1
262610;1
123974;0
274573;1
212844;1
339315;0
79455;0
87607;0
102314;0
73306;0
280977;0
354237;1
6919;0
290180;0
125522;0
224933;0
78549;0
364734;0
267764;1
330547;0
226945;0
148490;1
186735;1
336658;0
299886;0
170396;0
276359;0
275173;0
27397;1
320022;1
53822;0
25392;0
354477;0
418062;0
67980;1
14379;0
21010;1
97149;0
243170;0
254843;0
161935;0
213655;0
7134;0
265554;0
218175;1
136569;0
356532;1
47586;0
168735;0
157755;0
15590;0
94638;1
330405;1
34196;0
352960;0
163280;0
198096;1
166445;0
24988;1
209923;1
336616;0
410426;0
251083;0
146661;0
208065;1
58487;0
148921;1
239176;0
266755;0
4783;0
255330;0
247660;1
321610;1
300131;0
286201;1
335454;0
90166;0
284167;0
299013;0
40022;0
268190;0
318483;0
85327;0
231466;0
400959;0
346092;0
233096;1
5776;1
180239;0
69310;0
289201;0
86803;1
155732;0
293705;0
16301;0
228946;0
337524;0
265021;0
78983;1
335046;1
162983;0
288229;0
238669;1
146489;1
326578;0
99941;0
263794;0
372892;0
185694;1
104535;0
257073;1
341457;0
308430;0
195584;1
420241;0
245163;1
162446;1
113648;0
203201;1
355866;1
357459;0
28820;0
47206;0
361182;0
124426;0
66864;0
409130;0
300614;0
66632;0
331365;0
223366;0
421779;0
151596;0
391482;0
244380;0
40557;0
257391;0
56676;0
253438;1
143132;1
354341;1
121400;1
207158;0
20880;0
266291;0
78264;0
414139;0
404083;0
299903;0
416470;0
386551;1
394125;1
410501;0
176914;1
32147;0
75982;0
35637;0
295938;0
278132;0
343601;1
148808;1
281451;0
69674;0
196556;0
191798;0
19002;0
275762;0
333259;0
163895;1
367606;0
260803;0
18973;1
84315;0
234006;1
251007;1
77938;0
253518;0
65264;0
409351;0
54058;0
142130;0
166981;0
330281;1
101878;0
124996;0
147018;0
419427;0
394815;1
110058;0
141408;1
378240;0
205091;1
134278;0
325430;1
381944;1
168001;1
3203;0
128515;0
266283;0
273956;0
228137;0
327963;0
312233;0
101572;0
389981;0
293439;0
267554;0
106773;1
283599;1
297908;0
9862;0
303030;1
95312;0
74820;1
235458;1
253540;0
220714;1
68264;0
340806;0
323613;0
292047;1
41827;0
284351;1
143042;1
328154;0
206820;0
211033;0
143145;0
103676;0
32994;0
321261;1
25036;0
55594;0
349171;1
384382;0
136850;1
84253;0
240321;0
397760;0
65629;0
46542;1
29410;1
38997;0
24767;1
276480;0
8877;1
183677;1
339915;1
34933;0
343590;0
216225;0
171851;0
117521;0
384835;0
114819;0
208828;0
255317;0
394205;0
287785;1
212980;1
181914;0
102648;0
252350;0
67053;0
150251;0
172519;1
321684;0
351633;0
168650;1
167983;1
416304;0
18753;0
89817;1
398041;0
159954;1
56559;0
399532;0
17747;0
291517;1
253153;0
222011;1
105009;0
70946;0
333762;0
384970;1
136956;0
189191;0
46877;0
227594;1
166296;1
51707;0
207427;0
304615;1
343169;1
71636;1
1263;0
288387;0
135922;0
285052;0
217131;0
332102;0
372025;0
310565;1
165057;1
321673;0
314336;1
149412;1
36841;0
59164;1
276707;0
204430;1
32860;0
2738;0
331232;1
84670;0
118374;1
273404;1
179303;1
354814;1
379312;0
44288;0
132267;1
176467;1
288328;0
57104;0
221180;0
294795;0
391287;0
339084;0
194765;0
47310;0
130880;1
93753;0
166398;0
36560;0
124707;0
132023;0
84446;1
212187;0
375436;0
56626;0
140061;1
123242;0
303869;0
55454;0
207459;1
287774;1
400491;0
153572;1
351157;0
256101;0
219095;0
247196;0
22313;0
254223;1
404555;0
156291;1
129113;1
33714;0
29060;0
153510;0
15506;0
326524;1
275641;0
331893;0
385358;0
373980;1
71074;1
228720;0
386477;1
308458;0
21476;0
222862;1
71450;1
371388;0
254708;0
157642;0
393139;0
261535;0
286002;0
348354;1
189761;0
199044;0
274072;0
66417;0
339124;0
59357;0
24559;0
22057;0
110635;0
125725;1
291364;1
59119;1
163187;1
309858;1
386414;0
245733;0
56373;0
415385;0
158686;1
8774;0
30811;0
132197;0
149667;0
242539;1
421176;0
400775;1
20369;0
96453;0
15369;0
167701;0
342495;0
69150;0
281122;1
67108;0
239670;0
269450;1
268044;1
241705;1
228371;1
270902;0
421958;0
310272;1
181078;1
150597;0
388686;1
391650;1
312113;0
199738;0
174217;0
404403;0
61012;0
157570;1
270618;1
350850;0
166671;0
204243;0
6556;1
403871;1
152073;0
278145;0
168251;0
156117;0
70498;0
92481;1
25835;0
155018;0
142694;1
287191;1
99503;1
341788;0
291857;1
418324;0
187475;0
312028;0
35497;0
328397;0
214615;0
205684;0
318282;0
317564;0
354262;1
214020;1
390900;0
130637;0
143368;1
167641;1
28357;0
249991;1
342272;1
111036;0
113246;1
93323;0
77743;0
293695;0
168067;0
199270;0
40518;0
75233;0
162433;0
57047;0
234899;1
156075;1
308730;1
406979;0
191831;0
380672;1
379424;1
280157;0
21328;0
201961;1
348698;0
292318;0
392721;0
165669;0
120765;0
186080;1
33292;0
66875;0
122197;0
305824;1
293324;0
262502;0
374969;1
94958;1
25604;0
371354;0
12003;0
236172;0
289519;1
310342;1
252519;1
61677;0
116812;0
355479;0
346899;0
305234;0
356770;1
253743;0
232846;1
94336;0
382745;0
36169;0
181894;0
139566;0
409818;0
221851;1
292624;1
197741;0
225926;1
253396;0
329573;1
286574;0
50845;1
288837;1
376100;1
184426;1
390242;1
191345;0
342090;1
324462;0
121878;0
206467;1
108955;0
162268;1
18855;0
20822;0
49860;1
244015;0
372950;0
242087;0
396512;1
100963;0
274594;0
99891;0
314557;1
172968;0
147398;0
402993;1
394803;0
52076;0
198568;1
139098;0
112816;0
100304;1
59761;0
136182;1
97028;0
364021;1
375035;0
321658;1
33407;1
118308;1
133997;0
17142;0
382423;0
159710;0
358650;0
171101;0
275085;1
365194;1
254845;0
390196;1
406124;1
128531;0
347934;0
415549;0
61732;0
186120;1
414080;1
286447;0
405464;0
73982;0
100382;0
204092;1
269171;0
274315;1
53165;0
207312;0
221239;0
183378;1
33652;0
368877;1
314406;1
65729;0
140748;0
308854;1
302888;0
230267;1
315274;0
353085;1
340184;0
396636;0
395012;0
280516;1
292341;0
130816;1
355930;1
210541;0
120821;0
128893;0
52120;0
327625;0
234140;1
115889;1
54101;0
311060;0
58659;0
292433;0
283073;0
80231;0
421378;0
49594;0
302894;1
65714;0
213785;1
274980;1
3670;0
40210;0
235644;1
306439;1
207958;0
378085;0
337796;1
271098;1
7190;0
86925;0
293342;1
42980;0
194122;0
158046;0
98478;1
12618;0
345908;0
408074;0
271306;1
242654;0
91704;0
362927;0
8099;0
269040;0
123688;1
385318;0
90412;0
83056;1
246302;1
55666;0
385434;0
38773;0
389392;0
243538;0
174390;1
407504;0
151166;1
49919;0
413784;0
190078;1
81984;0
310863;0
91356;0
171035;0
191104;0
343085;0
274367;0
222973;1
334079;0
44656;0
31772;1
176047;1
35144;0
416053;0
5004;0
190372;0
224185;0
18041;0
105779;1
148447;0
283237;0
405475;1
252542;1
358877;0
184116;1
30777;0
163424;0
335079;0
277812;0
170534;0
373451;1
395246;1
110607;0
407003;0
291928;0
277621;1
140223;0
177039;1
383265;1
58963;1
70081;0
186852;0
313678;1
247682;0
233885;0
377263;0
184562;1
335906;0
52783;0
133542;0
173767;1
174160;1
141277;0
205549;1
73189;0
286673;1
73440;1
197071;1
102356;0
219357;1
299712;1
339330;0
68352;0
348774;0
52223;0
353745;0
294063;0
537;0
305535;0
251992;0
53570;1
413888;0
237999;0
274771;1
223066;0
64382;1
149067;0
183294;1
302478;0
45311;1
181694;0
258541;1
410435;0
417859;0
104812;0
320147;0
215193;0
417047;0
86493;0
297879;0
338413;1
298565;1
285329;1
212927;1
83102;0
70137;0
198402;1
214765;1
40722;0
186518;0
304258;1
180446;1
184226;1
282853;1
156211;0
143134;0
380971;0
211439;0
167561;0
273260;1
23013;0
90853;0
31418;0
342270;1
164940;0
409119;0
232080;0
293073;0
173545;1
112145;1
253744;0
359327;0
153007;0
221663;1
247099;0
51161;0
367017;0
1146;0
49663;0
12948;0
290502;1
264003;0
277601;1
137852;0
376159;1
205669;0
364779;1
146371;0
404184;1
287610;0
290402;1
54147;0
341269;1
275566;1
377509;1
355913;0
258527;1
442;0
106057;0
202562;1
255452;1
203871;1
273313;1
305402;1
58067;0
22342;0
341831;0
361499;0
131377;0
327346;0
7790;0
192066;1
309424;1
180158;0
141189;0
297543;0
314011;1
368109;0
208914;1
414595;0
416492;0
371541;0
70974;0
4008;0
294398;1
275636;0
311052;1
245516;1
339146;0
382508;0
283564;0
147444;0
334232;0
394162;1
24807;0
116273;0
36119;0
185713;1
362570;0
387218;0
233233;1
66057;0
115192;0
120595;0
42143;0
182644;1
321503;0
102735;0
336433;1
331371;1
316887;1
6249;0
419216;0
128468;1
189178;0
318441;0
152094;0
182011;1
399876;0
238665;0
46662;0
242609;0
100385;1
89632;1
113948;1
151835;1
277952;0
95372;0
272000;0
306415;0
263036;0
29614;0
321260;1
7143;0
403144;0
291844;1
108865;0
107808;0
98903;1
196666;0
8345;0
498;0
258739;0
398530;0
410621;0
62304;0
163501;0
341472;0
352493;0
379498;0
291249;1
209294;1
181786;0
370723;1
28029;0
406781;0
113408;0
45263;0
40721;0
113273;1
412332;0
291685;0
144986;0
55766;0
2946;0
220468;1
31795;0
224984;1
323898;1
372649;0
15133;0
50507;0
376092;1
410672;0
308395;0
126653;0
19413;0
403647;0
114888;0
421566;0
330022;1
192203;0
128602;0
188282;0
287276;0
77276;0
103480;1
7394;1
411037;0
121913;0
177870;1
286317;1
194031;1
416095;1
331766;1
242966;1
76012;0
108306;1
342116;1
100728;0
391707;1
295764;1
83822;0
106575;1
335547;1
15178;0
112271;0
64099;0
376360;0
87494;0
413880;0
159536;1
127747;1
108497;0
306285;1
54916;0
331722;0
298006;1
279825;0
421525;0
212225;0
195366;1
407845;0
365953;0
223654;1
421281;0
235039;0
410214;1
336145;0
43381;0
132376;1
362195;0
165982;1
359344;1
63052;0
367414;1
68455;0
39445;0
224982;1
255443;0
402841;0
138955;0
222537;1
45880;1
10902;1
271378;0
410652;0
179393;0
135522;0
177607;1
116568;0
211214;0
361025;1
95229;0
334098;0
306791;0
359372;1
27181;1
302072;0
299409;1
246011;1
382712;1
273273;1
14790;0
126956;1
146167;0
244138;1
256877;1
102156;0
287105;0
300149;1
143503;0
130515;0
78935;0
85299;0
57089;0
148513;0
47568;0
379716;0
227555;1
347209;0
103922;0
10171;0
148488;1
411642;0
288378;0
119432;0
389721;1
107343;1
190456;0
318693;0
361016;1
175898;1
276092;1
95375;0
378955;1
199976;1
406478;0
45742;0
387347;1
336392;1
325930;1
158929;0
398638;0
352343;0
219460;0
417531;0
140869;1
137606;0
366128;0
70862;0
97661;0
341570;1
400265;0
408392;0
212406;1
167834;1
414351;0
131896;0
53285;0
297127;1
304967;0
390508;0
337060;0
421925;0
219289;1
90836;0
347812;1
207664;0
395096;1
3013;0
101095;0
360915;0
214539;0
3164;0
418020;0
313556;0
47325;0
369511;0
107147;0
226437;0
266562;1
397837;0
246311;1
71845;0
168755;0
133313;0
157021;0
106448;0
316086;1
404885;0
296582;1
65057;0
407108;0
398523;0
36527;0
251834;1
402695;0
62415;0
317207;0
366788;0
10224;0
386933;0
192657;1
392606;0
393845;0
359491;1
215119;1
30613;0
97879;0
398796;1
198503;1
25564;0
121111;1
366210;0
77307;0
378848;1
397351;0
96428;1
263940;1
101292;0
65067;1
419730;0
388658;0
288059;1
108334;1
43914;0
421404;0
134902;0
64619;0
95793;0
114763;0
21795;0
107928;1
13384;1
157379;1
131369;0
279480;0
309689;0
763;0
300683;0
227607;1
130307;1
369087;0
70520;0
215901;0
197117;1
47133;0
345758;0
21906;1
381885;0
135404;1
56093;1
154018;1
20520;0
397199;0
339391;0
76614;0
295673;1
84849;0
329284;0
20405;1
249273;0
220472;1
82758;0
396990;1
278938;0
36969;0
141471;0
219539;0
280760;1
228894;0
411196;0
252410;1
193558;1
318000;1
384502;1
137236;0
421199;0
10655;0
187407;0
21248;0
152849;1
134162;1
12255;0
67075;0
75535;0
418545;0
292875;1
224022;1
365830;0
176577;0
75294;0
256090;0
224122;0
348887;0
224755;0
102484;1
25311;0
50920;0
345102;1
403107;0
155913;0
18049;0
143538;0
107615;0
391060;0
161365;1
134214;0
330293;1
5390;1
17469;0
401001;0
282335;0
122844;1
189613;1
126348;0
79792;0
142294;0
274101;0
422092;0
399678;1
243319;0
350717;1
399269;0
338559;0
132911;0
74782;0
164589;0
202903;1
19909;1
109804;0
234680;0
169312;0
11;0
249689;0
402902;0
195892;0
363095;0
285674;1
62482;1
179035;1
89390;0
35696;0
28234;0
400855;0
347813;0
106037;0
2314;0
168935;0
230383;1
284906;1
266675;1
418423;0
347946;1
100214;0
157538;0
4073;0
300008;1
376738;0
291979;0
167278;1
94468;0
393978;0
206085;1
410137;0
419566;0
209961;0
156351;0
126279;0
183108;0
198606;0
43106;1
320008;1
395804;1
151328;0
358896;0
351017;0
134105;0
61348;0
395235;1
38250;0
70542;0
400909;0
95750;1
256153;0
252660;0
242436;1
349438;0
135172;1
104765;0
410015;0
104377;1
214155;1
200738;0
302298;0
295114;1
311679;0
307172;0
350461;0
93246;0
28157;0
115438;0
213638;0
68193;0
393470;0
353755;0
368350;0
112886;1
368562;1
85337;0
79916;1
227313;0
316669;1
186703;0
100468;0
388141;0
187541;0
324924;0
314980;0
138045;0
145231;1
262025;1
107809;0
419811;0
173948;1
81318;0
33788;0
140712;0
113769;0
418683;0
45327;0
403945;0
350993;0
255209;1
116028;1
331144;0
361156;0
353471;0
408610;0
12929;1
380764;0
191246;1
170074;0
372346;0
213388;0
196996;1
140019;0
408766;0
145003;1
19932;0
18424;0
377959;1
3270;0
237295;1
227817;0
30590;0
90283;0
170610;0
143697;1
276476;0
111098;1
11325;1
42463;0
70159;0
2652;0
168339;1
109033;1
86986;0
326728;0
97516;0
214665;1
288097;0
185849;1
146656;1
399014;0
52839;0
363121;0
290810;0
2122;0
160127;0
130622;1
280353;0
189563;1
13699;0
144757;0
290580;0
295197;0
2212;0
252552;0
286953;0
223143;1
82852;1
298500;0
315103;1
193853;1
130961;1
284294;0
178733;1
22742;0
362141;0
257852;0
387523;0
242789;0
365969;1
291794;0
17644;0
138200;1
388833;0
25114;0
12235;0
115933;0
402814;0
290884;0
154972;0
197512;1
245159;1
2088;0
375843;0
372708;0
21156;0
304495;0
267342;0
195682;0
45510;0
192691;0
313125;1
49509;1
127928;0
405897;0
393663;0
64130;0
402443;0
262390;1
195447;1
142204;1
37990;0
79810;0
313727;1
90235;1
225834;0
80917;0
267831;0
130132;0
180599;1
299040;0
263527;0
195213;1
310078;1
419385;0
48654;0
259187;0
180736;1
138205;1
377255;0
2420;0
297357;1
144779;0
281730;0
108150;1
88354;0
301011;0
217592;1
312785;0
121894;1
342995;1
396294;0
191828;0
234278;0
8553;0
301130;1
268766;0
197614;0
208170;1
49496;1
337506;0
12908;0
296993;1
171852;1
109761;1
415544;0
282067;0
414183;0
202158;1
264548;0
26930;1
76430;0
136523;0
62208;0
59543;0
45046;1
50215;0
279090;0
322958;0
346914;0
156772;1
165636;1
316531;0
93996;0
33766;0
8245;1
49071;1
177167;1
365126;0
91595;0
339837;1
110682;0
356;0
100444;1
396178;1
132808;0
148969;1
389680;0
334517;0
292070;0
156722;0
83127;1
150348;0
87714;0
313394;0
182535;0
82403;1
259391;0
104575;1
304652;1
41094;0
301362;0
131673;0
15812;0
308241;0
383354;0
28653;0
406506;0
39304;0
179105;0
326659;1
26660;0
233058;0
38539;0
410101;0
138765;1
63584;1
109706;0
231944;0
100540;1
35003;0
373294;0
11183;0
89211;0
130773;1
42436;0
259253;0
254103;1
150819;0
82111;0
163426;0
352249;0
366482;1
344600;1
223254;1
229080;0
301499;1
303275;0
322586;0
33285;0
127644;0
51128;0
178362;0
31111;0
218669;1
260881;0
28506;0
349538;0
21418;0
27316;0
166825;1
313687;0
177072;1
70398;0
355286;0
114467;0
360542;1
95061;0
374479;0
404527;0
113084;0
171252;1
10855;1
97299;1
403423;0
272857;1
318176;0
87114;0
228389;1
369983;0
103130;1
390746;0
145825;0
80259;0
319428;1
353888;1
14777;0
275801;1
82310;1
68559;0
157902;1
132587;1
309534;1
191092;0
409961;0
25635;0
322794;1
255116;1
397045;0
23162;0
38732;1
80582;0
259892;0
277704;0
361497;0
391556;0
373375;1
108069;1
168849;0
339893;0
84227;0
181567;0
328501;1
193824;0
114185;0
292101;0
40459;0
55506;1
321685;0
111378;1
261497;0
392438;0
213741;1
58738;0
52478;0
278026;0
347957;0
57928;0
286222;1
244340;1
277598;1
89374;1
29801;0
160783;0
382513;0
233916;0
206346;1
46164;1
316057;1
5445;1
204251;0
12937;0
287178;1
65459;0
83100;0
78446;0
32856;0
350108;0
368216;0
171882;1
54565;1
413696;0
339544;1
21708;0
212633;1
298990;1
78225;0
38703;0
274194;1
49260;1
259516;1
194842;0
362261;0
113241;0
378986;0
312056;0
135727;0
395202;0
341416;0
398618;0
368509;1
39102;0
137916;0
404365;1
21241;0
399698;0
409711;0
214379;0
234291;0
154032;0
120880;1
403576;0
268255;0
119895;1
194396;1
73576;0
1238;0
108756;0
155174;0
344885;1
166600;0
393364;0
386149;0
322136;0
252009;0
281301;0
182569;0
216816;1
364076;0
55392;0
37417;0
150073;1
273294;1
125424;0
215246;0
57336;0
420750;0
72688;0
259866;1
360135;1
283146;0
247336;0
361255;1
401192;0
251814;0
274950;1
246912;0
305211;0
391983;0
48506;0
136819;0
389661;0
279607;1
115449;0
165862;1
52379;0
378164;0
51447;0
415249;0
243612;0
421086;0
322939;1
221084;0
22617;0
212593;0
45892;0
154308;1
243503;1
301470;1
287354;1
291311;0
339062;1
268384;0
221400;1
83784;0
304619;1
332612;0
175015;1
85758;0
133039;0
307143;1
357807;0
313794;1
221169;0
388291;0
393237;0
206910;1
196409;0
45120;1
382287;0
343331;1
20297;0
261031;1
24048;0
402194;0
242186;1
141944;0
165830;1
12119;1
254634;0
18089;0
29820;1
330996;0
41803;0
344742;0
10511;0
162953;0
16428;0
25225;0
209438;1
406434;0
326875;1
324100;1
360338;1
258247;0
109586;0
4253;0
321557;0
68389;0
133962;0
279469;0
364841;0
305938;0
314334;0
166371;0
406344;0
297969;1
329617;0
263759;0
212739;1
289881;1
399834;0
203905;0
50282;0
317977;1
306226;0
352152;0
7869;1
342682;0
66444;1
34282;0
404888;0
118524;0
220101;0
335987;0
35986;0
126018;1
39651;0
219947;1
4288;0
88377;0
257301;0
82349;0
41219;0
314762;1
267102;0
367943;0
154508;1
99289;1
148325;0
72499;0
62692;1
360307;1
73921;0
417623;1
42864;0
331819;1
370585;0
374095;0
412589;0
263537;0
244426;0
226451;1
244994;0
205347;0
302461;1
201958;0
271463;1
360426;0
410626;0
276267;1
100406;0
344160;1
369593;0
12425;0
346510;0
132447;0
211827;0
333804;0
192692;0
402408;0
349897;0
33361;1
90496;0
241794;0
226856;0
280848;1
50364;0
338336;1
21853;0
31486;0
241046;1
72299;0
74596;0
101382;0
96120;1
119696;1
162486;1
216787;0
401902;0
364220;0
26420;0
171704;1
250102;1
168093;1
248280;1
42996;0
270093;0
180534;0
52009;1
24542;0
304765;1
64340;1
404781;0
103793;1
230543;0
18328;0
138298;0
297753;1
92044;1
255340;0
245028;1
306316;0
382421;1
193603;1
320560;1
225914;1
350743;0
202374;0
396712;0
140220;0
376174;1
59324;0
78370;1
376841;1
338527;1
120476;0
162534;0
12300;0
231112;1
249913;1
206274;0
248261;1
194613;0
221297;1
403497;0
310959;1
136380;0
268889;0
182558;0
68868;0
3055;0
30801;0
61431;0
107499;0
57482;0
263952;0
42957;1
8536;0
227080;0
301789;0
171498;0
248659;1
64953;0
61848;0
170911;1
107457;1
16196;0
230317;0
109277;1
405496;0
417396;0
71091;1
206902;1
226809;1
418557;0
4277;0
89811;0
112312;1
306557;0
29674;0
372943;1
12745;0
1300;0
219580;0
292831;0
332949;0
348048;1
135824;0
200190;1
268604;0
215741;1
236070;1
179079;1
403225;0
19798;0
353505;0
121761;1
127171;1
343977;0
94218;0
164710;0
295848;0
197171;0
104977;0
218925;0
41360;0
169751;1
61086;0
331089;0
28054;0
216272;1
108780;1
330199;0
72517;0
71675;0
247898;0
310593;0
409689;0
128856;0
312989;0
173894;1
84495;0
199938;0
237598;1
225973;0
405751;0
272276;1
350340;0
37924;1
13816;0
142076;0
191726;1
65373;0
408076;0
156172;0
77635;0
197542;1
384952;1
365854;1
331531;0
121375;0
421721;0
118647;1
336311;1
106018;1
233502;1
289025;1
106466;0
198746;1
198406;1
59793;0
73830;0
329510;0
20465;0
259395;0
124098;0
24120;0
77859;0
279138;0
129026;1
354169;0
117991;1
69331;0
384195;0
146794;0
146977;1
274320;0
295825;0
372538;0
58573;0
80549;1
226870;0
211697;0
60137;0
139225;0
1115;0
371173;1
169745;0
283362;1
127598;0
238093;0
21969;1
92206;1
235495;1
332063;1
519;0
365761;0
136425;1
197409;1
96463;0
304981;1
221101;0
326021;0
416051;0
20207;0
11050;0
296898;1
12751;0
334230;0
105596;0
12462;0
134926;1
422513;0
30101;0
313780;1
124801;0
182375;0
48495;0
301950;1
40893;0
91318;0
331542;0
125303;0
157452;1
71874;0
162238;0
348006;0
274634;0
18952;0
262260;1
49048;0
193156;0
104110;0
319133;0
49976;0
278529;1
85269;0
64567;0
89594;0
105979;0
208406;0
47813;1
23763;0
57434;0
179446;0
368870;1
370995;0
254928;0
344551;0
263663;0
131880;0
378474;0
194162;1
291537;1
394900;0
130713;0
297053;0
161614;0
115114;0
216781;0
206298;0
99629;0
374628;0
124977;0
373259;0
172105;1
133877;1
421627;0
211762;1
295949;0
326146;1
227850;0
87026;0
11613;1
303635;1
243947;0
335053;0
86598;0
405876;0
383631;0
58000;0
395686;0
421367;0
332864;0
339525;1
342048;0
160751;0
395097;1
379493;0
312087;1
338583;1
406776;0
192708;0
396685;0
359034;1
343615;0
353802;0
286761;1
353725;0
99422;0
63120;1
317614;0
50961;0
308427;0
321857;1
186543;0
116096;0
84985;0
330871;0
302919;1
382980;0
146759;1
274355;0
181870;0
387662;0
239662;0
379477;1
305341;1
163743;1
212874;1
381915;0
295619;0
241514;1
60165;0
225953;0
248386;1
331345;1
246950;1
71385;0
373395;0
19427;1
411237;0
57768;0
359262;1
327064;0
28974;0
206482;1
327722;0
204563;1
208147;1
197214;0
402220;1
50505;1
359539;0
190590;1
20016;0
249222;1
281284;0
8564;0
197144;0
318634;1
119087;0
263399;1
414677;0
321270;0
379012;0
240413;1
197648;0
217063;1
412893;1
277051;0
20099;0
16387;0
141777;0
383470;1
136851;1
166849;0
132191;1
240436;0
61491;1
205253;1
408618;0
135251;0
62241;0
170924;1
77741;0
41021;0
176764;0
372795;0
136726;1
69251;0
362468;1
115800;0
296367;1
211027;1
280408;1
69103;0
149213;0
373726;1
410743;1
14129;0
413318;0
198311;0
3424;0
232948;0
294760;0
257288;0
10642;0
20266;0
48787;0
403406;0
9813;0
17615;0
171814;1
280864;0
103960;1
341124;0
117752;0
113286;0
339601;0
174128;0
413744;1
116053;0
149440;0
115472;0
54252;0
84871;0
246934;0
385053;0
275180;1
35652;0
335774;1
380364;1
3039;0
144641;0
228406;0
148200;1
357980;0
180920;0
120157;0
292871;0
32113;0
386354;1
255617;0
243380;1
20429;0
151893;0
252404;1
260976;0
239904;0
388990;0
108126;0
132124;0
223981;0
269842;0
282864;1
258274;0
280238;0
241616;1
299231;0
24383;0
412185;0
315025;0
353371;1
291334;0
33803;0
375917;0
230095;0
17535;0
234490;1
160908;1
356648;0
257737;0
39412;0
130422;1
152634;1
139755;1
325768;1
318025;1
296782;1
41879;0
409848;1
182832;1
99771;1
300670;1
253173;1
295325;0
420063;0
61331;0
191856;1
349613;0
337558;1
406100;0
164223;0
189566;1
10565;0
298602;0
188060;0
363548;0
291447;0
200297;1
212761;1
315106;0
412510;0
316760;1
387;0
371058;1
147863;0
321781;0
174213;0
325984;1
240920;0
52876;1
336838;1
321042;0
38089;0
366176;1
382259;0
381286;1
245192;0
369926;1
15766;0
383819;0
254202;1
67973;0
278918;0
34166;0
112346;1
63561;1
315734;1
38608;0
104580;0
323969;0
229957;0
78643;0
229784;1
271864;1
167210;0
164545;0
25685;0
405671;0
287855;1
68814;0
159097;0
77558;0
142931;1
349519;0
326327;1
36839;1
150270;0
117587;1
132287;1
153013;1
383564;1
368213;1
89359;0
161745;0
237326;1
396498;0
157949;0
300416;1
418856;0
282920;0
277743;0
46541;0
24019;0
117813;0
197869;0
256347;1
281151;0
57247;1
370018;0
95920;0
24155;1
9282;0
326642;0
250439;0
29706;0
393958;1
336689;1
265238;0
319594;0
409497;0
89954;0
407163;0
359944;0
14106;1
32314;0
27415;1
403816;0
144531;1
179442;1
390379;1
88797;0
348477;1
168695;0
233786;0
225469;1
163024;1
129864;1
195300;0
315171;0
50195;1
341875;0
256829;0
198754;1
352178;0
224601;0
329511;0
412547;0
418031;0
122218;1
329247;0
90751;0
370885;0
133591;1
113655;0
173053;0
119997;1
393531;0
87803;0
9454;0
341011;0
302854;1
49682;0
190016;0
378653;0
157395;1
418736;0
296253;1
56959;0
125498;1
237836;0
86831;0
31514;0
81526;0
103121;1
126346;0
357611;1
167829;1
405095;0
174047;0
285616;0
173459;1
312660;0
220664;0
53937;0
335248;0
96802;0
225128;0
294530;1
274230;1
50288;1
176548;1
384109;0
73499;0
301410;0
311148;1
400713;0
316132;0
74096;0
173758;1
55707;0
252245;0
237826;0
394066;1
118805;1
201583;0
316224;0
65658;1
61226;0
327737;1
48333;0
101518;0
161871;1
125272;1
377596;1
382799;1
193589;0
290013;1
27837;0
100819;0
407757;0
184545;1
123226;1
33733;0
260662;0
54473;0
96165;1
140072;0
233679;0
196648;1
287397;1
221693;0
126741;1
274808;1
420853;0
335285;0
187333;0
112522;0
300955;0
49852;1
173111;1
419272;0
112526;0
392133;1
205049;0
261380;0
271096;1
304756;1
275512;1
35669;0
387511;1
229420;1
178061;0
383370;1
278993;0
250039;1
258428;0
114179;0
43355;0
379358;1
188857;1
218491;0
241887;1
286822;0
186854;0
66942;0
21129;0
362298;1
149057;0
257154;1
73865;0
341643;0
265873;0
234153;0
153472;0
47774;0
46935;0
224455;0
232386;0
375753;1
329587;1
187094;0
80856;0
4302;0
35896;0
221658;0
251871;1
92424;1
377668;0
285848;0
137249;1
102815;0
150547;0
275321;1
15000;0
285824;1
32290;0
107517;1
2548;0
281271;0
411738;0
226150;0
117848;1
291178;0
86287;1
302532;1
386925;0
125364;0
204814;0
11015;0
384776;0
359298;0
409091;0
285588;1
342374;0
136865;1
67537;0
52086;1
31822;0
159935;1
236942;0
326820;1
345675;0
243756;0
111712;0
212061;1
409074;0
289963;0
388877;1
361994;0
109964;0
307955;0
238689;0
109421;0
269758;1
130604;0
142106;0
131049;1
361459;0
379168;0
112302;0
347717;1
328117;1
227237;1
144293;0
407589;0
134228;0
337659;0
373288;0
391264;0
213902;0
202495;1
154011;1
231756;0
285529;0
84957;1
382514;0
341604;0
412970;0
348047;0
253310;0
75252;0
209447;1
170761;0
88045;0
158962;0
67597;0
16143;0
85287;1
338829;0
302812;1
382274;0
240894;1
75574;1
246576;1
250066;0
270652;1
290568;0
34351;0
352591;1
49900;0
242610;0
228085;1
197810;1
270129;1
359811;0
261434;0
365196;1
283651;0
178980;1
271444;0
394022;1
283451;0
162876;0
23928;1
280835;0
126865;0
213818;1
211826;0
210771;0
19215;0
39413;0
254433;1
266840;0
396767;1
38998;0
244776;0
298155;0
119177;0
282479;0
276348;0
94106;0
388973;1
391864;0
76790;0
288933;1
165960;0
400064;1
67444;0
145660;0
38115;0
110525;0
89278;0
141943;0
395876;1
392130;0
43946;0
273159;0
297087;1
183755;1
69826;0
166931;0
377616;0
232691;1
64370;1
160970;0
296177;0
309946;0
197007;0
134910;0
321622;0
42733;0
357986;1
173628;0
125686;0
157532;0
167602;1
211257;0
141289;1
315802;1
31565;0
9566;0
308153;1
416244;0
44748;0
296418;1
262472;1
125186;0
392444;0
184656;1
150842;1
16726;1
136733;0
199852;0
289683;0
35212;0
267360;1
158818;1
300099;0
321222;0
400025;0
198699;1
305469;1
130839;1
36392;0
330898;0
344341;0
266534;1
119526;0
300799;1
160077;1
403707;0
38379;0
225711;0
76088;0
132449;0
188946;1
74145;0
57323;0
180375;0
2107;0
100748;1
250871;1
400158;1
194619;0
412262;0
283793;0
420252;0
4781;0
108641;0
265109;0
33040;0
57095;1
179554;1
290990;0
125391;0
29203;0
74254;1
328867;0
134443;0
233520;1
19473;1
288677;1
184195;1
325618;1
31307;0
232142;0
399903;1
168467;0
34259;0
164517;0
169320;1
314255;1
190212;1
326709;0
93896;1
167927;0
326678;1
407038;0
300442;1
255072;1
51014;1
178507;1
411434;0
120869;1
47332;0
92079;0
64830;0
358922;1
344300;0
420514;0
31221;0
46509;0
183749;1
3649;0
118601;0
374790;0
101858;1
290747;0
148281;1
63735;0
346864;0
367911;0
178631;0
114857;1
384671;1
56066;0
328357;1
130460;1
14585;0
266942;1
6834;0
235798;0
4656;0
22162;0
292583;1
398781;0
220179;1
357836;0
84289;1
77134;0
36764;0
46107;0
9286;0
54471;0
146529;1
284344;1
61550;0
17783;0
403404;0
98484;1
353621;0
137234;0
180790;0
336027;0
125775;0
15669;0
355219;1
99551;0
337173;1
135943;0
257919;1
282976;1
77144;0
113553;1
200856;1
77563;0
6606;0
158170;0
317743;0
105331;0
361746;0
27953;0
290948;0
236480;0
255954;0
421746;0
89271;0
301704;1
400528;0
135536;0
397548;0
231258;0
230295;1
52897;0
397875;0
203956;0
132499;0
384810;1
348595;0
10863;1
293182;0
98617;1
235702;0
19577;0
74942;0
288461;0
223391;0
27220;0
388742;1
128746;0
147084;0
167950;1
358264;0
9293;0
306826;1
219496;0
12054;0
273877;1
676;0
134139;1
196838;1
113825;0
102680;0
3609;0
264490;1
291653;0
141026;1
179767;0
222294;1
357898;0
155452;1
340777;0
195825;0
190934;0
155576;0
299922;0
249451;1
198558;0
325543;1
222878;0
252106;1
56731;1
179564;1
36420;0
324393;1
127117;1
71559;1
256489;1
136998;0
148684;0
154318;1
404942;0
343046;1
76835;0
208307;1
189235;1
78845;0
228228;1
265330;1
196249;1
395846;0
297737;0
346385;0
263863;0
54506;0
36439;0
162777;0
343226;1
32380;0
295762;1
364890;0
184955;0
364626;1
255136;0
165375;1
327583;0
85703;0
352297;0
60666;0
41739;0
247717;1
69881;0
94060;1
200079;0
206103;1
380456;0
305693;0
420679;0
409341;0
22023;0
415612;0
342764;1
416942;0
88461;0
50857;0
169056;1
299298;1
158302;0
187371;0
81825;1
421880;0
317655;1
150774;0
127000;0
296174;1
308148;0
270216;0
311090;0
265173;0
152161;1
178364;1
85260;0
4035;0
18322;0
218228;0
303939;0
234164;0
350985;0
208178;1
97500;0
143983;1
396357;1
208653;1
231872;0
83062;0
367769;0
253082;1
144705;1
88790;0
292348;0
259587;1
396627;0
401215;0
101466;0
381496;0
176883;1
402025;1
153128;0
289705;1
322244;1
58412;0
361445;0
227436;0
196553;1
114426;1
328733;0
348469;0
207520;0
361314;0
400591;0
309220;0
135428;0
396944;0
124528;0
134969;0
333787;1
103223;1
54842;0
72390;0
164886;0
120828;1
364634;0
39131;0
42810;0
129859;0
167623;0
314638;1
242245;0
77952;0
334358;1
9258;1
200700;0
207102;0
330237;0
82238;0
191652;0
155888;0
117660;1
276694;0
366831;0
336721;0
178063;0
200392;0
378861;0
74443;1
62824;1
330649;0
361225;0
123797;0
27581;0
46833;0
116620;0
151324;0
4735;0
247348;0
318728;0
16532;0
268734;1
31239;0
283654;0
304027;0
94130;0
92869;1
153816;0
358659;0
218632;0
261036;0
152144;1
124185;0
101078;1
145698;1
367586;1
85882;0
238240;0
83029;0
22388;0
216003;1
2672;0
124822;0
51283;0
386010;0
413301;0
93633;0
229038;1
406954;1
296716;1
275517;0
189381;1
220471;1
214087;1
173604;1
316775;0
49177;0
177339;0
385058;1
390109;1
236751;0
186561;1
147173;0
416932;0
220601;1
128791;1
158321;0
343102;0
84465;1
45267;1
143734;1
348363;1
78318;0
377511;0
204648;0
189549;1
98170;0
397724;0
26773;0
49293;1
400400;0
91036;0
83157;0
337919;0
257120;0
52528;0
244040;0
11220;0
84400;1
222035;0
124757;0
157310;1
238808;0
13578;0
87326;0
390220;1
420719;0
408683;0
313421;0
203542;1
24723;0
143024;1
72948;0
131429;0
95510;0
176090;0
393208;0
199480;0
19502;0
48263;0
95442;0
281690;1
101138;0
125383;1
410878;0
235823;1
407277;0
298287;0
205984;1
242354;0
95847;0
129715;1
266015;0
401151;0
256229;0
236542;1
180627;1
306885;0
161046;1
91840;0
259036;1
176705;1
221548;0
71356;0
185938;0
51446;0
325111;1
29417;0
300453;1
284371;1
57878;0
350119;0
317419;0
146713;0
261218;0
56728;0
75073;0
343744;1
182333;0
77310;0
27547;0
369554;0
396801;0
257076;0
185074;0
72202;0
336612;0
413288;0
381086;0
406267;0
379140;0
111867;0
200498;0
306307;1
92867;0
310938;1
162895;1
190097;1
94498;1
304110;0
42689;0
370799;0
267028;0
201634;1
237883;1
329107;0
106302;1
134367;1
393856;0
90226;1
390042;0
336949;0
406670;0
203019;0
290975;0
67938;0
240418;1
349093;1
108473;0
164395;0
134712;1
187107;0
57316;0
109945;1
397857;0
390269;1
384171;0
157358;0
301440;0
206031;0
229562;0
194065;1
58244;0
404761;1
58269;1
345296;0
92649;1
401076;0
60727;1
217475;0
44623;0
186993;1
155110;0
87532;0
32838;0
420616;0
230695;1
364276;1
77522;0
81342;0
118523;0
7575;0
272592;1
324047;1
347849;0
184778;0
381231;0
283436;1
89323;0
142670;1
367259;0
145884;0
62704;1
299547;1
177673;0
47230;0
107550;1
12923;1
31170;0
230503;1
28113;0
285556;1
123497;1
416336;0
22483;0
322048;1
384167;1
422313;0
195830;1
52483;0
334039;0
123474;0
111258;1
5594;0
27044;1
198469;0
397215;1
146562;0
375336;0
130116;0
339165;1
253880;0
360142;0
385082;1
129001;0
8664;0
182548;0
377653;0
161564;1
81569;0
132304;1
60643;1
377996;1
10588;0
81612;0
396510;1
10062;0
314757;0
109207;1
102741;0
153593;0
364013;1
339077;1
35428;0
188793;0
39364;0
247413;0
141597;1
101348;0
381728;0
250446;0
242578;1
340149;1
123865;0
139914;0
172894;0
408012;0
96340;0
211069;1
221803;1
52260;0
33118;0
257344;0
197910;0
364085;0
62502;1
372574;0
411663;0
90824;0
370883;0
276540;0
45858;0
224294;0
79586;0
83328;0
233635;1
266595;1
329285;0
268451;1
317309;0
350763;0
322760;0
19121;1
326841;0
416732;0
148864;1
393343;1
203050;0
270675;1
166056;1
199150;0
192630;0
22900;1
161648;0
399873;0
210549;0
207606;0
185385;1
54084;0
374934;0
154312;0
189887;1
105875;0
106236;1
108770;0
299186;0
251301;1
30005;0
148913;0
294281;0
288087;0
139990;1
3892;0
339029;1
374286;1
53320;0
362638;1
45637;0
398696;1
342619;1
62707;0
88833;0
291585;0
52253;0
317976;1
157083;0
313267;0
100158;1
12057;0
326210;1
373676;1
181006;1
83154;0
387979;1
141109;0
304317;1
38862;0
293054;0
30157;0
297994;1
239289;0
340891;0
69306;0
166487;1
119406;0
120268;1
77400;0
374157;0
190655;1
33496;0
392143;0
294081;1
242872;1
230526;0
388745;1
415881;0
248361;1
335436;0
154818;1
269870;1
84141;0
351173;0
34446;0
403185;0
278547;0
80258;0
326012;0
115744;0
372051;0
43581;0
226220;0
213898;1
308177;1
295650;0
156769;0
372685;0
251355;0
385568;1
51658;0
377005;0
369257;0
166723;0
195257;0
102037;0
63318;0
307841;1
413129;0
355803;0
57490;1
64681;1
28807;0
271158;1
60333;0
95060;0
272904;0
119851;1
118433;0
288393;1
145101;0
37013;0
414746;0
183231;0
153553;1
96333;0
281705;0
225952;0
317355;0
173576;1
183421;0
409162;0
244865;0
304841;1
358643;0
39951;0
120816;1
95448;0
107561;0
385121;0
372846;0
344348;1
145920;1
243434;0
259244;0
120229;1
103728;0
204142;0
52219;0
238643;0
317531;1
249457;0
231427;0
58886;0
351774;0
19715;0
383471;1
365568;1
8528;0
237315;1
408810;0
355343;0
144343;0
147078;0
265584;0
170512;1
70680;0
74941;0
217559;0
217648;0
344712;0
325933;0
269349;1
249088;0
247976;0
152037;1
399630;0
69846;1
188144;1
141908;1
307022;0
271040;0
352034;0
189961;1
70463;0
248656;1
256074;0
3783;0
18352;0
211454;1
44061;1
18975;0
364385;0
59667;0
310395;0
385753;0
201279;1
119665;0
323340;0
267457;0
73585;0
83133;0
166231;0
113047;0
379934;0
231147;0
225043;0
124843;1
235151;0
186714;1
318113;0
44065;0
131520;0
394597;0
283411;0
64429;1
273455;0
327660;0
380284;1
42489;0
380283;1
150571;1
142275;0
357193;0
108325;1
25180;1
180696;1
50504;0
179137;1
402735;0
159918;1
333501;0
217340;0
408310;0
250017;0
224977;1
65263;1
397657;0
11396;0
289839;1
1968;0
394951;0
155017;0
176673;1
411793;0
112720;0
59458;0
64023;0
312459;0
338558;0
20139;0
54316;0
211881;0
214402;0
160511;0
418754;0
394689;0
353809;0
73081;0
235832;1
218807;0
203277;0
396908;1
383974;0
154082;1
129686;0
321675;0
225702;0
366619;0
223181;1
29114;1
100718;0
111755;1
108114;1
280136;1
244509;1
32062;0
386677;1
125024;1
33312;0
60101;0
38079;0
117307;1
222466;0
114707;1
45734;0
384330;0
415551;0
172374;0
310157;0
263542;1
138516;0
55855;0
236927;0
156687;0
251517;1
224305;1
417371;0
380270;0
113385;0
38101;0
69361;0
282661;0
252615;1
120038;1
170971;0
255641;1
382738;0
273870;0
284859;1
30572;0
212203;0
231013;1
238;0
247755;0
355739;0
58561;0
290277;1
161056;1
296123;0
197625;0
255848;1
23627;0
313717;1
312758;1
258447;0
244384;1
64533;0
323830;0
211247;1
39147;1
205600;1
158711;1
87475;0
421927;0
7964;0
411039;0
107156;0
296698;0
3076;0
217246;1
341213;0
247845;0
62584;0
28831;0
8291;0
382363;0
71522;0
84727;0
219626;1
74057;0
160920;0
351158;0
288737;1
30119;0
320711;1
415513;0
316893;1
420870;0
344412;0
145162;0
377464;0
146065;1
156300;1
44892;0
148343;0
300479;1
193160;0
210086;0
388149;0
339057;1
82411;1
263594;0
298314;0
165936;1
152901;1
418854;0
133021;0
2284;0
316816;0
13097;1
385290;1
130589;0
291565;0
94391;0
189016;1
150007;0
201560;0
255196;1
255436;1
93880;0
286671;0
278837;1
260783;1
368395;1
387363;0
396062;0
330886;1
4757;0
83285;0
386495;0
199974;1
362452;0
225817;1
26259;0
61449;0
360848;0
407028;0
14556;0
396214;0
149911;1
164764;0
193560;0
28094;0
166511;0
85594;0
305328;1
370497;0
216454;0
158777;0
283365;1
101639;0
262552;1
180977;0
1884;0
191869;0
54876;0
95403;0
211915;1
156516;0
117795;0
294245;0
183007;1
271109;1
406788;0
371302;0
365232;0
309660;0
113575;0
122922;1
333427;1
210133;0
406880;0
213008;0
39177;0
75464;1
218703;1
254589;0
392842;0
147751;0
106226;1
152045;1
33925;0
7246;0
104511;0
401644;0
68098;1
378137;1
264058;0
372050;1
37296;0
361567;1
94192;0
295610;1
164067;0
287258;0
319198;1
274300;0
145452;0
409993;0
162790;0
42401;0
256610;0
124032;0
411826;0
316169;1
381101;0
419913;1
190114;1
354371;1
280748;1
170714;1
142769;0
421448;0
189375;0
94668;0
36979;0
5608;0
400364;0
301873;1
261368;1
298070;0
116818;0
103847;1
93533;0
35744;0
342673;0
75274;1
285604;1
219592;0
406783;0
228883;1
136129;1
312563;1
156895;0
33468;0
319261;0
135129;0
58134;0
128325;1
374571;0
96990;0
407820;0
303619;0
200853;0
242310;1
119430;0
39065;0
50652;0
2378;0
383226;0
88039;0
255234;0
97140;0
9027;0
253457;0
301263;1
319726;0
183260;1
395450;1
216108;1
29934;0
363801;0
24940;0
62679;1
64848;0
18291;0
381768;0
306793;1
152166;1
312167;1
17296;0
202151;0
237494;1
247070;1
3987;0
169833;1
114971;0
241343;0
78477;1
381348;1
98990;0
265391;1
324254;1
31330;1
44056;0
193699;0
321132;1
29352;0
305776;0
263406;0
55048;0
53428;1
62989;1
401144;0
263429;0
88253;1
100075;0
197556;0
65371;0
64646;0
208002;0
410615;0
397006;0
56147;0
320159;1
328721;1
403590;0
258423;1
122744;0
409665;0
392517;0
52667;1
124181;0
373953;1
17620;0
143852;0
255581;1
297184;0
394952;0
390804;0
219370;0
298934;0
126125;0
154159;1
299134;0
57675;0
330466;1
232025;1
180473;1
80358;0
397013;0
25971;0
401609;0
325525;0
331996;0
357949;1
180486;1
302275;0
303641;1
111752;0
364436;0
343696;0
272183;1
271362;1
304018;1
201849;0
201090;0
193040;1
224899;1
314176;0
324402;0
88733;0
82278;0
385977;0
229218;1
26390;0
129324;0
9112;0
411976;1
189087;0
150103;0
160163;0
194437;0
302679;1
146852;0
211648;1
164320;1
25520;0
174706;0
359316;1
7804;0
140174;0
126637;1
228097;1
236917;0
332053;0
283944;0
289435;0
111505;1
136164;1
334757;1
406858;0
278996;0
420613;0
86620;0
398712;0
170171;0
261572;1
120524;1
93222;0
68516;0
393503;0
34678;0
172212;0
313976;0
114699;0
410930;0
329189;1
419735;0
56432;1
81890;1
111582;1
5991;0
359763;0
244594;0
287648;0
104841;0
78521;0
417216;0
283859;0
390125;1
379651;0
154984;1
117558;0
259762;1
184305;1
381241;1
117720;0
50989;0
168279;0
324873;0
335677;1
345639;1
48843;0
394444;0
58216;0
171033;1
77921;0
283629;0
252803;0
247254;1
405805;1
394458;0
279119;0
312811;0
66259;0
326559;0
1455;0
112317;0
228986;0
78164;1
31;0
130148;0
384959;1
322993;1
155449;0
377142;0
204125;1
92046;0
268988;0
206407;1
48499;0
215538;0
77571;0
90917;0
81327;0
133347;0
135486;0
422047;0
238557;1
120388;0
33146;0
275752;1
378849;1
94079;1
203158;0
136917;0
1955;0
46960;0
327503;0
2811;1
77603;0
54498;0
39465;0
110920;0
194819;1
130879;1
30154;1
11537;0
188216;1
298191;0
259614;0
272955;0
208204;1
1047;0
262729;0
33746;0
30583;0
49578;0
301413;0
416770;0
208509;1
208109;0
252334;1
40091;1
33165;0
57929;0
331679;0
231158;0
122751;0
195027;1
98007;0
323640;1
388744;0
379902;1
274011;1
131952;0
131690;0
358212;0
154045;1
378954;0
160029;0
219271;0
132781;0
76701;0
284424;0
282709;0
146933;0
366133;0
21439;1
288218;0
394036;1
93120;1
103787;0
147106;0
164462;1
72651;0
16627;0
145426;1
226447;0
181752;0
4290;0
353008;0
139679;1
380031;0
83492;0
39876;0
210653;0
384191;1
77165;1
382984;0
54764;0
56081;0
127677;1
241661;1
373349;1
199743;1
373788;0
185858;1
358196;0
158651;0
22436;1
192407;1
274198;0
49479;1
289296;1
314466;0
373495;0
115979;0
285704;1
319329;0
194093;0
73205;0
86761;0
113653;1
13565;1
323589;0
51331;0
312223;0
60787;0
237812;1
346968;1
102088;1
296978;0
78413;0
96158;1
86305;1
146193;0
43694;0
300951;0
12084;0
343034;1
353242;1
214795;0
264423;0
32702;0
232368;1
220731;0
385489;1
413851;0
310656;0
408461;0
15265;0
415603;0
57400;0
339059;0
414316;1
256076;0
151932;0
84339;0
227892;0
260448;0
20666;0
345223;1
179385;1
60641;1
75569;0
339150;0
111834;1
9812;0
34644;0
110450;0
22953;0
48893;0
401673;0
373702;1
167054;0
210984;0
339595;0
293002;1
372560;1
63431;0
200400;1
404513;1
133895;0
399219;0
32804;0
363567;0
90092;0
200712;1
316328;1
169827;0
316649;1
199710;0
91574;0
324945;0
147249;0
288132;0
184260;1
273968;0
246528;0
43712;0
141705;1
204712;0
299180;0
151924;1
356117;1
183328;1
71663;0
152984;0
165257;0
365174;0
170081;0
135231;0
109650;0
221715;1
289505;0
314301;0
282;0
189015;1
351103;0
295313;1
375474;0
208697;0
243036;1
277264;0
176623;0
79349;0
6814;0
40049;0
84925;0
376039;0
39063;0
226603;0
307962;0
30000;0
332363;0
102917;0
405738;1
190753;1
15124;0
198801;1
159671;1
148073;0
382569;1
237177;1
2368;0
181251;1
320303;0
35662;0
396222;1
413585;1
131335;1
228755;1
363946;1
341180;1
174854;1
278355;1
191653;1
212429;0
325279;0
53378;1
271464;1
284976;0
156013;1
407359;0
120451;0
98539;0
281229;0
315296;0
38402;0
20893;0
202557;1
190785;0
138585;0
145754;1
145436;0
190624;1
145459;0
367598;0
357591;1
390691;0
248643;0
253808;0
187705;0
370983;0
43022;1
391055;0
255582;1
388453;0
279940;0
116857;0
397145;0
175984;1
414471;0
368767;1
310735;1
278819;0
228605;1
248589;0
227238;1
352909;1
417530;0
118439;0
41837;1
255590;0
400923;0
164771;0
312701;0
182868;1
108072;0
296094;1
376201;0
94255;0
270072;0
299926;1
310212;1
382282;1
214355;1
360442;1
60904;0
64877;0
192634;1
32852;0
383326;0
240571;0
45977;0
54655;0
176186;1
305660;0
326812;0
336327;1
307065;1
179371;1
16933;0
140924;0
92743;0
367078;1
257208;0
399464;0
37297;0
154242;0
298856;0
219006;0
105004;0
175550;1
280085;0
230643;0
31675;0
410734;0
240988;1
274019;1
394837;0
46777;0
192997;1
391192;0
268605;0
4572;0
240947;1
396806;0
79316;0
168726;0
42848;0
51476;0
18723;0
418858;0
39294;0
220758;0
337528;0
218384;1
155863;1
203073;1
196061;1
10434;0
201430;0
417710;1
412064;0
368882;1
146552;0
5891;0
15544;0
176389;0
340420;0
245195;0
204977;1
207264;1
321045;0
128371;0
249565;0
206269;0
200385;1
387458;0
150484;1
127776;0
296697;1
180101;0
164229;0
401784;1
64286;1
363174;0
144147;1
397439;0
45736;0
64425;1
223303;0
72157;1
375646;1
94143;1
235164;0
334994;0
259847;1
195387;0
328210;0
394666;1
192187;0
182020;0
183390;1
133654;0
110528;1
204722;1
186771;0
230832;0
74937;1
323610;1
389253;0
257450;0
92317;0
91651;1
90015;0
13997;0
136428;0
14657;0
349926;1
407385;0
385181;0
195799;0
14046;0
8977;0
166292;0
56474;0
65331;1
14719;0
416029;0
36384;0
129952;0
251802;0
313605;1
19622;0
353211;1
273339;1
414510;0
50040;0
36831;0
27453;0
359939;1
355040;1
89802;0
193091;1
373540;1
30096;0
203011;0
360730;0
205533;0
198152;0
323866;0
95423;0
305088;0
255455;0
105813;1
391334;0
329208;0
85245;0
385191;0
315014;0
365147;0
388757;0
265776;1
134153;1
323848;1
245100;0
281828;1
351872;0
129279;1
245180;0
305659;1
205043;0
3567;0
229475;0
227219;1
30497;0
413795;0
241523;0
246824;1
319633;1
188276;1
392773;0
144149;0
372607;0
151046;0
54151;0
90835;0
83098;0
4452;0
224282;1
299528;1
365785;0
403237;0
296649;0
293216;0
298719;0
252424;1
5013;0
336224;0
54808;0
160721;0
166030;0
408575;1
271094;1
61674;1
209834;0
354077;1
164957;1
257793;0
151432;0
54961;0
75878;0
411713;0
347895;0
116045;0
325470;1
193264;0
377117;0
413990;1
400647;0
112774;1
345573;0
343405;0
188229;0
131889;1
340879;1
1318;0
289675;0
66114;0
324060;0
143895;0
209036;1
22894;0
82077;0
315544;1
1544;0
416699;0
39562;0
271871;0
238611;0
281844;0
131244;0
406766;0
66737;0
245629;1
225480;1
40628;0
63320;0
28125;0
315902;1
121115;0
344955;1
281351;1
134520;0
410961;1
265910;1
407580;0
320355;0
23399;0
305378;0
64840;0
190089;1
39672;0
70405;0
394474;0
216484;0
392356;0
406796;0
326479;0
75187;1
389278;0
172936;1
1571;0
25573;0
123525;0
202560;0
135137;1
158025;0
39968;0
38832;0
29155;0
886;0
262732;1
194600;0
137931;1
360126;0
114320;1
356153;0
316757;0
54991;0
120138;0
55345;0
203549;1
129002;0
53343;0
144601;0
15600;0
202241;1
277237;0
220920;0
60303;1
249807;0
356514;0
179660;0
243751;1
89625;1
142579;0
109894;0
345342;0
168154;0
220970;0
70334;0
91389;0
52683;0
123050;0
12470;0
306489;1
239065;0
322163;1
95533;0
264083;1
354763;1
164634;1
330073;1
162203;0
62275;0
378740;1
257381;0
265243;1
246909;0
310242;1
265686;0
376702;0
411018;0
307316;0
52407;0
375583;1
375505;0
268648;1
322518;0
75636;0
238549;0
82301;0
37015;0
263475;0
46745;0
103486;0
372269;0
87388;0
28569;0
6393;0
271530;1
203690;0
318956;1
206560;1
317930;0
55024;0
203247;0
149632;1
169137;0
393340;0
245282;0
358013;0
10735;0
415617;0
402053;1
377215;1
207286;0
29069;0
361034;1
214598;0
246779;0
255792;1
239161;0
333604;1
337805;0
315629;1
395676;0
154525;0
325722;0
22943;0
38126;0
193750;0
303607;1
389956;0
334436;1
288093;0
23466;0
111110;1
337493;1
9039;1
371615;0
41866;0
30238;0
163757;1
124403;0
111732;0
341997;0
151558;0
392992;0
377584;0
325778;0
137968;0
163045;0
394715;1
242058;1
356060;1
93381;0
225422;0
355520;0
116381;0
327417;0
250037;1
147742;0
160623;1
337181;1
401425;0
183635;0
94488;1
217538;1
73704;0
53117;0
363632;0
219994;0
422615;0
155326;0
392428;1
114918;0
128000;0
24071;0
220011;1
49572;0
241122;1
46611;0
358590;1
241632;1
325749;0
261101;0
93755;1
220099;1
210793;0
274789;1
409921;0
175538;1
106841;0
317860;1
133299;0
352405;0
219016;0
283695;1
342838;1
3746;0
79401;0
143298;0
327478;1
171929;1
350723;0
19209;0
118959;0
357967;0
24177;0
364603;1
338479;0
274364;1
37395;0
183523;0
57503;1
68445;0
63603;1
363222;0
108646;0
420184;0
408540;0
252396;1
94268;0
82619;1
42355;0
243000;0
279278;1
100674;0
161289;0
394315;0
254863;1
334035;1
361606;0
330960;0
123927;0
188707;0
86779;1
308670;0
168579;1
134770;1
77962;1
245856;0
62096;0
358380;0
348527;0
396539;0
325147;1
387800;0
150841;1
89520;0
297517;1
194464;0
6017;0
291454;0
184418;0
398248;1
313302;1
114188;1
68924;1
371968;1
102802;0
335671;1
134148;0
92007;1
21301;0
362916;0
317590;0
100618;1
232443;1
207590;1
356492;0
314857;0
77909;0
330224;1
150363;0
333535;0
787;0
220943;0
260706;0
267988;0
115196;0
137268;1
409200;0
195980;1
20098;0
371608;0
77300;0
134804;0
23066;0
53751;0
255042;1
291171;0
383469;1
365139;1
112483;0
272519;0
32266;0
288696;0
183058;1
331624;0
133150;0
288389;1
54620;0
196654;1
241985;1
166471;0
163455;0
284070;0
31946;0
154513;0
383102;0
380222;0
339769;1
63134;1
362440;0
51554;0
205176;0
33522;0
62492;1
197560;0
168656;0
334537;0
351811;0
118687;0
73093;0
244076;1
144931;1
245281;0
322567;0
390388;0
109293;1
342368;0
377225;0
300429;1
622;0
25879;0
348330;0
171479;1
237167;0
303679;1
75452;0
68581;0
98827;0
124517;1
72471;0
188428;1
316494;1
277278;0
11238;0
297790;0
408688;0
346078;1
108264;1
328522;1
17761;0
148994;1
212566;0
184534;1
257053;1
50143;1
304814;0
87809;1
32707;0
289605;0
117734;1
279353;0
401266;1
215381;1
216803;0
335295;0
405691;0
142014;0
385717;1
210368;1
85907;0
409331;0
81194;0
191181;1
193620;0
203025;1
15173;0
151805;1
232511;0
198733;0
338987;0
190835;1
54272;0
109622;0
28368;0
227738;0
347936;0
243662;1
38369;0
48056;1
28273;0
297850;1
416068;0
192321;1
422177;0
91597;0
403166;1
185851;1
125263;1
345942;1
233705;1
359673;1
417317;0
135579;1
324562;1
148575;1
301452;0
328041;0
278011;0
258126;0
236756;0
305445;0
374338;0
181374;1
205511;1
131839;0
221948;1
294806;0
274863;1
407575;1
318723;0
224229;0
299796;1
311393;0
130109;1
21231;0
24186;1
360295;0
325148;0
290322;0
258675;0
104009;1
82636;0
277628;0
238933;0
150457;0
397308;0
126329;1
148597;1
409035;1
271033;0
247185;1
9195;0
11433;0
121257;0
211423;0
348912;1
287946;0
209904;0
88060;0
317869;0
194322;0
229215;0
401668;0
417080;0
144416;1
219118;0
22140;1
85659;1
158781;0
36834;0
13730;0
307626;0
60571;1
364675;0
286059;1
159625;0
264586;0
92495;0
289209;1
207230;0
419421;0
120994;0
370137;1
73363;0
59799;0
19947;0
147614;0
327836;1
10292;0
187815;1
209320;1
368297;1
59007;0
413979;0
75927;0
247177;1
258325;1
36516;0
204892;0
268935;1
194379;0
369848;0
338285;0
419208;0
165754;1
200460;0
144473;0
242468;0
51007;0
73054;0
102344;0
332749;1
59206;0
150024;0
21776;0
160832;1
184586;0
313124;0
600;0
183754;0
47495;0
100956;1
308440;1
314935;0
202933;1
206892;0
385005;0
363158;0
271912;1
362031;0
16302;0
185019;0
124657;0
380626;1
317360;0
298755;1
107958;0
213109;1
31183;0
218156;0
316583;0
42153;0
100369;1
189202;0
220019;1
351194;0
10365;0
346052;0
8993;0
52094;1
230291;1
403586;0
42173;0
219695;1
286746;1
297734;1
330012;0
188731;1
48243;0
26377;0
41846;0
386906;0
66141;0
191598;1
109994;1
145463;0
58893;0
197414;1
187071;0
26861;0
278169;0
289288;1
336770;0
272765;1
238354;0
117722;0
142523;0
370499;0
158623;1
58679;0
89377;0
200610;1
17989;0
66805;0
414465;0
101714;0
245568;1
265494;0
325879;1
37187;1
89247;0
193772;0
175664;0
361940;1
193226;0
156177;1
266907;1
26798;0
137473;0
281090;0
134724;1
13204;0
190571;0
366010;0
335567;0
97322;0
170230;0
226359;1
252931;1
168477;1
231956;0
286794;0
261352;0
235145;0
331878;0
144255;0
44135;0
376774;0
330454;1
116567;0
418768;0
352586;1
86837;0
253523;0
67439;0
68838;1
154066;0
403297;0
394674;1
24995;0
207991;1
180892;1
419177;0
145685;0
162489;1
223746;0
75832;0
396634;0
79542;0
291579;0
305671;0
101271;0
162752;0
402979;1
68360;0
91025;0
71790;0
94146;0
142800;1
284685;1
72613;0
376317;0
415669;0
211741;1
204040;1
309302;1
262347;1
121701;1
259421;1
342418;1
36536;0
350878;1
111999;1
302840;1
293373;0
95431;0
361351;1
206250;0
365945;0
363942;1
34596;0
148110;1
114258;1
146735;0
57685;1
73299;0
38619;0
283323;1
112684;1
222159;0
396670;0
216143;0
137135;0
421034;0
243796;0
181876;1
66352;0
339802;1
344138;1
53242;0
242299;0
79100;0
153448;0
193346;1
137819;0
129621;1
292243;1
210309;0
331929;0
111028;1
372115;1
148512;0
112539;1
295921;1
320466;0
368635;0
65525;1
176009;0
330242;0
112447;0
259947;1
413768;0
174617;0
278536;0
378647;0
37242;1
363662;1
322618;0
74002;0
12588;1
347503;0
235130;1
63722;0
150632;0
407878;0
384705;0
352103;1
333741;0
257106;0
298097;0
68619;0
169371;0
234912;0
8226;0
150715;1
213462;1
252840;1
50948;0
9366;0
15697;1
374033;0
377871;0
270400;1
66022;0
158579;0
301202;0
409180;0
130883;0
373996;0
389693;0
239975;0
111109;1
294326;1
141910;1
285238;0
279771;0
394641;1
194199;1
418687;0
10331;0
180593;1
329355;1
263084;1
369121;1
71463;0
135741;0
88321;0
116293;1
367509;0
359794;0
226586;0
305166;1
237327;1
288910;0
236809;0
217948;0
415039;0
58945;0
292568;0
241091;0
234855;0
401840;0
37953;1
405481;1
172008;1
355078;0
156998;1
415707;0
157347;0
174467;0
115501;1
14705;0
115130;0
173952;1
202297;1
395159;0
399078;0
244322;1
7286;0
158667;0
303706;1
353390;0
389011;0
395007;1
79058;1
213118;0
7455;0
3045;0
13051;0
155726;0
38462;0
411762;0
253403;0
77989;0
394708;1
107541;0
169146;1
167588;0
417186;0
284540;0
385600;0
92655;0
341976;0
316956;0
239028;0
18457;0
385954;0
208066;1
238233;0
349290;0
124043;0
114767;1
348932;0
390215;0
377272;0
202061;0
82912;0
52136;0
293085;0
414193;0
250928;0
169563;0
209592;0
63923;1
52596;1
135529;1
339846;0
92465;0
73690;0
296448;0
66819;1
222379;0
367413;0
139810;1
191647;1
46109;0
155220;0
357564;0
115567;0
226712;0
170225;1
283387;1
319024;0
4172;0
258676;1
83823;0
56602;0
80312;0
201839;1
264726;0
43843;0
376461;1
340378;0
412295;0
161334;1
177753;1
238280;1
44678;0
388389;0
9500;0
327971;1
69297;0
392580;0
362794;1
191825;1
5730;0
48810;0
161357;1
50974;1
125295;0
185284;0
297552;0
54048;1
136082;0
8689;0
44175;0
287345;0
77736;1
68773;0
145886;1
29279;0
86584;1
179401;1
39104;0
279274;0
287396;1
273302;0
8710;0
288463;0
17777;0
379634;0
332685;0
235369;1
256660;1
379100;0
123087;0
226566;0
320620;1
9662;0
382705;1
91685;1
125238;1
57271;0
63390;1
2219;0
69524;0
169278;0
51980;0
85054;1
263538;0
120428;1
354293;0
371951;1
309771;0
372523;0
17894;0
327297;1
358206;0
178569;1
401780;0
136072;0
161998;1
21849;1
333102;0
18867;0
370404;1
136357;0
192225;1
95571;0
163797;0
392751;0
140903;0
358541;0
392119;0
290039;0
95576;0
36293;0
277640;1
35620;0
117636;1
150714;1
373957;1
100109;0
6946;0
89387;0
17652;0
53480;0
62558;0
148092;0
207379;1
173834;0
121165;1
36926;0
264797;1
105270;0
201504;1
306395;0
123965;0
333180;0
246033;1
355716;0
405773;0
157752;0
184208;0
112797;0
158366;1
364109;0
33793;0
171137;1
155743;1
370360;0
160258;0
389205;1
269218;0
258597;1
378151;0
199594;0
391841;1
390329;0
69275;0
421855;0
90726;0
67459;0
75377;1
36819;0
411544;0
354834;0
80977;0
309482;1
354625;0
343182;0
280014;1
194407;0
108829;0
409060;1
310580;0
255423;0
255985;0
143541;0
308606;1
291094;1
20620;1
57660;0
41510;0
113629;0
41471;0
407172;0
341462;0
342921;0
92642;1
253635;1
206320;0
141931;0
336280;0
214034;1
144029;1
295009;1
346705;0
83782;0
413009;0
328276;0
202512;0
30668;0
99658;1
368012;0
282753;0
410017;0
153855;0
296104;1
189222;0
33415;0
331489;0
78559;1
259259;1
162052;0
250522;1
102299;1
328847;0
296377;1
9122;0
128299;0
343265;0
372899;1
367540;1
385210;0
216987;0
178694;1
413230;0
416934;1
104014;1
286407;0
12030;0
137627;0
371412;0
358759;1
33250;0
33409;0
391244;0
81442;0
127212;0
157925;1
370743;1
315877;1
93642;1
393546;0
292750;0
111864;0
77211;0
279812;1
232238;0
48583;0
231720;1
248523;0
335007;1
120531;0
398478;0
117011;0
129483;0
338377;0
401366;1
213405;1
258873;0
215405;1
113708;0
285720;0
405236;1
139270;1
319965;1
103843;1
287247;1
330312;0
246521;0
57248;0
307749;0
38190;0
37827;0
36443;0
80349;0
336930;0
387020;1
341850;0
299617;0
217351;0
39480;0
243265;1
421306;0
93403;0
139269;0
265731;1
324703;1
87042;0
252700;1
25345;0
148692;0
207238;0
130166;1
132486;0
155518;0
335740;0
283957;0
405344;0
127675;0
30338;0
418118;0
226481;0
22882;0
190820;1
248277;1
330730;0
234237;0
404950;0
175340;0
227024;1
33429;1
323156;0
304095;1
296237;1
19364;0
195776;1
219010;0
20004;0
354978;1
42762;0
271793;1
295630;1
347161;0
190549;1
360791;0
228929;0
343477;0
146342;0
254156;1
279008;0
185678;0
309055;1
387123;0
328004;0
238204;1
7342;0
155395;0
307601;0
225890;1
226275;0
48415;0
116129;0
169172;0
342409;0
188587;0
48190;0
14457;0
105825;1
173341;1
163807;1
18634;1
361622;0
337851;0
17394;0
138720;1
261702;1
233868;0
269840;0
273525;0
47371;0
94635;0
359154;0
162998;0
337046;0
145744;0
374183;0
380234;1
101526;0
320540;1
242418;0
221183;0
395157;0
92912;1
63705;0
385071;0
284084;1
185187;0
70713;0
132824;0
349144;0
266417;0
281766;1
383212;1
76113;0
266629;1
61617;0
420489;0
213961;1
50051;0
398824;0
390733;0
215587;0
290294;0
174168;1
212640;1
53333;0
272982;0
201436;1
29414;0
332278;0
73769;0
316906;0
353282;0
237427;1
248052;0
404853;0
379966;0
336399;1
18416;0
353043;1
344378;0
267258;1
48403;0
293451;1
32162;0
162085;0
231137;0
343647;0
312238;1
47663;1
157761;1
346937;0
58769;0
25367;1
66151;0
15278;0
153737;0
412348;0
406514;0
201193;1
141431;0
64383;1
406043;0
345435;0
56865;1
140453;1
414098;0
83812;0
202597;1
4185;0
314282;0
332941;1
420417;1
203849;1
315811;0
292254;1
297123;0
122118;1
90659;1
331953;0
151656;0
240970;0
181590;1
346803;1
281874;1
68761;1
325030;1
333405;1
251080;0
193709;1
253718;1
65021;0
327363;0
39002;0
394688;0
182376;1
334835;0
335480;0
113950;0
196705;1
10966;0
77215;0
3161;0
259128;1
171037;0
38313;0
85743;0
323493;0
407927;0
385430;1
421076;0
777;0
152414;0
30857;0
218566;0
318133;0
259783;0
44387;0
345703;0
298172;0
15457;0
46390;0
1943;0
181148;0
114427;1
376176;1
342244;0
287143;1
1538;0
162985;0
286948;1
169756;1
402226;0
344739;1
65774;0
261437;0
258907;1
241300;0
241843;0
333919;0
12034;0
218249;0
327761;1
340773;1
223049;1
11516;0
230262;0
344016;1
25938;0
253690;1
387285;1
218356;0
165679;0
157152;1
289008;1
328754;0
357657;0
127519;1
364316;0
379101;0
139244;0
298532;0
23687;0
45463;0
144951;0
56161;0
399256;0
134277;0
402119;0
14489;0
21743;0
147116;1
60642;0
27118;0
294557;0
112566;1
63229;0
187026;1
364809;1
91336;1
60837;1
6023;0
112054;1
198619;1
208427;1
12214;0
296275;1
78180;1
47265;0
141949;0
362984;0
264937;1
239449;1
35138;0
318470;1
235926;0
96636;0
341719;0
17801;0
173784;1
203355;1
66941;0
72979;0
42106;0
40529;1
281210;0
358496;0
8617;1
255655;0
160663;0
31870;0
174594;0
240231;1
241247;1
147779;1
259437;1
367653;0
75425;1
254012;1
283336;1
200467;0
123857;1
141779;0
196047;1
402957;0
221209;0
356697;0
224084;0
308885;0
153235;0
274329;0
384354;0
320968;1
127865;0
125033;1
344325;1
415502;0
111383;0
202987;1
80753;0
364588;0
368242;1
235347;0
394375;0
421520;0
370816;1
32726;0
121220;0
182826;1
141674;0
163914;1
16559;1
404121;0
160606;0
348060;1
178923;0
335178;0
380346;0
17707;0
344174;1
364400;0
188325;1
385528;0
373861;0
11660;0
119841;0
365448;1
101083;1
199471;0
43416;0
328468;0
395830;0
45338;0
45425;0
285315;1
103325;0
156184;1
155764;1
291314;0
242725;0
112843;0
401430;0
346331;0
345018;0
98199;0
158019;0
274228;1
397168;0
101423;0
377748;0
25387;0
300810;0
83496;1
280638;0
153092;0
353964;1
54204;1
399985;1
323160;1
259579;1
256251;1
88886;0
175155;1
347043;0
37209;0
284625;1
285490;0
176661;0
235891;0
70524;0
380479;0
110660;0
139316;1
6944;0
346827;0
28430;0
268801;0
335345;0
363938;0
417042;0
93094;0
62834;0
403720;0
200782;0
337390;0
60406;0
256320;1
84148;0
387674;0
212259;0
20930;1
318978;0
250534;0
32379;0
194518;0
159648;1
32060;0
407098;0
226422;0
215690;0
44091;0
422197;0
232708;0
259404;0
385487;0
86518;0
410966;0
187881;0
26035;0
318280;1
89551;1
380977;0
62779;0
160651;0
369500;1
242680;1
189153;1
278260;0
297349;1
378571;0
263640;0
207553;1
148129;0
311940;1
249221;0
26174;0
2283;0
312118;1
329450;1
102971;1
212397;1
379472;0
340950;0
157719;0
244445;0
95594;1
341915;1
66747;0
320930;1
370570;0
208730;0
258331;0
142618;0
94395;1
99628;0
375006;1
177764;1
144566;0
272520;0
172302;1
103282;1
126518;0
287192;0
248525;1
295624;1
239150;0
120044;1
157317;0
131631;1
15717;1
113727;0
109339;1
279991;0
128713;1
394886;0
117758;0
19289;0
373207;0
135370;0
153398;1
47824;0
247240;0
197135;1
398241;0
343701;0
414908;0
372263;0
380928;0
269810;1
240971;1
260769;0
13518;0
403894;0
26129;0
204751;0
415163;0
212032;1
405250;1
275076;1
43149;0
107326;1
103592;1
40585;0
251015;1
126734;1
22771;0
332916;1
130678;1
57171;0
73580;0
68517;0
149944;1
256992;1
75108;0
208497;1
379404;0
148879;1
58937;1
161152;0
134355;1
339189;1
200411;1
223740;0
47221;0
103243;0
420604;0
376904;0
377251;1
113942;0
100945;0
312611;0
236411;1
367809;0
301365;1
192696;0
145761;0
343486;0
300481;1
83786;0
406316;1
93686;0
319804;1
276243;1
249851;0
414081;0
74356;1
220700;1
159501;0
162388;1
156124;1
266710;1
302842;0
256896;0
360299;0
36611;0
341880;1
402525;0
36677;0
129258;1
164956;0
299380;1
272201;0
403080;0
370223;0
9147;0
229162;1
265107;0
264818;0
40036;0
148720;0
9949;0
53090;1
199488;1
387096;0
375380;0
133142;0
127702;1
377776;0
78295;1
256450;0
194226;0
101842;1
240979;1
117996;0
200463;0
8316;0
383960;1
395083;0
376772;0
273100;0
407672;0
226515;0
353145;0
312784;0
288969;0
237688;0
339849;0
281170;0
359206;0
6359;0
109298;0
380496;0
338865;0
77380;0
193142;0
413777;0
301801;0
380866;1
10749;0
202108;0
289576;1
85664;0
394615;0
52526;0
137174;0
76718;0
418920;0
299771;0
150227;1
13784;1
321555;0
204541;0
225066;1
420438;0
99443;0
304643;0
33883;1
275179;1
364528;0
421919;0
261733;1
95912;0
157196;0
158789;0
404308;0
205863;1
340550;1
13972;1
108498;0
393071;0
363833;0
101289;0
70014;0
180021;1
184494;0
161816;0
149729;0
400750;0
327664;0
134668;0
118;1
301758;0
25622;0
269421;1
38128;0
80973;0
281656;1
212447;0
126613;0
226848;1
148050;0
15002;0
144627;0
396653;0
254284;0
297157;0
402427;1
50738;0
310102;1
219666;0
389839;0
232896;1
165148;1
412878;0
139714;0
5433;0
383993;0
329941;0
279303;1
69856;0
108321;0
288896;0
269306;1
71660;1
388944;0
108363;0
284553;0
361082;0
174463;0
171166;0
372076;0
406691;0
342369;1
181666;0
116931;0
60739;0
121802;1
156803;0
95839;0
277201;0
301559;0
327620;1
365959;0
98652;0
356176;0
230199;1
276766;0
366656;0
385142;0
383058;0
141679;0
327504;1
184836;0
336103;0
71823;0
244410;0
96391;0
219080;0
21498;0
393215;0
399181;0
12032;0
99949;0
37958;0
151939;1
97658;0
208631;1
97292;0
28005;0
31512;0
70698;0
200100;1
415338;0
342273;1
144729;0
113615;0
252644;1
222650;1
21006;0
236692;1
343255;0
228079;1
52975;0
157831;0
69712;0
244418;1
255521;0
137794;1
250312;0
64397;0
279031;1
31644;0
283306;1
108662;1
126845;0
188953;0
197473;1
228530;0
269696;1
273493;0
357064;0
100341;0
99578;0
44120;1
59604;1
336941;0
74950;0
162053;0
115459;0
113076;0
6604;0
170178;1
103219;1
261543;0
73539;0
353465;0
300691;0
12710;1
411850;0
127197;1
176648;1
212383;1
250408;1
289488;1
119766;1
257483;0
129268;1
382502;1
146181;0
389433;1
314527;0
3496;0
209175;0
64350;0
419643;0
349378;1
322084;1
286959;0
192791;1
211612;0
20963;1
195854;1
399741;0
270144;1
161726;0
147915;1
136332;0
50114;0
164470;0
74769;0
305200;0
367216;0
312246;0
260401;0
343424;0
295577;1
363334;1
158540;1
282010;0
49353;0
148889;1
290310;0
314681;0
282187;0
161937;0
76390;0
277992;0
113468;0
248672;0
383126;0
356203;1
304161;1
410911;0
187715;0
204359;0
11649;0
114958;0
82511;0
49552;0
134561;0
331825;1
305789;0
20651;0
37224;0
183778;1
152617;0
222804;1
15883;0
10080;0
98402;0
222905;1
309214;1
164775;0
397088;1
183726;1
34987;0
403847;0
104752;0
289208;1
181143;0
75621;0
211114;1
265274;1
168485;1
342177;1
338202;0
222944;1
321790;0
314581;1
233288;0
277600;0
208298;0
331563;0
107158;0
260181;0
31168;0
66412;1
212305;1
164016;1
236057;1
186100;1
325486;0
10204;0
313573;0
122687;0
297759;1
302689;0
131664;0
173933;1
337634;0
79240;1
290350;1
96172;1
259493;0
118700;0
115166;0
404291;0
296214;0
224628;0
324511;0
156072;0
408959;0
106902;0
253629;0
178055;1
332637;1
365069;0
82950;0
210173;1
315426;0
109398;1
421482;0
240099;0
265533;1
300519;0
13163;0
316733;0
392711;1
315625;1
129611;0
182220;1
70074;0
116049;0
34465;1
142674;1
305680;0
188450;1
137577;0
232800;0
238228;1
153484;0
279329;0
155477;1
57364;1
271322;0
231677;1
261210;0
206536;0
159518;0
171783;1
200073;0
330592;1
5084;0
33976;0
59957;0
89768;0
332307;1
16218;0
152432;1
90876;0
293543;0
306451;0
54569;0
297768;0
56445;0
284153;1
60434;1
282519;0
331323;1
94010;1
21394;1
126693;1
190534;1
404269;0
148170;1
354733;0
85430;0
249065;0
215302;0
93124;1
361343;0
85578;0
221679;1
328466;0
241903;0
279777;1
275621;1
293697;1
252876;0
369320;1
278735;0
398062;1
311594;0
354479;1
215286;1
45161;0
238682;0
47339;0
328564;0
365100;1
41197;1
250286;0
74342;0
310198;0
147872;0
131724;0
340490;1
413852;1
385354;1
382251;0
369428;0
409777;0
83466;0
324563;0
19921;0
329429;0
415828;0
317015;1
113327;1
278871;0
291157;0
336995;0
384125;0
125428;0
50239;1
130957;0
44258;0
348272;0
421412;0
292059;1
297374;1
336374;0
399806;0
420371;0
109629;0
209453;1
162500;1
103769;0
372224;0
153406;0
401698;0
402113;1
151305;0
98153;0
304160;1
118912;1
390430;0
96354;0
149654;1
373235;0
109932;0
11703;0
247591;1
196436;0
372069;0
126132;1
227128;0
183039;0
46969;0
16515;0
345546;0
111633;0
23817;0
394978;0
219533;0
83806;0
347259;0
415514;0
21616;0
210596;1
93309;1
270021;0
76980;0
90898;0
154069;0
420678;0
210646;1
305924;1
263390;0
9644;0
290226;0
134644;0
275692;1
194267;0
31597;0
328442;0
252570;1
86858;0
273494;0
411117;0
341900;1
348873;0
348900;1
82662;1
163358;1
418934;0
304429;1
105505;1
271435;0
122188;0
334853;0
389570;0
55497;0
358265;1
310527;1
261087;1
262241;0
281203;0
95964;0
121052;0
414048;0
81167;0
368262;1
86419;1
338449;0
59552;0
308247;0
242681;1
1666;0
217175;1
191697;1
143813;0
202208;0
332703;0
23006;0
221947;1
16272;0
179683;0
33878;0
76744;0
247899;0
65059;0
22828;0
98030;0
34507;0
77493;0
287816;0
126867;0
249011;1
75819;0
328903;0
192517;1
143092;0
393424;1
307617;0
80438;0
303110;1
234391;1
52755;0
69205;0
291222;0
17675;0
49020;0
383560;1
239099;1
332939;0
74984;1
310958;1
396781;0
199538;1
42884;0
270430;1
225825;0
77624;0
267135;0
90651;0
372990;1
21334;0
204850;0
306460;0
54014;0
27480;0
311497;0
315370;1
241381;1
314423;1
143759;1
88838;0
77589;0
410098;0
13043;0
246975;0
362771;1
6842;0
418305;0
406445;0
51914;1
11338;0
395720;0
61776;0
385261;0
85472;0
16498;0
139075;0
240640;0
143289;0
387085;1
22978;0
162514;0
182799;1
130602;0
231946;1
240831;1
208368;0
169769;0
13425;0
87670;0
74971;0
73675;0
79060;1
232388;1
96878;1
128852;1
366711;0
296867;1
283946;0
226206;1
330931;1
93353;0
89446;0
96035;0
352126;1
414614;0
72900;0
363238;0
392376;0
374807;1
211167;1
392001;0
404379;0
297592;1
381103;0
88234;0
353173;0
399227;0
342285;0
348470;0
186692;1
266119;1
142372;0
408737;0
320436;0
155241;0
237897;1
348616;0
245348;1
380863;0
289338;0
228627;1
343695;0
355385;1
79196;0
370822;0
338639;1
333039;0
206494;1
343906;0
4267;0
149543;1
2649;0
61962;0
343403;0
256284;1
403444;0
72818;0
379051;0
137929;1
374080;0
79802;0
43090;1
155981;1
166313;1
53111;0
350946;0
322495;0
401005;0
35935;0
27337;0
343300;0
149783;0
362797;1
83182;0
45353;1
286259;1
266030;1
307292;0
285550;1
117368;1
344008;1
66136;1
37653;0
398294;0
19185;0
313811;1
151352;1
48301;0
110389;0
373303;0
397009;0
164293;0
55535;0
47239;0
67972;1
357499;0
362395;1
217839;0
206953;0
157252;0
10124;0
235656;0
315709;0
306751;0
306609;1
133612;0
291473;0
394556;0
36215;0
345079;0
238635;0
243598;0
389805;0
230472;1
172544;0
161345;0
9620;0
111226;0
209425;0
399939;1
83075;1
199091;0
286436;0
366178;0
259189;0
172691;0
255047;1
408054;0
298286;1
392760;1
138667;1
63299;0
242734;0
11424;0
141938;0
296530;0
99486;0
278988;1
75360;0
359593;1
58330;0
157138;1
409512;0
168789;1
314956;0
346318;1
53210;0
112200;0
388921;1
67145;0
103461;0
79957;0
253617;1
363800;0
159351;1
214905;0
95351;0
216134;0
237199;0
288918;1
370556;0
221227;0
388217;1
415558;0
218254;1
249637;0
292700;0
194239;0
112230;1
241336;1
87004;0
83862;1
83883;1
231123;1
162792;0
389293;0
181704;1
307960;0
292382;0
30626;0
129561;0
184170;0
25895;0
281854;1
256859;0
232210;1
196118;0
29708;0
320504;0
392879;0
173214;1
243587;0
114019;0
319211;0
270948;1
194589;0
404694;0
173647;1
343217;0
142111;0
319050;0
400011;0
234094;0
336699;0
119467;1
203334;1
24439;0
25624;0
285021;0
414135;0
1663;0
312858;0
228556;0
276107;0
241423;1
210278;0
43715;0
181584;0
271335;1
305834;0
208753;1
302147;1
5817;0
72961;0
340646;0
331842;0
183785;0
59563;0
258288;0
189103;1
243430;0
314667;0
148776;0
47731;0
348544;0
255035;1
63677;1
369395;1
366703;0
325598;0
358387;0
188865;1
172523;0
254026;1
44773;0
125377;0
385985;0
131961;1
127131;0
149210;1
393824;0
207516;0
84997;0
381057;0
56664;0
267352;1
136902;1
384613;0
178333;0
21352;1
349026;0
56495;0
348512;0
259048;0
153807;1
242992;1
251575;0
221522;0
35889;1
128516;1
22133;0
205112;1
390415;0
115429;0
112966;0
188068;0
291147;1
92171;0
1439;0
195576;0
110927;1
240477;1
3527;0
210157;1
249385;1
66319;0
342715;0
395228;1
122154;0
123626;0
249472;0
50822;0
417127;0
363711;0
221667;0
293567;1
310751;0
312956;0
345891;0
307695;0
295392;1
15266;0
108241;0
228230;0
57294;0
86839;0
159158;1
145356;0
413869;0
35185;0
351313;1
284978;0
360052;1
191904;1
104337;1
267620;1
315922;0
17051;0
5830;0
53161;0
131223;1
4934;0
260760;1
105516;1
89989;0
142929;1
48878;0
328536;0
311516;0
4576;0
31839;0
82543;1
280925;0
404826;0
178323;1
232769;0
15085;0
22549;0
32746;0
343345;0
225781;0
42712;0
31463;0
260561;1
48455;0
138065;1
233852;1
202754;0
36279;0
342609;1
13472;0
390828;0
201221;0
119595;0
204763;0
274511;0
108064;0
239474;0
241595;0
149600;0
235744;1
8621;0
418045;0
34895;0
32529;0
229424;1
54777;1
85841;1
268797;1
330549;0
85620;0
45487;0
316597;0
365328;0
284569;0
304461;1
26400;0
284256;1
218656;1
306728;0
218538;0
391579;0
149608;0
334409;0
247312;1
159427;1
128721;0
301797;0
163098;1
404487;0
273679;0
199752;1
331011;1
309788;0
4231;0
253213;0
179939;1
114111;0
25047;0
129148;1
165104;1
22024;1
353253;0
379401;1
193210;1
296841;0
77946;0
402843;1
95631;0
294401;1
250455;0
45694;1
385052;0
407714;1
338042;1
361962;0
250829;1
373131;0
269995;0
274260;0
22333;0
413707;0
144177;1
252401;1
360991;0
127330;0
159438;1
97246;0
96173;1
43450;0
354071;1
293685;0
172977;0
209426;1
18336;0
267777;0
372369;0
252057;1
128598;1
285899;1
278736;1
268271;0
88160;1
70940;0
187311;0
26691;0
400390;1
421733;0
376746;0
148237;1
352168;0
231103;1
163072;1
26185;0
251866;0
337633;1
152698;1
155552;0
210454;0
227806;1
230785;1
422416;0
176085;1
307349;0
332129;0
265567;1
121965;0
269653;0
305617;0
359268;0
162538;1
73957;0
345084;1
320255;0
264229;0
312279;1
57349;0
168813;1
47967;1
408404;1
73;0
305325;0
90276;0
274;0
380320;1
328157;0
395160;0
88497;0
295716;1
235126;0
80924;0
186864;1
338652;1
109921;1
388397;0
334793;1
103197;0
243263;1
81209;1
415719;0
318871;1
331914;1
300959;1
342695;1
293045;1
39144;0
272366;0
45857;0
129982;1
64863;0
90075;0
53288;0
61453;0
17887;1
345728;0
147817;1
382250;1
173040;0
190708;0
247009;1
204457;0
78974;0
377190;1
358395;1
55086;0
41040;0
273671;1
28618;0
264897;0
231035;1
202533;1
421640;0
248358;1
132306;0
374930;0
101740;0
235750;1
264650;1
186903;0
315348;0
27608;0
106994;1
187231;0
136272;1
194933;0
245511;1
136592;1
138564;1
139627;0
169741;0
12815;0
277663;0
280038;0
172651;0
91822;0
198290;1
221299;1
170856;1
390924;0
384967;0
205381;1
279069;1
10035;0
406002;0
317550;0
353300;1
298367;0
315268;1
408698;0
373305;1
346876;0
110625;1
268489;0
46988;0
81715;0
401286;0
266435;1
229380;1
5659;0
217578;0
274038;0
160471;0
267585;0
330980;1
249299;0
360486;0
306097;0
18749;0
149243;0
186708;0
237840;0
391026;0
77714;0
200316;0
342360;1
54796;0
225130;0
310379;0
223792;0
220729;1
211733;1
343766;1
155714;0
273007;1
232867;0
400397;1
370980;0
282499;1
408796;0
105161;0
169850;0
88750;0
2528;0
166838;0
259589;0
376005;1
58253;0
304320;1
31702;0
339708;0
287978;0
21361;1
254575;0
305849;1
200766;1
279750;1
412077;0
408179;0
36630;0
41996;0
50400;0
213522;0
197175;1
258591;1
95788;0
86188;0
10698;0
89585;0
3895;0
125103;0
407364;0
274335;0
304270;0
269768;1
415042;0
303980;0
279623;0
421009;0
131967;1
153932;1
141704;1
256238;0
19757;1
304138;0
41811;0
102501;1
102134;0
34768;0
117553;0
360780;0
81766;1
60302;1
246486;1
4362;0
393648;0
35312;0
196320;0
71708;1
98191;0
368188;1
249014;1
36272;0
411399;0
195157;0
138801;0
319573;0
296449;0
13270;0
406544;0
275460;1
343454;1
169729;1
125306;0
65955;0
405291;0
249841;1
77620;0
239780;0
208487;1
185543;0
146797;0
396842;0
134248;1
109200;1
279342;0
309524;0
63498;1
367852;0
390926;0
98775;1
341683;1
274291;0
316561;0
185313;1
80433;0
235610;0
324716;1
10671;0
336478;0
124094;0
199153;0
295358;1
156876;1
63559;1
314460;0
133279;0
76560;0
93167;1
189665;0
203761;1
350757;1
228930;0
313880;0
361403;0
98908;0
307477;0
360843;0
402986;0
366303;1
108555;0
331557;0
4259;0
317958;0
241802;1
346277;0
153470;0
226101;0
137357;1
59230;0
147082;0
331886;0
131409;0
235527;1
4317;0
12293;1
330930;1
147982;0
191662;1
96686;0
287777;0
163168;1
292161;0
400327;0
376692;0
89228;0
165540;0
384891;0
301822;0
277852;0
254535;0
257107;0
351291;1
311123;1
288155;0
317965;1
246472;0
101902;0
146664;0
106800;1
249102;1
120885;1
168674;0
332739;1
70354;0
141990;0
200071;1
222582;0
258904;0
89620;0
349095;0
95181;0
290148;0
288586;1
317200;1
82810;0
23593;0
102613;1
397320;0
338218;0
266556;1
401017;0
340583;1
232175;0
315030;1
379019;0
376564;1
115932;0
190096;0
7631;0
244654;1
146389;1
89160;1
82934;1
147955;0
74655;0
166586;0
67729;0
186978;1
330459;0
136730;1
242121;0
67297;0
363293;1
268074;1
244071;1
19579;0
206417;1
109330;1
120299;0
237461;0
169837;0
249736;1
373287;0
5357;0
25565;0
72478;0
234582;0
385659;0
298667;1
361136;0
362941;1
53078;1
127147;1
308164;0
181304;0
211783;0
208546;1
265436;1
389521;0
296022;0
406495;0
411684;0
146055;1
390611;0
15907;1
154691;1
340305;1
345550;1
281000;1
272830;1
145492;1
33108;0
246193;0
228225;0
160349;1
119117;0
170368;1
186653;1
357539;1
203405;1
355771;0
414554;0
65778;0
80727;0
78812;1
375078;1
61917;0
256740;0
168109;1
367543;1
218699;0
387120;0
275584;0
290408;0
200955;0
359152;0
287122;1
129612;0
40969;0
85932;1
173404;1
213191;1
197432;0
36475;0
252087;0
343983;0
406467;1
178914;1
398379;1
194597;0
367522;0
351800;0
270437;1
184097;0
199707;0
260597;0
174166;0
121711;0
34485;0
58763;0
74775;0
411471;0
123289;0
257354;0
15419;0
202347;0
66538;0
90905;0
261118;1
366426;1
329039;1
179481;1
270606;1
117019;0
44770;0
197241;0
88077;1
419779;0
155803;1
278878;1
217926;1
246205;1
130617;1
75838;0
187185;0
257551;0
306141;0
341427;1
414469;0
270172;0
168852;0
148764;1
42627;0
51934;1
21972;1
119844;1
248511;0
327879;0
8441;1
35539;0
186787;1
6553;0
143605;0
7184;0
59646;0
45067;0
61547;1
383042;0
120798;0
145320;1
422392;0
272008;0
24235;0
148620;1
234998;1
52384;0
171426;0
58217;0
101449;0
80923;1
123556;0
129645;0
154983;0
141959;0
396787;0
85356;0
38674;0
332438;1
122402;0
90436;0
181403;1
333398;1
358721;0
400556;1
348895;0
137727;0
62258;1
190593;0
4595;0
225636;1
353654;0
203990;1
70424;0
217172;1
70952;0
156432;0
305964;0
48525;0
347035;0
355481;1
267775;1
89072;0
64963;0
209432;0
346695;1
394424;0
7099;0
319025;0
400901;0
331031;0
19084;0
105730;1
160333;0
258998;1
71264;0
324569;1
1930;0
401888;0
331047;1
214902;1
4822;0
378759;0
235640;1
111231;1
235722;0
76512;0
89760;0
10789;0
367367;0
234038;0
288940;0
123620;0
120376;0
256958;1
98626;1
122351;1
418176;0
42823;0
306982;0
225404;1
226270;0
297143;1
63613;1
348625;1
392889;0
36787;0
117500;0
74158;0
265354;1
131593;1
354434;0
275965;0
86665;0
298882;1
277127;0
80827;0
16839;1
187631;0
270995;0
186320;1
314995;1
87573;0
127156;1
257213;0
172907;0
117910;0
215512;0
145810;1
10256;0
45828;0
103669;1
403403;1
223354;1
208470;1
8457;0
180010;1
348784;1
204693;1
368654;1
66866;0
357090;0
317868;1
192226;1
328671;1
159713;1
368055;0
336379;0
77000;0
107609;0
168403;1
195839;0
312419;1
182175;1
306522;1
211443;1
241302;1
302444;0
91881;1
390615;0
357458;1
97234;1
192062;1
10082;0
316485;0
35140;0
88000;0
191839;0
204519;1
388940;1
421572;0
342728;0
411588;0
211589;0
307243;1
366392;0
151965;0
346382;1
373626;0
329551;1
81275;1
249663;0
165020;0
308299;1
270271;0
214830;0
157950;0
84889;0
36501;0
314534;1
42264;0
370623;1
113364;1
398721;0
33074;0
340068;0
413698;0
42919;1
329666;1
244315;1
95990;0
54902;0
71606;1
88352;1
31713;0
263954;0
224511;1
224358;1
211535;0
26672;0
316590;1
223584;0
154867;0
139101;1
328217;1
153761;0
190916;0
351179;1
947;0
419183;0
242998;0
202;0
404185;0
31494;0
182708;0
405847;0
76407;0
282614;1
160302;0
322017;1
243352;0
105425;1
339033;0
50038;0
38053;0
257388;0
260534;0
127735;0
199695;0
95778;0
312726;1
376431;1
363098;0
100951;0
88119;1
404617;0
305257;0
376271;0
286220;1
227487;1
180809;0
111940;0
31033;0
165165;0
250401;0
126825;1
2562;0
110155;0
378773;0
314185;0
125444;0
119677;0
395055;0
347801;1
375701;1
58622;0
58248;0
42304;1
185054;0
91760;1
421174;0
160981;0
55573;0
289458;0
169609;1
223083;1
322564;1
356236;0
409204;1
65020;0
83402;0
163689;0
127244;1
244877;0
382699;0
287929;0
320729;1
384174;1
225186;0
266234;1
296328;1
225532;0
363913;1
334049;1
204260;0
180374;1
322158;1
205958;1
148102;1
340413;1
330032;1
262302;1
394993;1
8150;0
127444;0
235714;0
10229;0
18545;0
19860;0
270038;1
343579;1
339414;0
18272;0
67214;0
409990;1
291668;1
184067;0
314631;1
307165;1
128265;1
57053;0
70526;0
23098;0
357149;0
305759;0
136241;0
302556;0
215272;1
283770;0
294767;0
124434;0
97275;0
306506;0
213255;0
92906;0
332021;0
208813;0
230944;0
177713;0
420770;0
180133;0
185322;0
33924;0
246179;0
23197;0
280890;0
283430;0
208042;0
52721;0
421588;0
102526;0
215583;1
22380;0
201435;1
152969;0
4931;0
71783;0
95763;0
389483;0
315051;0
117294;0
406207;0
67262;1
72251;1
163558;0
399843;0
230812;0
92612;1
359320;0
103207;0
410321;0
236156;0
129145;1
370810;0
339294;1
126917;0
247421;0
213889;1
121226;1
184348;0
119827;1
971;0
348063;1
10909;0
211929;1
37671;0
160936;0
373023;1
39132;0
419486;0
284269;1
354586;0
167855;1
34371;0
377244;0
234288;0
140756;1
78799;1
56799;0
330714;1
253503;0
267986;1
132736;0
18978;1
156260;1
97949;0
410668;0
202689;0
39245;0
27942;0
139415;1
62713;1
181754;1
188544;0
149226;0
263902;0
365654;1
198681;0
134975;1
421604;0
394565;0
417589;0
168524;0
263169;0
411136;0
285437;0
374501;0
305835;1
69163;0
406318;0
123382;0
212656;1
212200;0
20478;0
142131;0
46141;0
71378;0
414762;0
65589;0
249132;1
154285;1
241878;1
372673;1
3956;0
48163;0
383929;0
130543;1
231621;0
217603;1
386879;1
12704;0
284955;0
59355;1
141515;0
185779;0
326278;0
250760;1
115527;1
26473;0
382976;1
166500;1
393610;0
102131;0
11984;0
200333;1
249535;1
300781;1
291991;0
284109;0
380879;0
281207;0
333264;0
160421;0
66054;1
332525;1
70871;0
115908;0
352725;0
38321;1
253467;0
134682;0
246136;1
131120;1
157922;1
147959;0
315215;0
32388;0
122900;1
298957;0
271229;0
61200;0
158090;1
238606;1
238130;0
323524;1
369792;1
200681;1
200135;1
41967;0
247189;1
55482;1
30308;0
121629;0
93945;0
9260;0
235160;1
392762;0
302996;0
82089;0
181656;0
370727;0
139319;1
114829;1
200687;0
213860;0
336981;0
277239;1
388996;0
287925;1
253672;1
415435;0
5446;0
266349;1
348416;0
270883;0
45846;0
230841;1
323249;1
411718;0
256034;1
75396;0
183454;0
400513;1
276197;0
342021;0
137131;1
196076;0
15191;0
20391;0
378284;1
54635;0
82632;0
78299;0
389623;0
49821;1
120797;0
122771;0
234127;1
81592;0
124904;0
101206;1
374089;0
94173;1
281958;0
45834;0
92780;0
67149;0
50893;1
20495;0
258546;1
327120;1
388106;1
245216;1
183436;0
173350;0
78616;0
357038;0
296260;0
194760;1
392808;0
367637;0
243471;1
74010;0
49200;0
339633;1
378942;1
321414;0
198444;0
63438;1
18705;0
208177;1
378590;1
388563;0
307043;0
79091;0
157744;1
297817;0
116552;0
237861;1
145271;0
20803;1
132792;1
60377;1
275518;0
94355;0
269869;0
355751;0
411445;0
86389;0
336710;0
8808;0
198361;0
193564;0
418679;0
236637;1
262517;0
287530;1
189993;1
275937;0
264689;0
338880;0
161936;0
214297;0
197667;0
3010;0
86032;0
414860;1
114026;0
109493;1
305583;1
363034;0
3298;1
11060;0
330999;1
56936;0
132886;1
273495;0
197583;0
325018;1
128712;0
20735;0
182037;1
195738;0
62184;0
314450;1
75568;0
242202;1
98998;1
134366;1
422657;0
23492;0
184041;1
410867;0
69228;0
145755;1
227598;1
330478;0
284963;1
256735;1
29219;1
80472;0
252448;0
91434;0
144317;0
62997;1
132042;0
221558;1
108439;1
337685;0
338653;1
252403;0
17232;0
170287;0
132153;0
299391;0
335586;1
197248;0
234139;0
416664;0
306036;1
189521;1
171093;0
277867;0
237396;0
27484;0
362899;0
1421;0
312943;0
181576;1
293877;1
113991;1
76642;0
212480;1
283241;0
201101;0
351696;1
7413;0
330880;0
26923;0
1993;0
165015;1
415676;0
46461;0
243591;1
64495;1
15723;1
100969;0
324071;1
334841;1
40137;0
18983;0
20171;0
193460;0
238153;0
186579;0
48100;0
45441;0
255616;0
345283;1
361630;0
150315;1
292370;1
416715;0
175851;0
228662;1
405628;0
39268;0
153569;1
176459;1
16899;0
181440;0
41998;0
146835;0
127979;0
226761;0
336883;1
234500;0
300285;1
22129;0
361173;1
84498;0
194190;0
398352;0
213668;1
421761;0
81211;1
56440;0
130477;1
121310;1
408769;0
142119;0
176715;1
21961;1
320750;1
375665;0
292002;0
351951;0
249217;0
76880;0
98851;0
348893;1
214597;0
171935;0
63497;1
244523;0
396061;1
15345;0
409638;0
206336;0
311336;0
330100;0
80926;0
163027;0
414019;0
327732;0
77689;0
379234;1
155950;1
318980;1
122115;0
202739;0
329388;0
294875;0
8199;0
138630;0
17470;0
19351;1
170990;1
394880;0
104117;0
236961;0
194955;1
417064;0
306608;0
192887;0
174277;0
107711;1
33212;0
352681;0
176228;1
259925;1
137842;0
188376;1
22439;1
75411;0
385233;1
109467;1
203618;0
174186;1
388425;1
137277;0
134335;0
194137;0
399016;1
397038;1
58351;0
209930;0
56643;1
24145;0
414669;0
297211;1
283773;1
341445;1
357881;1
256541;1
189696;0
203332;1
230871;1
120649;1
421781;0
87184;0
271397;0
250036;1
173998;0
394075;0
199367;1
232917;0
384814;0
190350;1
326892;0
163023;1
133051;1
313604;1
7936;0
413207;0
265455;1
352440;1
84382;0
151443;0
210449;0
381474;0
98430;0
217729;1
280951;0
119051;1
196086;1
203344;1
193286;1
400039;0
281311;0
389840;0
39265;0
291228;1
418400;0
114666;0
226177;1
344630;0
62499;1
24762;1
378349;0
274087;1
13525;0
237713;1
49002;0
8180;0
370303;1
127440;0
149051;1
251533;1
331467;0
317920;0
307139;1
371275;0
216155;1
253163;0
408228;0
259744;1
949;0
189980;1
146727;0
157835;0
181806;0
206916;1
244745;0
320250;1
183176;1
9731;0
8911;0
283792;0
300964;1
141948;0
3144;0
390810;0
397447;0
412538;0
53989;0
70494;0
108867;1
418130;0
254954;1
220354;1
140162;1
230254;0
347175;0
211849;0
271975;0
320225;0
14833;0
11942;0
39550;0
227382;0
353229;0
217468;0
411533;0
115945;0
223865;1
196815;0
223435;1
34825;0
379310;1
63846;1
86385;0
143757;0
180173;1
387417;0
229807;0
12996;0
91950;0
272147;0
135773;0
356519;0
17026;0
212260;1
169317;0
262821;1
25541;0
197433;1
216597;0
218041;0
25906;0
269183;1
308904;1
21541;0
176069;1
145529;1
368761;1
417950;0
86883;0
4671;0
340266;0
257046;0
348612;0
204775;1
9985;0
213955;0
405264;0
46450;0
108253;1
38791;0
45636;1
73342;0
157350;0
16504;0
402592;1
293202;1
137032;0
185189;1
168771;1
141563;0
162570;0
365786;1
227745;0
260642;1
114106;0
137222;1
280411;0
241916;0
301696;1
335776;0
394418;0
384947;0
177078;1
115718;0
42024;0
180189;0
106011;0
300113;0
117609;1
369738;0
207692;1
79471;0
345959;0
343755;1
422273;0
284369;1
30136;0
252206;0
378272;0
104027;0
335913;0
309820;0
94358;1
368379;1
41196;0
70499;0
114935;0
142563;0
288065;1
177664;0
273672;1
415970;0
156950;0
72631;0
330425;0
251637;0
413600;0
283471;0
249300;0
42271;0
319355;0
332781;1
377058;0
45666;0
59002;1
378401;1
314615;1
302625;0
209707;1
358694;0
131086;0
235487;0
185168;0
406392;0
2553;0
99738;0
23781;1
118762;1
194465;1
383224;0
185453;1
232476;1
320548;1
304971;0
142538;1
6645;0
378892;0
158897;0
109249;0
247456;0
71002;1
210013;0
236304;1
212145;1
285974;1
118447;0
411505;0
294369;0
410904;0
33448;0
364549;1
416063;1
376568;1
392183;0
397991;0
328611;1
183099;1
263634;1
376108;1
342762;0
150724;1
71151;1
386348;0
336837;1
49005;0
149193;0
414970;0
134376;1
187934;1
326406;0
122071;1
339623;1
94845;0
157156;0
165083;0
361192;0
299269;1
346036;0
264070;0
201434;0
202926;0
141105;0
370513;0
2597;0
101693;0
303970;1
215341;1
359758;1
258681;1
240220;0
98417;0
68988;0
119712;0
195968;0
35313;0
178438;1
347255;0
184468;0
332323;1
111470;0
316154;0
201442;0
362692;0
41561;0
276286;0
354765;0
407442;0
211845;1
257475;0
274597;1
336503;0
331958;1
231307;1
104876;1
97680;0
259893;1
149063;0
228814;0
118705;0
260740;1
