nIdPessoa;data_referencia
181076;2018-06-10
201073;2019-02-17
280267;2023-05-03
14686;2017-05-03
71442;2021-04-09
250069;2020-08-05
351488;2022-05-26
255952;2020-06-03
147702;2018-01-10
167011;2018-12-01
300222;2021-11-09
402149;2023-10-21
58647;2016-11-03
301544;2023-05-20
370001;2023-05-09
78403;2016-08-03
89472;2016-04-06
216756;2019-05-19
31622;2015-11-04
222971;2021-07-17
204188;2019-04-20
97717;2017-09-06
237259;2021-05-08
245265;2020-05-05
136009;2017-03-07
244575;2020-03-03
238712;2020-01-15
327938;2022-09-21
267389;2022-10-07
201949;2019-04-04
358858;2023-08-03
254132;2020-05-06
251306;2020-04-17
50262;2018-07-03
385083;2023-11-03
149163;2018-06-16
107076;2016-07-13
87635;2016-01-15
182656;2018-07-18
127521;2018-08-08
148754;2022-07-05
11743;2016-05-03
194330;2018-10-16
352445;2022-06-10
164028;2018-05-22
193047;2021-08-13
223396;2020-04-21
200280;2019-03-05
172783;2018-01-02
168628;2019-03-05
157169;2018-02-20
53529;2016-04-02
214227;2020-05-05
262057;2020-09-19
367487;2023-01-04
94536;2016-11-16
343377;2022-05-03
129170;2016-12-13
326014;2022-11-18
222416;2019-07-17
28772;2016-01-06
186841;2020-07-16
339179;2022-12-01
391399;2023-06-07
236912;2020-05-19
73963;2017-10-21
389222;2023-08-15
2102;2022-02-03
148545;2019-10-15
266061;2020-07-03
359468;2023-05-03
373369;2023-01-27
158541;2022-05-03
251810;2020-04-02
3057;2016-04-07
397517;2023-08-05
161875;2019-05-04
364507;2022-10-07
99022;2017-09-05
181129;2018-06-06
319688;2022-05-05
336183;2023-10-13
248602;2021-03-05
263725;2021-04-10
63660;2016-01-12
387289;2023-04-06
118858;2016-05-18
383174;2023-06-13
159888;2019-02-05
154806;2018-07-21
74123;2020-04-21
310816;2023-07-07
324772;2022-03-04
66089;2015-10-06
181283;2020-12-01
168858;2017-12-15
96875;2016-10-13
166412;2017-09-19
206104;2020-04-02
158073;2022-08-05
218285;2020-09-08
127989;2016-10-04
303452;2021-08-06
403416;2023-07-04
8486;2018-03-15
263783;2020-09-20
19520;2016-05-03
205604;2019-01-01
175282;2019-05-09
164842;2020-03-04
236755;2019-12-03
198794;2021-10-20
307628;2022-01-25
183661;2021-10-05
299818;2021-04-13
298516;2021-05-15
214417;2019-04-24
225089;2020-05-21
134201;2017-04-06
195918;2019-04-11
166202;2018-04-11
222545;2019-06-14
193263;2020-12-16
390618;2023-10-17
364367;2022-12-06
473;2017-10-12
307182;2021-07-03
80682;2015-10-08
273123;2020-08-14
235611;2021-04-22
182197;2019-05-03
89333;2016-01-06
401521;2023-10-10
173076;2018-10-09
13563;2016-10-12
355135;2022-12-03
63172;2022-03-15
164045;2018-03-20
41855;2023-03-25
273386;2021-08-16
187615;2018-07-03
222158;2019-07-04
291350;2021-07-06
160262;2023-04-05
260646;2021-08-10
357075;2022-08-05
384235;2023-07-06
135198;2016-10-05
96230;2019-02-12
233506;2020-10-10
171077;2018-05-03
59817;2016-05-07
190244;2022-12-15
274829;2020-12-17
21365;2016-09-13
271215;2021-02-02
141755;2017-11-07
131132;2017-03-03
388880;2023-05-10
193982;2023-04-20
310662;2023-02-09
162835;2017-09-02
115643;2023-03-14
14889;2018-07-12
63897;2016-01-02
197185;2019-10-09
181003;2018-06-06
150604;2017-07-04
417158;2023-11-03
25480;2015-10-16
288248;2021-01-01
199939;2019-01-01
230707;2019-10-08
112187;2019-09-07
32875;2016-03-08
320383;2021-10-15
195880;2018-12-01
102272;2016-01-06
344693;2023-02-19
239432;2020-09-02
45027;2016-08-12
325278;2023-11-03
230012;2019-11-17
127425;2018-03-06
224488;2021-09-21
153829;2017-08-03
119657;2016-04-02
240487;2021-06-22
175272;2023-04-12
321783;2022-09-20
300550;2021-05-18
201749;2021-09-09
232710;2022-10-18
229200;2020-07-03
226801;2019-09-19
131126;2017-07-04
26317;2017-08-12
294411;2023-05-13
40352;2015-11-12
293698;2021-06-16
132546;2016-12-15
197666;2019-10-10
74421;2016-11-15
18489;2019-08-21
177775;2019-04-02
128454;2016-10-19
40657;2016-01-08
353767;2022-06-22
259664;2020-10-17
219485;2020-06-03
388101;2023-07-04
195822;2018-08-11
264873;2021-03-16
166393;2017-12-07
373729;2022-12-17
361316;2023-02-01
196111;2018-12-17
60918;2016-01-02
307458;2022-03-12
63031;2020-09-02
138679;2018-08-10
39335;2020-09-02
307399;2021-06-24
376247;2023-02-07
143061;2018-07-24
94771;2019-10-04
49690;2017-01-03
352037;2022-09-02
337839;2023-10-28
122133;2017-08-04
295111;2021-07-06
133152;2020-06-12
170896;2020-07-16
374389;2023-05-12
350590;2023-04-21
215454;2019-11-05
91564;2016-02-05
313935;2022-10-18
53190;2018-08-09
104274;2016-01-07
305031;2021-11-13
391746;2023-09-06
140148;2016-12-30
387604;2023-05-24
315466;2021-09-03
15683;2016-10-05
382297;2023-10-12
136652;2019-09-05
207978;2021-04-03
115863;2016-03-04
291728;2022-02-01
163672;2020-09-02
176899;2018-08-07
356817;2022-09-14
328629;2022-06-07
220953;2021-11-03
239620;2021-08-19
219949;2019-07-03
94367;2016-02-13
245055;2020-08-05
218338;2020-12-08
105393;2017-12-07
214939;2019-11-05
348410;2022-06-14
362297;2023-10-14
289168;2022-01-14
379297;2023-05-06
133126;2019-06-11
180039;2022-02-05
389018;2023-05-26
101994;2016-01-12
26331;2017-06-15
352526;2023-02-07
246138;2021-07-09
280080;2020-12-12
341918;2022-11-03
199031;2018-12-06
234815;2021-03-04
373970;2023-04-19
363266;2022-10-11
148246;2018-07-04
313854;2021-11-03
359315;2022-08-03
328450;2022-04-05
292000;2021-05-18
242785;2020-11-11
216367;2020-11-11
169656;2022-03-03
321607;2022-10-06
332551;2022-06-03
57570;2016-04-02
232798;2019-12-17
198683;2021-03-16
127528;2019-09-11
65618;2019-04-16
217260;2021-04-06
201357;2019-01-01
399709;2023-06-14
385527;2023-04-21
293480;2021-11-03
201066;2023-01-05
277219;2020-10-10
181566;2018-05-03
385664;2023-11-03
139527;2017-02-03
237022;2023-05-12
243172;2020-03-17
281448;2020-12-11
359389;2023-04-06
99279;2016-03-16
284914;2021-06-03
321543;2021-12-21
88366;2016-02-02
300589;2021-06-29
233535;2019-11-03
270557;2021-09-17
38398;2015-11-13
255597;2020-06-13
281805;2022-05-19
298932;2022-05-10
140368;2017-04-04
304512;2021-10-26
181396;2020-02-04
64040;2023-03-07
322728;2023-03-03
346350;2022-06-07
408853;2023-09-20
301074;2021-05-29
126881;2016-10-06
357950;2022-12-01
312897;2022-09-02
181765;2018-05-08
70366;2018-08-07
392041;2023-10-06
314627;2022-01-01
271058;2021-10-06
266531;2020-07-07
143431;2017-04-04
347038;2023-08-15
226987;2021-10-06
375886;2023-01-10
171575;2017-12-01
177378;2021-08-06
234681;2020-05-13
92815;2015-11-18
249509;2022-05-12
298765;2023-05-11
387485;2023-04-02
124114;2018-11-06
364686;2023-01-04
188113;2019-05-11
391407;2023-04-05
1122;2017-04-15
89628;2021-05-26
138184;2017-05-16
143462;2017-02-01
288548;2022-12-20
383070;2023-11-03
292654;2022-10-20
189150;2019-01-05
258924;2020-06-17
103311;2022-05-24
164919;2017-10-20
363515;2022-10-04
297695;2022-03-23
389414;2023-04-25
389381;2023-04-11
171014;2017-12-09
151972;2021-07-20
32122;2017-12-13
383715;2023-06-10
307583;2021-11-03
82819;2016-09-20
159796;2017-10-10
45429;2016-02-05
54689;2016-06-15
230522;2020-03-04
302758;2021-08-07
387689;2023-06-03
347113;2022-07-12
191624;2019-11-05
201962;2019-02-03
231403;2019-12-04
182381;2020-08-07
181050;2018-05-03
97074;2017-06-15
152675;2017-07-21
202528;2020-04-02
335829;2023-03-03
355851;2022-09-13
112169;2016-04-16
148824;2019-02-01
262489;2021-08-25
261563;2020-05-15
344000;2023-08-18
35898;2018-04-04
373412;2023-01-10
215376;2020-02-04
38381;2019-07-03
411312;2023-09-07
364225;2022-12-21
25784;2016-09-10
254359;2020-05-20
188753;2021-06-18
313435;2021-07-21
294735;2021-06-23
397047;2023-06-20
118154;2019-01-09
71857;2016-06-08
330639;2022-07-21
102835;2016-10-13
147824;2018-05-03
150477;2021-12-16
258764;2023-05-13
267338;2020-08-21
219450;2019-05-18
173920;2018-01-09
254046;2020-07-03
168104;2018-11-06
143116;2021-04-02
175955;2019-02-04
220736;2021-07-13
102194;2016-02-02
237763;2020-02-13
284392;2021-09-02
19856;2016-04-02
147159;2017-09-19
261556;2020-08-15
359706;2023-05-03
30419;2021-04-28
177356;2018-02-01
242527;2020-07-03
159611;2023-04-05
112587;2020-01-10
167970;2018-08-21
87339;2020-01-07
134706;2016-11-10
316230;2022-06-14
284706;2021-02-02
258930;2020-06-17
56009;2023-04-15
82817;2016-01-02
141336;2020-04-14
197549;2019-03-07
94405;2019-03-12
122508;2017-12-12
140831;2023-02-09
359716;2022-11-03
284899;2021-02-04
87648;2016-03-08
48751;2019-06-04
197545;2022-08-21
352022;2023-10-17
157881;2021-07-06
271645;2022-01-14
213501;2022-03-04
102394;2016-02-05
187994;2020-01-08
275897;2020-11-21
392306;2023-06-08
88862;2017-02-12
54958;2016-11-09
355792;2023-05-24
312936;2022-02-01
351210;2022-08-18
205638;2019-03-03
297351;2021-06-06
91075;2015-10-17
321455;2021-12-10
260958;2020-10-09
352751;2022-09-02
27217;2017-11-16
392525;2023-10-14
296731;2021-04-06
170943;2019-02-06
13929;2017-08-12
165847;2018-10-04
54167;2023-06-03
4151;2017-08-24
206658;2019-05-07
306872;2022-10-04
104315;2023-05-06
6459;2019-01-02
8220;2017-06-06
356031;2022-11-09
139710;2018-05-17
61107;2016-08-06
326295;2021-10-19
205656;2019-04-03
282357;2021-02-02
214393;2020-08-05
113330;2016-04-14
42701;2015-10-17
222193;2022-01-04
243568;2020-08-05
330652;2022-02-01
232796;2020-06-11
10992;2020-04-14
352176;2022-11-03
332416;2022-02-01
139645;2021-10-26
325949;2023-07-04
292913;2021-05-04
274213;2022-10-25
106696;2016-05-03
282022;2021-09-05
336252;2022-04-19
223195;2021-04-02
237825;2023-10-24
225260;2023-09-02
318721;2022-03-15
20276;2018-10-17
143316;2021-11-12
107210;2016-05-06
364193;2022-11-08
178840;2018-06-19
278667;2021-12-24
238619;2021-04-02
188580;2019-12-03
207291;2020-06-23
167735;2017-11-22
358987;2022-10-16
405364;2023-06-17
195864;2019-01-02
179121;2020-04-02
258564;2020-06-16
146785;2018-06-21
248027;2020-07-07
201848;2020-04-02
50773;2015-10-16
324328;2022-01-04
301624;2023-05-03
355565;2023-05-04
1821;2016-03-10
351235;2022-08-16
312524;2022-05-03
159717;2017-10-17
71637;2015-11-17
299979;2021-09-02
102981;2015-12-02
188740;2020-08-13
180442;2018-09-18
25232;2015-10-10
79687;2015-10-07
127020;2019-11-06
197797;2021-09-17
234593;2020-01-05
310421;2021-07-03
88649;2021-11-23
317762;2021-11-10
3876;2016-07-21
258925;2021-06-16
170785;2019-12-10
61531;2016-12-10
101626;2021-08-06
131494;2017-10-05
111087;2016-08-11
274560;2021-06-03
231376;2020-02-06
212327;2019-12-06
79738;2017-11-07
356894;2022-09-20
202438;2020-12-01
300388;2021-08-25
168188;2020-10-16
162827;2020-12-12
245098;2020-05-19
171867;2018-02-19
299000;2022-02-09
162629;2017-11-15
279512;2021-02-05
13812;2018-01-12
240364;2020-01-16
151793;2017-11-03
315387;2022-05-20
190049;2018-09-04
110161;2022-10-05
35161;2016-12-10
100620;2016-10-15
185042;2019-06-01
63910;2016-02-18
109735;2021-09-17
353839;2022-10-04
40694;2018-04-11
314142;2022-03-03
62964;2017-06-14
66527;2018-12-05
178605;2019-05-03
241402;2020-05-21
285537;2021-03-23
39377;2016-07-12
213822;2019-07-03
404422;2023-09-02
355442;2023-09-02
183578;2021-03-04
323721;2023-06-18
303178;2021-10-05
134675;2016-12-01
396730;2023-08-25
351936;2022-06-03
330324;2023-03-11
198395;2018-12-04
257781;2020-05-21
11286;2021-12-03
277547;2022-06-08
280362;2023-07-04
214207;2022-02-15
41525;2017-04-15
319772;2021-10-05
80655;2023-09-12
130701;2016-08-19
164542;2023-03-18
316018;2021-10-07
151846;2022-01-01
189013;2020-04-11
132518;2016-12-08
262391;2021-06-10
14864;2017-06-06
79774;2016-12-08
209870;2022-05-17
21760;2020-04-02
175424;2018-02-14
45416;2015-12-15
304084;2021-08-03
335016;2022-02-01
146045;2017-04-18
112732;2016-05-03
234449;2019-12-10
69669;2016-06-10
232365;2022-12-06
130575;2016-10-07
282972;2021-10-13
197009;2019-12-03
368996;2023-05-24
351745;2022-09-06
385376;2023-03-24
215619;2021-12-01
209151;2020-11-05
192714;2021-03-09
272139;2020-09-02
160916;2018-07-20
119270;2016-05-03
194827;2018-10-04
190863;2018-08-07
155356;2019-10-05
251767;2022-09-06
218473;2021-11-10
245106;2020-10-14
249584;2020-05-06
259737;2021-11-03
321204;2021-10-15
270056;2020-11-03
271957;2021-10-06
225628;2019-09-11
228467;2019-11-03
54057;2016-06-08
281051;2020-12-01
25088;2022-02-17
61729;2023-08-08
15174;2019-01-08
70636;2018-06-07
312199;2021-08-05
329807;2023-03-03
395545;2023-05-03
102766;2016-11-03
106971;2016-02-18
42084;2015-11-20
45214;2022-06-22
223568;2019-12-03
214308;2021-08-18
320409;2022-02-01
50707;2016-10-13
149044;2017-10-21
263929;2022-09-20
131338;2017-02-17
314389;2021-09-22
156204;2020-01-02
269486;2020-11-14
22105;2015-11-12
46520;2015-10-06
220160;2019-11-07
27783;2018-10-09
315693;2023-04-11
313126;2021-12-01
259179;2020-08-23
135368;2017-03-04
304962;2021-07-17
190196;2019-06-04
138566;2020-12-16
281038;2022-02-15
340840;2022-04-21
256971;2020-05-13
189461;2018-06-21
180936;2018-07-24
351170;2022-10-04
147899;2018-04-03
212202;2020-12-01
341632;2023-09-07
206704;2019-04-23
242446;2020-11-03
270439;2021-01-13
181195;2019-06-22
371265;2023-10-05
308739;2023-01-03
211538;2019-05-12
299745;2021-06-13
207369;2020-11-07
139592;2016-12-14
136563;2016-12-18
324852;2022-05-17
322678;2022-10-07
389649;2023-05-24
90163;2019-03-05
130492;2016-10-09
305816;2022-11-15
97201;2016-04-19
332730;2022-07-05
347089;2022-11-03
72284;2021-06-03
131987;2017-12-01
208341;2019-10-08
376307;2023-02-17
328012;2022-06-03
273871;2021-08-18
56303;2018-01-02
260199;2020-07-23
88895;2021-05-18
105193;2018-09-05
261140;2022-11-03
162498;2018-11-06
287896;2021-05-13
195371;2021-10-14
284105;2021-01-13
110045;2018-04-03
147080;2021-08-19
313215;2022-09-02
82695;2020-06-23
145416;2018-08-15
265;2021-12-21
321528;2021-12-01
68536;2016-12-01
51962;2017-06-06
367561;2023-05-03
207457;2020-08-11
252641;2020-11-18
208288;2020-10-22
264567;2021-06-03
258667;2021-07-03
202231;2023-03-03
127700;2019-02-19
305715;2021-07-17
94194;2015-10-21
176875;2018-03-03
374857;2023-02-08
364678;2023-05-04
389407;2023-07-13
265263;2020-07-16
135525;2017-11-09
314391;2021-08-10
152878;2017-07-04
312371;2021-09-07
204221;2019-12-21
94101;2021-11-13
174478;2019-12-05
286114;2022-02-09
199597;2020-06-04
356872;2022-08-03
32789;2016-12-01
169510;2023-06-03
346512;2022-05-17
314190;2022-10-05
296807;2021-05-13
212125;2019-05-09
106922;2017-05-05
209406;2019-05-08
92573;2016-08-23
270939;2020-11-10
404211;2023-08-18
277194;2021-03-18
394405;2023-06-08
377950;2023-08-28
125395;2016-12-01
266760;2021-01-06
360420;2023-01-11
325224;2022-02-03
207425;2020-10-20
191162;2022-11-03
22415;2015-10-07
47229;2020-05-21
325179;2022-01-13
79589;2017-10-21
207220;2019-04-02
163840;2018-05-15
314123;2021-11-03
130398;2018-11-15
28953;2016-03-09
394029;2023-05-06
401796;2023-06-24
20153;2018-07-11
221356;2020-07-23
332555;2022-01-12
220608;2021-07-07
278598;2021-08-03
153285;2017-07-15
307822;2021-09-11
278947;2021-12-14
310253;2023-08-23
315450;2022-03-09
284605;2022-12-14
194299;2018-11-11
16668;2019-03-07
72957;2017-06-06
192780;2019-02-06
192027;2019-02-01
195622;2019-04-09
251145;2020-08-05
373039;2023-01-03
399750;2023-10-06
384324;2023-05-16
153850;2018-03-21
270013;2020-12-01
401775;2023-09-03
345043;2022-07-10
268557;2020-10-06
49429;2016-09-02
110613;2017-06-14
57641;2019-01-01
368786;2023-08-23
119255;2016-06-08
101997;2015-12-02
216544;2020-10-13
75267;2015-12-02
345367;2023-01-03
222087;2019-07-03
279227;2022-10-14
125040;2021-04-27
250300;2022-09-20
125235;2016-11-05
350784;2022-07-12
284944;2021-01-10
241219;2020-02-04
144678;2017-06-13
17122;2015-10-06
224118;2019-11-13
344445;2022-10-18
184876;2018-06-06
111309;2016-06-17
393047;2023-05-03
204129;2020-06-20
320824;2021-10-23
171508;2018-11-03
222828;2023-05-03
165177;2018-08-11
411262;2023-08-23
195193;2018-11-08
125763;2019-06-15
266461;2020-11-05
100927;2018-01-02
229246;2020-11-03
10653;2022-06-22
113584;2021-07-17
64487;2016-06-15
411812;2023-10-12
396398;2023-07-07
73564;2021-08-03
377496;2023-01-17
246943;2020-05-03
204754;2022-06-23
215487;2020-11-11
105821;2016-10-18
178783;2022-06-21
108427;2016-08-04
182176;2018-05-11
189900;2018-09-02
305591;2021-09-02
213983;2021-10-07
278751;2022-04-02
91578;2016-04-13
237893;2021-07-15
50337;2020-01-02
193453;2019-06-04
2634;2016-05-03
226605;2019-10-08
378785;2023-05-11
308865;2021-08-10
178144;2018-03-14
63776;2015-11-17
144500;2017-01-18
185000;2018-06-14
124109;2016-07-05
39576;2016-06-15
323839;2022-04-12
308799;2021-11-19
166606;2018-02-06
177129;2018-04-03
158798;2022-05-03
373604;2023-01-17
294080;2021-05-22
364105;2023-06-03
223927;2019-09-03
298202;2022-03-03
275013;2020-09-19
255469;2022-11-16
225840;2019-08-16
102756;2016-08-10
161847;2018-05-15
137403;2018-10-23
206550;2021-09-02
218709;2020-04-15
186713;2018-07-18
103228;2016-05-03
213043;2019-08-03
226493;2021-08-03
298088;2021-05-06
351234;2022-06-12
199483;2021-05-04
219281;2022-02-01
338642;2022-05-13
312948;2021-08-19
217962;2020-11-03
139811;2016-12-14
355450;2022-11-18
166117;2017-11-03
176549;2018-04-21
135056;2019-01-15
3535;2020-05-14
317785;2021-09-15
49742;2017-03-03
380517;2023-05-16
348927;2023-08-03
351728;2022-06-03
249884;2020-04-17
44428;2016-03-03
212037;2019-03-12
123403;2017-11-03
68214;2017-07-06
284567;2021-08-03
405003;2023-09-08
393292;2023-08-03
305825;2022-11-03
259570;2021-03-03
407655;2023-09-20
185029;2021-10-05
382319;2023-02-14
267386;2021-03-03
129208;2017-11-17
360113;2023-05-09
272526;2021-06-03
295791;2021-06-24
308887;2022-02-02
340643;2022-11-08
258383;2020-12-01
113155;2018-09-06
181517;2018-05-16
40977;2017-02-07
296326;2022-05-03
259111;2020-09-18
20839;2016-11-16
351392;2022-11-17
157976;2018-05-24
286226;2021-09-17
267892;2020-09-09
309305;2022-02-11
317518;2021-10-05
80800;2015-12-15
224396;2019-12-03
215290;2019-05-14
286274;2020-12-22
235211;2022-11-03
227830;2021-02-10
226320;2019-11-14
38639;2016-05-20
276789;2021-02-02
191746;2021-12-16
316852;2023-10-20
228311;2019-10-23
128322;2016-07-22
135979;2017-05-09
52041;2016-09-02
223151;2020-05-05
209121;2019-07-03
44622;2015-10-16
124839;2017-05-03
128231;2018-12-12
398875;2023-11-03
42698;2015-11-04
305815;2021-05-21
24082;2016-12-01
176500;2018-12-11
321313;2023-06-14
225569;2020-01-15
159542;2018-01-04
106274;2016-03-11
168778;2018-06-14
157984;2018-03-13
154327;2017-06-03
34143;2016-02-11
342061;2022-05-03
393365;2023-09-02
329169;2022-06-18
195536;2018-10-23
193743;2018-09-04
125645;2016-07-05
132639;2017-04-05
321368;2023-04-11
220854;2021-01-01
143016;2018-02-01
46746;2020-03-06
92997;2016-09-10
345025;2023-01-17
145735;2017-06-08
279550;2020-11-03
278863;2020-12-01
108184;2017-02-01
214555;2023-06-13
149288;2018-04-03
43514;2016-09-02
187882;2020-07-21
3957;2016-02-18
217117;2020-10-13
61963;2017-04-04
207446;2019-01-11
105234;2019-03-12
185677;2018-09-04
323200;2023-07-13
8611;2020-05-16
107073;2016-03-08
409380;2023-08-15
397784;2023-05-12
82587;2016-02-06
310168;2021-11-16
165796;2019-02-08
45899;2015-11-14
181661;2023-04-11
167886;2018-01-01
250532;2020-05-12
254670;2020-05-21
243772;2020-03-05
311966;2021-09-10
223436;2020-05-05
61549;2018-02-01
106114;2018-10-09
156265;2023-03-15
211806;2021-11-03
334530;2023-03-03
160649;2018-09-05
112348;2016-03-18
304248;2022-02-01
309593;2021-11-03
252884;2020-11-04
165315;2018-01-10
163923;2020-12-10
94516;2021-09-18
195105;2019-11-05
367412;2023-01-19
148798;2017-02-14
362577;2022-09-02
23525;2016-04-15
27041;2017-04-05
38731;2018-08-08
42934;2016-05-12
85178;2018-04-03
105127;2020-12-01
165086;2022-07-26
339202;2023-08-03
331173;2022-02-11
91682;2017-02-10
308571;2023-01-04
7551;2016-01-09
11846;2015-12-02
338860;2022-03-19
103620;2019-05-18
149020;2018-06-07
283928;2020-12-01
326496;2022-03-22
129196;2017-01-04
356681;2023-04-18
337154;2023-05-20
315068;2021-09-30
52000;2018-10-09
394718;2023-06-23
158004;2018-04-20
9445;2017-02-10
64015;2015-11-03
156237;2017-09-19
237952;2020-09-02
81144;2016-08-20
271579;2020-09-05
198151;2019-04-05
317442;2022-12-01
66639;2015-10-06
341959;2022-11-03
264775;2023-04-06
400767;2023-05-18
303552;2021-12-10
17179;2021-04-02
33052;2016-11-03
288971;2021-04-13
53612;2018-04-03
41965;2016-03-19
367679;2022-10-18
207341;2019-04-02
163705;2020-04-02
350069;2022-12-16
129980;2016-08-03
293298;2022-07-05
199133;2019-02-01
381701;2023-06-03
132706;2017-03-07
187655;2018-09-18
165958;2019-12-05
320883;2022-03-15
195165;2021-07-08
186988;2018-09-04
108441;2018-11-16
139186;2017-02-07
209636;2019-05-03
240599;2020-03-06
278883;2020-10-06
201223;2019-11-16
264201;2020-09-05
359260;2022-10-04
317042;2022-04-20
68724;2017-02-01
177204;2020-09-18
4761;2018-01-11
31184;2018-07-10
243716;2021-07-06
93842;2016-05-03
228520;2020-11-21
356092;2022-11-04
269237;2022-11-03
326987;2022-04-09
53627;2018-06-05
245936;2021-02-02
169793;2019-01-02
115854;2017-01-18
189879;2022-01-13
269823;2021-11-03
235820;2020-04-02
117781;2017-04-29
180915;2020-09-02
212701;2019-04-24
372273;2023-01-12
96027;2016-03-03
239278;2021-09-02
262312;2020-11-11
192247;2018-08-03
176508;2018-01-16
331674;2022-01-21
171731;2018-10-13
363212;2023-11-05
113510;2023-03-03
351414;2022-09-07
408676;2023-10-04
280244;2020-11-11
293559;2021-10-06
168896;2020-10-21
15512;2021-07-06
114414;2017-03-03
135878;2018-10-16
32268;2018-09-18
14762;2017-07-11
371690;2023-06-03
391492;2023-05-09
141244;2020-02-08
344463;2023-08-08
215117;2022-05-11
389309;2023-05-03
227279;2022-05-18
9540;2023-04-18
289023;2021-03-25
21445;2022-08-03
38399;2023-08-03
180788;2019-04-06
273402;2021-01-01
325452;2022-03-03
259646;2020-07-15
295987;2021-04-03
158906;2017-07-04
291691;2023-03-17
224768;2020-08-05
140686;2019-12-03
66837;2016-02-12
182061;2019-08-09
293816;2021-02-11
174584;2018-03-07
84926;2016-06-17
127242;2017-01-04
376221;2023-06-03
155575;2019-06-12
20317;2021-05-04
190531;2018-07-10
83887;2016-11-15
256959;2020-05-05
213172;2020-09-05
153108;2017-08-03
360557;2023-02-14
202316;2019-06-18
190433;2018-07-21
93228;2016-10-04
289937;2021-02-09
346247;2022-12-01
94484;2019-03-05
94654;2016-04-06
21214;2022-07-23
104619;2016-08-03
214444;2019-04-09
113413;2016-04-02
332014;2022-10-06
258908;2021-11-03
177146;2020-02-20
198513;2021-07-20
266253;2021-08-05
126882;2019-12-14
244643;2022-04-05
313454;2021-10-14
88936;2016-11-16
178005;2019-04-20
377175;2023-02-07
175140;2018-04-08
45143;2016-04-09
359655;2022-12-06
277287;2021-02-09
261859;2021-04-21
137878;2019-03-15
293587;2021-06-03
84630;2020-06-03
321762;2021-12-09
401950;2023-10-06
396927;2023-06-06
226190;2019-09-19
225351;2020-02-18
385607;2023-07-20
271803;2022-10-06
84455;2016-03-04
295800;2021-11-03
99455;2019-08-22
400552;2023-06-10
382332;2023-02-11
182624;2019-08-03
406963;2023-08-03
181268;2020-09-02
22029;2015-11-25
21470;2017-12-07
74683;2015-12-02
223094;2021-01-05
234323;2019-11-21
205845;2020-04-22
74644;2016-07-08
179556;2018-04-10
160763;2017-08-03
359921;2022-10-03
31415;2017-11-15
49583;2017-07-07
218978;2019-09-06
290251;2021-07-03
399203;2023-06-13
317857;2021-09-17
237372;2021-01-01
169601;2018-04-14
148477;2018-01-02
150991;2017-06-06
410546;2023-09-22
83725;2016-07-21
409305;2023-08-03
90413;2016-10-19
155546;2018-07-17
306431;2023-01-17
30198;2017-05-04
81206;2016-04-05
102341;2018-06-21
233092;2020-08-05
53074;2017-07-05
347068;2022-05-03
409695;2023-10-04
317689;2021-09-04
127240;2016-12-01
241064;2020-08-19
269407;2020-08-05
72758;2018-09-04
289525;2021-02-17
143782;2017-08-05
62979;2015-11-03
156018;2017-05-16
198432;2019-01-17
115464;2019-11-05
408858;2023-09-07
254320;2021-08-10
144651;2017-08-16
358124;2022-11-08
284354;2022-03-16
251699;2022-03-22
327895;2021-12-17
171891;2018-09-04
358433;2023-01-05
147091;2022-06-15
253125;2021-03-20
131055;2016-11-10
24243;2016-10-05
99274;2021-02-10
135196;2017-03-04
172526;2018-11-03
99759;2015-11-03
265399;2021-02-19
36592;2017-08-15
200091;2019-01-20
127501;2016-11-09
280181;2020-12-19
402372;2023-10-10
99890;2017-07-18
14245;2016-04-06
32245;2016-11-10
7247;2017-06-08
216887;2019-04-23
318957;2021-10-26
114279;2017-05-18
57045;2017-05-12
129603;2017-07-04
375935;2023-02-03
260993;2020-07-17
12386;2017-12-12
97010;2016-10-04
381828;2023-07-04
167912;2019-07-04
202964;2019-03-12
276592;2023-07-06
268513;2020-08-05
251097;2020-05-07
162600;2018-04-03
228177;2020-06-13
33394;2016-07-13
309133;2023-09-21
306387;2022-03-03
328569;2022-02-10
319321;2023-02-01
234305;2020-09-02
98877;2019-10-05
247285;2020-05-16
159424;2018-08-07
250348;2020-10-06
341679;2022-04-22
249100;2020-07-10
372792;2023-01-03
41050;2016-04-15
25247;2017-10-14
35847;2016-01-09
126165;2020-06-03
176930;2018-11-15
325456;2023-06-10
153423;2018-11-13
360467;2022-10-25
286665;2020-12-09
12362;2017-04-12
366245;2023-06-08
39852;2020-04-16
1451;2020-09-20
291023;2021-08-11
94722;2019-11-05
288448;2023-03-03
104581;2016-01-07
385618;2023-05-09
29847;2015-12-18
71191;2015-11-03
9264;2018-05-09
187497;2019-11-05
127246;2017-05-03
317808;2022-05-03
181405;2018-04-03
260135;2020-08-18
235519;2020-03-14
285074;2021-02-02
233928;2020-01-19
366501;2023-11-05
110814;2016-02-02
192362;2018-10-17
337941;2022-09-13
368145;2023-08-05
190915;2018-09-04
86182;2015-11-03
264732;2020-08-22
117326;2016-08-03
383409;2023-09-02
29428;2017-03-07
247156;2020-11-18
46436;2016-05-13
293213;2023-01-01
281463;2023-11-03
332547;2023-07-05
351367;2022-10-06
304295;2021-07-21
214910;2019-07-07
404805;2023-08-03
94552;2016-05-17
48113;2016-05-04
181023;2022-09-09
169341;2019-06-05
199436;2019-12-03
302694;2021-09-07
251512;2021-05-25
232090;2020-08-05
134180;2018-02-01
287195;2021-08-03
261583;2020-07-04
162418;2017-09-02
226527;2019-11-05
273343;2020-10-06
99017;2018-04-03
314943;2021-07-24
212078;2019-06-21
229717;2021-11-06
183020;2018-07-15
316152;2022-08-25
226475;2019-11-05
385127;2023-05-17
285024;2021-06-17
261016;2023-04-11
65917;2016-09-20
108654;2016-09-10
331499;2022-03-27
201177;2019-03-20
320982;2021-11-12
192690;2018-08-22
260756;2023-01-03
240345;2022-01-06
288814;2021-08-13
225059;2022-10-19
248419;2021-07-15
266568;2021-01-01
186480;2020-09-02
351519;2022-08-18
324396;2023-04-01
309777;2023-06-03
45029;2022-06-25
61895;2016-03-15
395316;2023-04-21
351338;2022-06-17
258790;2021-05-12
226209;2019-10-04
340909;2022-10-18
159055;2018-01-06
181226;2018-09-02
197939;2018-09-18
318277;2023-08-08
194971;2019-01-01
133967;2023-01-10
93799;2016-04-08
263005;2021-02-06
295900;2021-03-23
409879;2023-09-08
120045;2016-06-02
155283;2017-11-14
182641;2019-06-04
250386;2021-04-06
151360;2017-05-04
89662;2015-10-13
333520;2022-05-14
373616;2023-01-17
326443;2021-12-07
296132;2021-05-31
350769;2022-05-14
283400;2021-11-04
172258;2018-02-13
278511;2022-04-02
243775;2021-06-03
61193;2016-10-15
104183;2019-05-14
269343;2022-03-03
261782;2020-06-10
361229;2023-02-08
374513;2023-02-14
262593;2020-08-07
355226;2022-09-20
67179;2018-02-01
227170;2020-09-02
340845;2023-02-11
385599;2023-06-24
143151;2017-02-02
21892;2016-08-03
281302;2022-12-02
169062;2018-07-05
283404;2021-05-04
130342;2020-10-10
190945;2018-10-28
222394;2020-09-18
336363;2023-08-16
300271;2021-07-13
341932;2022-12-08
337795;2022-03-22
305863;2021-10-26
204387;2020-10-06
232806;2019-11-21
209467;2019-02-14
68343;2022-04-13
281396;2021-01-15
409854;2023-10-17
178066;2018-05-05
334643;2022-06-15
112093;2020-10-13
356768;2022-09-02
159331;2017-11-10
334040;2022-01-21
238261;2020-04-21
169652;2018-04-06
234619;2019-11-15
285449;2021-07-03
165089;2017-12-12
281927;2021-02-14
223193;2019-10-08
278961;2020-10-13
284277;2020-12-15
239721;2020-10-14
181263;2019-10-18
225160;2019-09-03
267483;2021-07-07
145179;2017-08-10
358258;2023-05-03
132192;2021-09-07
90128;2016-03-15
167987;2018-04-20
402999;2023-11-03
56050;2022-12-01
131370;2022-02-04
300396;2021-05-20
278118;2020-10-14
73462;2017-01-03
221807;2019-09-01
503;2018-10-09
254897;2020-05-05
167630;2018-11-08
216506;2020-09-18
263580;2020-07-07
179990;2020-06-28
156617;2017-06-03
266916;2021-03-03
377482;2022-12-20
272273;2021-01-14
36999;2019-06-21
262050;2021-07-20
268732;2021-10-26
23238;2016-04-10
196438;2023-06-03
74798;2015-11-03
263648;2022-11-16
232182;2023-01-10
165024;2018-06-20
268770;2020-11-03
139616;2021-08-25
344582;2022-05-11
217113;2019-11-05
290225;2022-09-02
74921;2018-11-03
63818;2017-06-03
337306;2022-07-05
270442;2020-10-22
204411;2019-06-04
248039;2020-12-04
299445;2023-02-04
149484;2017-06-03
148536;2017-06-15
50300;2018-03-08
106702;2016-01-17
38654;2022-08-16
222708;2021-08-06
302517;2022-07-05
102988;2016-06-10
164642;2017-12-14
396868;2023-06-03
245992;2020-11-03
265461;2022-09-06
346771;2022-12-17
122670;2022-03-16
129944;2016-07-05
306176;2022-03-03
354359;2023-02-07
77045;2015-12-02
1922;2023-03-16
197263;2019-04-21
98789;2019-02-01
159227;2019-04-02
146056;2018-12-12
252217;2020-05-14
312678;2022-02-08
147164;2017-05-18
16766;2018-09-18
295168;2023-01-10
305870;2022-01-01
342359;2022-06-05
276998;2023-01-03
7309;2016-07-08
211105;2022-05-03
364907;2023-03-17
31576;2018-06-07
208746;2019-06-04
393316;2023-09-12
61408;2017-01-17
155582;2017-06-13
63384;2016-04-06
175557;2018-11-06
83117;2016-05-07
104492;2019-10-23
350239;2022-08-03
88372;2017-04-04
190707;2018-08-22
281407;2021-01-06
255206;2020-05-08
324949;2021-12-01
100873;2016-06-04
309998;2021-11-03
43352;2021-08-20
127666;2016-08-03
287280;2022-09-03
291978;2022-01-01
253084;2020-05-22
179544;2019-03-13
293414;2021-04-01
134169;2018-11-13
108298;2020-05-05
226258;2019-12-18
77351;2017-05-13
314838;2021-08-26
315039;2022-02-09
150385;2018-12-01
162603;2021-01-20
113670;2023-07-26
57227;2016-02-13
243572;2023-04-25
389446;2023-06-20
246843;2020-08-18
249688;2020-06-10
312042;2023-02-01
167715;2022-07-19
363015;2022-11-09
392006;2023-07-12
254583;2020-11-07
275492;2020-12-16
111788;2016-05-03
212128;2020-06-03
203055;2019-05-03
392099;2023-07-05
261487;2021-06-03
12105;2015-12-02
382692;2023-03-15
360668;2023-05-11
44079;2023-11-03
66197;2016-11-10
142274;2017-01-05
408967;2023-08-03
55494;2017-05-03
125404;2016-08-10
228023;2019-11-17
207289;2020-06-03
194079;2018-11-04
10722;2015-10-13
321282;2021-10-20
53522;2020-12-16
133188;2016-10-07
23133;2019-06-11
320163;2023-09-02
132790;2017-09-19
348737;2022-06-03
402367;2023-09-22
22566;2016-02-02
204858;2020-12-01
109310;2018-09-04
200061;2022-03-03
197150;2019-10-08
32154;2016-04-15
228083;2021-11-23
156225;2017-08-15
416997;2023-10-25
130273;2017-06-22
130909;2016-08-09
141737;2016-12-10
37625;2016-09-10
10017;2021-07-13
201530;2023-07-04
68933;2016-10-06
244102;2020-07-03
40877;2017-11-03
311745;2023-03-03
385264;2023-05-25
128290;2016-09-11
39927;2018-01-13
327833;2022-11-16
251658;2021-04-13
221367;2020-01-14
279368;2021-01-06
275810;2020-10-06
82724;2021-05-05
208782;2019-10-08
146798;2017-05-10
77349;2015-11-18
111993;2018-10-05
125135;2016-08-10
107170;2016-01-21
61162;2016-02-04
7370;2017-12-14
276633;2020-10-15
317849;2022-08-12
192618;2018-12-06
373063;2023-03-14
230974;2021-03-17
300265;2021-12-10
143019;2017-11-14
133256;2016-09-02
17480;2015-11-10
279511;2021-11-03
228516;2019-09-07
306516;2021-10-12
285997;2021-01-01
182858;2019-02-06
176904;2018-02-01
195348;2018-09-04
323534;2022-11-08
176207;2018-04-08
281668;2021-03-24
348133;2022-09-13
205890;2019-12-03
377984;2023-02-11
187909;2021-05-18
162784;2017-11-09
300990;2022-05-18
327034;2022-09-13
217444;2019-06-18
22196;2015-11-21
376460;2023-02-16
267790;2020-12-05
303144;2021-07-06
199593;2021-01-05
169280;2018-11-21
349512;2022-08-09
216178;2020-06-16
304555;2022-03-20
190100;2019-02-01
196545;2020-08-06
258901;2021-03-13
260311;2023-10-24
255113;2021-03-03
210090;2019-09-03
150304;2017-04-18
397083;2023-05-23
104258;2016-10-04
256815;2020-07-23
190969;2019-06-04
117559;2016-05-06
310553;2022-12-01
347846;2023-10-10
195212;2020-08-06
83039;2016-05-03
107739;2018-02-01
171084;2018-01-02
217992;2020-05-07
388666;2023-05-17
217183;2019-10-04
218157;2021-04-06
162246;2019-03-05
124963;2019-02-19
261447;2021-08-03
299726;2022-06-03
311528;2022-10-11
302030;2021-12-03
328458;2022-11-03
93494;2017-02-10
244187;2021-06-15
324026;2022-07-06
2986;2017-07-20
315696;2021-11-07
80742;2016-10-14
352571;2023-03-03
180891;2019-05-07
140910;2018-06-07
165670;2017-12-07
237433;2022-02-01
115236;2018-02-08
363318;2022-10-06
321220;2022-08-03
225984;2020-10-06
401907;2023-09-06
283023;2021-05-15
58717;2018-04-03
230502;2021-06-03
224972;2020-04-02
147831;2017-03-20
125798;2016-08-21
371935;2023-04-04
135254;2016-11-08
366525;2023-07-18
155529;2018-02-06
271192;2022-07-12
289317;2023-06-07
114208;2017-07-14
47864;2016-06-03
187850;2019-12-10
27219;2018-07-10
330185;2022-03-03
148600;2017-04-20
304809;2022-02-01
64777;2016-04-19
182075;2019-04-04
153789;2019-01-01
281386;2021-01-01
26196;2018-02-01
238458;2020-01-02
221747;2019-11-06
204386;2020-11-11
203452;2019-04-12
101694;2018-08-07
71206;2018-06-05
96248;2017-07-18
287365;2020-12-09
136165;2017-08-03
288284;2022-01-22
104148;2016-02-05
368708;2023-05-05
314028;2021-08-03
331021;2022-01-19
8479;2016-05-03
341134;2022-08-25
81514;2019-09-03
328379;2022-10-20
380610;2023-03-15
343402;2022-08-03
262062;2020-07-04
296460;2021-05-18
246897;2021-11-17
302023;2021-10-16
8032;2017-01-03
283817;2021-02-07
235726;2022-04-08
338886;2022-09-02
301971;2021-09-03
360997;2023-06-03
309883;2021-07-06
32601;2018-06-05
319117;2021-10-15
353123;2023-03-17
11659;2019-08-08
212427;2021-09-09
151347;2017-07-20
22871;2016-01-02
133414;2016-11-03
28940;2017-05-10
348786;2022-06-21
280247;2020-12-18
217731;2020-11-07
299479;2021-07-03
240498;2020-02-08
231852;2020-06-11
374956;2023-05-23
135967;2016-10-06
186489;2018-07-03
20338;2016-01-07
355845;2022-12-15
169247;2018-07-03
291869;2021-02-17
117611;2018-01-17
314314;2022-12-01
254832;2021-07-03
294243;2023-05-03
224062;2021-06-22
369943;2023-02-11
191913;2018-11-06
39687;2017-02-04
351416;2022-07-08
277161;2021-05-04
52486;2015-10-06
306983;2021-06-03
358229;2023-03-22
149870;2018-05-03
77646;2015-10-14
326137;2022-12-15
136860;2018-09-18
300202;2023-06-06
212948;2020-03-11
126614;2018-01-10
306672;2021-08-25
171959;2018-02-01
205108;2022-01-12
279265;2020-10-17
2087;2016-08-10
90953;2015-11-14
266430;2020-08-05
143536;2017-05-03
244999;2021-01-15
226984;2019-10-04
196390;2022-06-14
194666;2022-04-08
121806;2017-11-03
45294;2018-04-10
47404;2017-06-15
362792;2022-10-13
127602;2016-05-19
173683;2018-04-03
385145;2023-08-08
146750;2017-02-16
398945;2023-05-18
196242;2021-08-03
295089;2021-03-16
350099;2022-06-17
273457;2023-06-03
53828;2015-11-05
19456;2017-11-03
342647;2023-08-10
183178;2021-08-04
121842;2016-04-15
346822;2023-10-19
13831;2017-02-10
20969;2016-01-02
372427;2023-03-23
264925;2020-08-07
236060;2021-01-01
277877;2021-05-15
95400;2021-01-19
39643;2015-11-13
6907;2018-12-11
199781;2019-03-07
73852;2016-04-19
164163;2017-11-09
151682;2017-05-03
343007;2023-03-04
25776;2015-11-12
388870;2023-04-22
176164;2020-04-09
226836;2019-11-13
179110;2020-12-01
335378;2022-07-12
416345;2023-11-03
56618;2019-02-06
67995;2017-05-06
243987;2020-11-06
167257;2018-04-14
126126;2021-05-04
262775;2021-11-12
33313;2022-09-24
52617;2018-08-14
379024;2023-04-23
312631;2022-04-02
190789;2018-09-18
82023;2016-01-06
356564;2023-01-14
241332;2020-11-13
172231;2023-09-08
26264;2015-12-02
22795;2018-10-04
310222;2021-10-15
217286;2020-09-18
177398;2021-07-16
286313;2023-03-10
333627;2023-05-17
213637;2020-10-06
309354;2022-06-10
80476;2015-10-16
138319;2017-02-07
49557;2022-10-11
196529;2019-09-04
174669;2018-02-15
228472;2020-03-07
329244;2022-06-15
156164;2019-04-23
242899;2021-12-01
214392;2019-07-11
245133;2020-06-19
190252;2019-10-16
111668;2016-06-14
144225;2018-11-16
87438;2016-08-16
72285;2018-04-03
112052;2016-04-19
172033;2019-04-23
165454;2018-06-07
218234;2021-03-11
365276;2023-01-05
343437;2022-05-31
83979;2023-02-08
280260;2022-02-01
262583;2023-01-03
234026;2020-08-05
263602;2021-06-09
19433;2016-03-03
138726;2019-02-08
44856;2020-08-14
356847;2022-08-11
8574;2016-08-09
355262;2022-12-01
395461;2023-07-07
385315;2023-03-03
283848;2022-12-01
187686;2018-08-03
280366;2021-08-03
74700;2022-10-15
207800;2019-02-15
109181;2020-07-22
158593;2019-06-04
35482;2016-02-02
109422;2018-09-04
232377;2021-09-17
89935;2015-12-18
357004;2022-08-09
126735;2017-07-13
22778;2020-12-02
226985;2020-03-11
52702;2017-11-07
309262;2021-07-16
199766;2019-02-01
415918;2023-11-03
137312;2018-12-04
369148;2023-03-22
99753;2016-03-05
271140;2020-12-01
342644;2022-10-12
149251;2018-06-16
247946;2020-05-03
254427;2020-06-23
185834;2018-08-16
235876;2022-08-09
244607;2020-03-12
230281;2021-02-12
209009;2020-04-16
358087;2022-11-10
411056;2023-10-10
383783;2023-05-21
185258;2018-09-18
177715;2018-08-08
178278;2018-05-09
229452;2020-04-08
19091;2016-05-10
127870;2017-03-11
62828;2018-03-03
213698;2020-11-11
216930;2019-09-04
44291;2016-01-12
163230;2017-12-12
364267;2023-09-02
20386;2016-06-15
156699;2017-07-12
234275;2020-11-06
378911;2023-02-01
350714;2022-05-06
52706;2015-12-02
369859;2023-04-04
408862;2023-08-03
235165;2020-09-05
174178;2019-06-20
368534;2023-08-03
221320;2020-06-03
344347;2022-12-16
262251;2022-06-10
186456;2020-05-14
198191;2019-01-06
11272;2020-07-08
317682;2022-04-02
23160;2022-06-25
40488;2016-04-08
208506;2019-05-03
204048;2020-05-19
53422;2018-07-03
109396;2016-02-03
112630;2017-09-08
205960;2020-02-21
314199;2022-06-24
270199;2022-07-12
130718;2016-08-17
341188;2022-12-06
189791;2021-05-21
227245;2023-09-20
100751;2015-11-03
364424;2022-11-12
309476;2021-09-17
285141;2021-01-05
31592;2016-01-05
284858;2020-12-01
314299;2022-09-07
204874;2019-01-22
378012;2023-03-08
250994;2020-08-06
163678;2019-09-05
222334;2021-10-03
374505;2022-12-21
83299;2017-11-14
3079;2018-12-12
179189;2018-06-07
195851;2019-06-04
374826;2023-09-05
116485;2018-07-05
372546;2023-11-03
52583;2016-11-08
385756;2023-05-16
262288;2020-07-07
253975;2020-07-19
112717;2017-03-09
196023;2020-07-07
279435;2020-11-10
334273;2022-02-01
256909;2020-07-03
245326;2022-04-05
296401;2021-08-17
110568;2017-05-19
59655;2022-07-05
243275;2020-04-02
177278;2019-05-16
2388;2018-03-20
335208;2022-12-13
393001;2023-09-12
390177;2023-10-10
133536;2016-11-03
377231;2023-03-23
243700;2020-03-06
342268;2022-11-08
378438;2023-07-01
347888;2022-05-03
141321;2021-06-16
285381;2021-05-18
253926;2022-01-11
337121;2022-03-19
159189;2018-09-06
163325;2018-03-13
345975;2023-06-10
207315;2019-03-13
35936;2017-05-09
276864;2021-02-10
313699;2022-11-10
196071;2019-12-24
7287;2016-08-16
208865;2019-10-04
149177;2017-05-03
356247;2022-09-20
269031;2020-10-09
200690;2021-11-03
205303;2019-11-05
181594;2023-05-09
649;2016-07-13
390987;2023-06-23
256981;2022-08-03
278510;2021-07-13
67595;2016-03-15
80922;2018-05-15
329240;2023-03-03
268951;2021-04-07
198709;2021-07-27
373262;2023-01-17
365997;2023-03-09
279654;2021-01-10
172904;2018-01-13
118990;2016-04-21
63338;2015-11-12
233298;2019-10-22
271955;2022-12-13
199918;2019-03-05
257856;2020-07-19
107899;2016-03-05
241628;2023-05-23
49007;2016-01-02
263205;2020-07-07
63367;2023-01-18
155628;2017-11-03
397764;2023-07-11
322568;2022-02-01
183308;2018-06-05
179310;2018-10-05
103670;2016-11-08
300204;2021-12-07
185496;2018-09-18
6710;2016-02-09
309080;2022-10-18
162510;2017-09-19
251818;2020-04-02
64633;2021-09-24
303685;2021-11-03
136924;2017-05-04
300392;2021-04-15
190924;2019-12-19
411282;2023-10-13
324399;2022-01-05
125924;2018-12-04
92394;2017-09-06
104189;2020-06-23
354711;2022-12-01
222745;2022-03-17
285107;2022-09-20
107552;2016-03-20
230676;2019-10-08
255477;2021-07-23
325723;2023-01-05
360049;2022-09-20
289999;2021-11-06
209692;2019-02-14
289092;2021-01-12
80238;2018-09-04
233022;2020-04-04
63141;2016-12-06
329939;2022-02-10
273993;2020-09-18
351926;2022-08-25
291320;2021-04-10
277810;2021-10-08
47998;2018-08-14
140638;2017-02-18
3222;2019-03-22
63428;2016-04-12
307404;2022-02-01
251894;2020-12-01
287886;2022-01-01
128820;2017-07-13
386552;2023-03-22
125697;2016-06-03
251296;2020-12-04
200337;2022-04-19
147418;2018-08-03
375680;2023-03-03
128547;2018-09-18
283507;2023-03-04
122820;2019-07-17
215867;2019-11-05
95173;2021-01-19
14983;2018-03-06
153374;2018-11-09
338240;2023-01-05
100821;2015-10-12
285607;2021-06-10
213588;2019-05-04
391184;2023-06-13
218190;2019-08-13
115149;2021-03-10
151708;2017-07-07
208118;2019-06-13
299410;2021-07-03
135583;2017-07-06
298853;2021-05-04
100247;2022-11-19
293127;2022-09-13
388255;2023-04-13
168884;2022-09-20
52976;2019-01-09
202502;2019-11-08
176697;2019-12-06
240375;2020-11-10
103949;2016-06-03
391862;2023-07-06
257616;2020-06-20
354805;2023-07-06
110370;2016-02-03
319543;2021-11-10
162439;2018-12-06
307549;2022-04-05
369356;2022-12-01
285164;2023-02-03
176528;2019-11-05
41555;2018-02-14
400007;2023-08-15
33301;2016-05-24
409670;2023-08-09
202288;2020-06-12
221716;2019-07-10
148589;2017-12-07
11853;2016-09-09
16118;2018-01-06
265250;2021-03-25
172109;2021-07-13
280088;2021-06-03
399022;2023-06-07
292555;2021-03-06
344091;2022-04-08
244841;2020-07-10
236323;2020-02-14
183847;2019-01-17
305193;2023-01-10
251146;2020-04-16
249005;2020-06-19
108275;2016-04-15
150757;2018-09-07
15628;2022-07-05
295745;2021-08-07
1463;2015-10-06
262486;2020-11-03
374424;2022-12-20
165741;2019-04-16
322277;2021-12-01
248685;2021-03-03
131894;2018-09-04
172408;2018-01-02
256867;2020-05-05
298396;2022-12-01
182949;2020-08-05
182068;2020-05-19
353906;2022-09-02
83449;2015-11-03
274493;2022-07-09
163454;2018-05-03
55106;2017-12-07
169228;2020-07-07
46353;2015-10-22
153756;2017-09-13
225797;2020-10-06
152270;2017-11-03
318368;2022-03-03
211994;2019-05-21
289119;2022-04-06
358411;2023-11-03
180261;2021-07-21
20831;2019-03-05
218815;2019-09-03
287704;2021-04-06
371375;2023-02-02
332630;2023-10-04
360224;2023-01-17
195579;2020-01-02
160527;2018-03-06
396221;2023-09-19
338678;2022-07-09
39114;2015-12-15
9998;2015-12-11
166800;2019-11-19
64048;2015-10-14
368734;2022-12-13
353353;2023-03-08
117159;2020-11-07
384549;2023-09-20
376590;2023-01-03
247075;2020-09-09
131532;2016-11-03
140139;2017-06-03
108746;2016-01-19
94701;2016-06-21
58681;2017-03-09
186509;2018-09-04
155939;2019-07-04
106530;2016-02-13
126003;2020-05-27
230990;2021-03-23
202403;2021-03-03
242950;2020-02-11
121236;2016-09-20
242385;2020-05-14
386178;2023-10-21
285142;2021-08-06
394297;2023-05-04
63691;2016-09-13
127443;2016-07-13
219206;2019-06-14
261470;2020-06-03
264550;2020-09-08
403375;2023-08-04
196990;2019-04-11
238040;2021-02-02
261020;2023-03-08
237488;2020-07-09
174824;2019-05-10
52640;2016-01-09
10960;2021-02-02
290440;2021-03-03
126863;2016-11-03
252143;2020-06-16
111479;2020-06-23
411368;2023-09-07
134983;2017-09-02
208511;2019-03-31
240036;2021-04-02
386784;2023-04-05
132851;2016-09-02
4437;2016-01-05
114587;2016-05-13
328311;2022-02-04
123147;2020-04-21
115815;2016-02-16
185587;2021-11-16
193072;2018-09-04
320702;2022-06-24
72318;2016-07-15
139624;2017-03-11
210443;2020-08-05
315664;2022-04-13
49570;2016-10-20
130804;2017-10-21
352675;2022-07-05
5487;2016-10-04
307107;2021-10-13
204151;2020-08-05
176627;2019-06-06
177921;2018-08-07
217553;2019-07-14
263338;2020-07-22
251171;2020-05-05
261830;2021-12-18
8727;2016-07-08
55899;2016-03-11
22598;2016-07-03
92581;2017-04-18
233237;2020-01-12
171222;2021-11-11
253032;2020-08-05
186587;2019-03-05
204501;2019-01-08
277130;2022-02-11
348107;2023-03-03
216650;2019-12-03
175286;2018-03-06
280697;2020-12-01
10575;2015-12-02
281575;2020-10-21
159959;2020-11-11
111978;2016-03-16
359775;2022-10-06
128669;2019-06-04
60448;2020-05-12
183607;2020-09-18
335444;2022-10-15
53100;2020-12-08
156203;2017-06-17
264339;2022-06-10
277882;2021-08-21
219425;2019-07-17
278971;2021-10-06
184008;2020-04-02
328218;2021-12-18
376063;2023-05-18
345747;2023-11-03
146306;2018-01-05
271487;2020-10-22
222897;2021-07-06
44497;2020-01-02
172012;2017-11-17
289226;2021-03-12
129604;2016-07-20
131853;2016-07-19
128046;2016-07-13
211825;2020-03-10
249235;2020-10-06
5311;2016-04-15
173533;2019-12-03
149724;2023-10-17
392056;2023-09-10
304299;2022-12-07
97321;2016-09-02
126633;2016-08-10
411617;2023-09-02
152768;2019-06-04
250998;2020-05-31
238291;2021-04-10
246111;2022-01-01
269108;2021-03-03
21051;2015-11-03
185411;2019-01-03
145855;2017-04-05
400664;2023-09-02
182452;2021-01-01
310363;2021-09-12
131789;2019-10-04
273364;2020-10-08
111654;2016-02-18
338863;2023-02-14
294773;2021-02-16
200919;2018-11-17
393225;2023-05-03
342547;2022-04-14
413084;2023-10-24
166961;2019-01-01
329305;2021-12-01
400461;2023-08-03
389040;2023-04-04
143590;2017-01-03
331151;2022-03-20
135411;2017-05-17
193506;2019-10-17
185399;2021-07-20
349496;2022-06-04
56475;2019-06-18
394020;2023-07-05
331871;2022-03-03
114175;2016-03-17
199057;2019-10-23
182028;2018-06-05
190005;2019-09-05
149809;2017-05-10
13925;2016-04-02
118210;2018-07-06
408390;2023-09-08
215014;2021-07-03
397487;2023-06-22
297530;2021-05-08
350872;2022-11-09
284558;2023-02-17
371344;2023-05-03
164398;2018-07-10
375957;2023-02-16
142456;2017-12-14
389023;2023-05-03
131888;2021-07-08
234563;2019-11-13
263368;2020-10-08
140049;2017-06-08
64720;2017-10-04
365986;2023-10-05
378420;2023-09-19
322313;2021-12-01
318607;2022-03-22
310000;2021-08-03
244016;2020-04-10
174022;2019-05-16
163380;2021-05-18
372008;2023-05-03
251584;2020-06-12
303860;2021-12-03
100466;2016-06-20
174138;2019-02-01
294464;2022-03-03
22720;2016-08-23
365121;2022-11-10
330099;2023-06-13
268370;2021-02-16
153748;2018-06-19
275480;2020-12-06
263848;2021-01-19
10893;2015-12-12
224453;2023-02-14
360724;2022-12-06
212892;2019-11-19
207106;2019-07-16
200012;2018-11-22
297800;2021-04-13
100023;2015-11-13
132564;2017-11-17
178273;2021-12-22
329377;2022-04-02
236905;2021-05-06
349610;2023-05-20
321064;2022-04-14
206360;2019-03-10
396078;2023-08-03
229739;2022-04-06
60015;2018-04-03
193181;2018-10-07
307442;2022-01-01
374548;2023-01-03
250329;2020-08-05
296395;2021-04-21
364669;2023-10-05
159246;2017-09-06
168582;2018-01-21
213537;2021-10-06
213352;2019-03-19
63918;2015-10-14
86196;2016-06-22
272872;2020-11-10
87580;2018-07-11
19684;2016-09-08
391388;2023-06-24
338119;2023-10-24
156446;2017-09-02
144331;2017-02-11
57942;2023-07-11
314429;2022-06-21
321683;2022-05-03
67452;2019-05-09
252781;2020-05-05
25626;2019-12-17
306164;2021-11-16
132944;2018-04-05
131721;2016-10-21
232756;2020-07-04
264102;2021-12-01
159604;2020-10-07
176719;2019-01-08
77613;2017-02-03
1066;2021-01-05
301589;2021-08-05
20647;2016-02-11
12302;2016-04-06
84994;2018-04-19
65360;2021-09-10
102328;2015-12-02
368551;2022-12-01
173038;2018-06-05
3940;2015-12-15
161885;2017-10-13
151856;2018-10-16
127955;2020-11-10
84653;2016-09-13
270515;2020-08-12
73940;2018-03-13
176826;2018-04-21
44195;2018-04-10
156584;2019-07-03
63886;2017-05-03
231924;2019-11-07
211685;2021-07-15
161500;2020-11-17
154147;2018-10-16
202685;2023-01-03
265041;2022-10-04
380470;2023-10-11
99634;2016-09-13
2259;2020-02-05
42172;2021-06-04
102522;2016-09-10
306531;2021-09-17
284782;2023-04-21
159478;2022-08-09
362852;2022-11-15
305630;2021-10-05
405358;2023-08-18
196791;2023-05-03
411406;2023-09-20
170939;2021-08-18
300139;2022-04-15
167327;2019-11-08
171778;2018-06-22
257383;2020-09-02
232646;2020-01-22
319704;2021-11-12
225933;2021-08-11
405220;2023-08-03
263715;2021-08-03
214800;2022-03-08
297926;2021-04-06
333464;2022-03-17
116318;2016-09-02
385212;2023-10-05
175407;2018-02-06
239320;2020-05-05
365400;2022-11-15
321874;2023-10-17
175571;2018-11-13
318265;2022-02-01
398292;2023-06-15
365129;2022-11-04
322838;2022-01-16
59187;2018-05-04
85043;2016-08-12
322994;2023-04-05
166666;2022-09-14
109553;2019-06-15
76331;2016-08-18
104471;2016-07-06
176848;2021-03-03
175171;2019-11-03
288519;2023-02-21
90854;2016-12-01
153242;2018-01-02
19469;2017-05-10
160556;2017-11-16
109494;2016-08-05
150311;2018-04-10
331547;2022-02-01
333089;2022-05-11
280666;2021-04-23
312822;2022-02-23
193508;2023-04-05
290355;2021-03-03
280305;2021-01-01
316646;2021-08-11
372536;2023-06-15
120957;2017-02-16
140079;2019-10-18
164725;2018-02-14
343168;2022-05-25
26769;2016-02-03
121610;2021-03-03
186948;2019-01-08
117188;2016-09-10
104268;2017-06-03
129057;2017-01-04
340142;2022-05-07
340095;2022-03-08
388288;2023-04-18
40575;2015-12-02
398332;2023-08-11
161030;2017-08-17
202674;2019-05-08
169675;2018-09-04
94489;2019-10-09
248243;2023-02-01
234836;2020-03-18
311514;2021-12-14
143417;2017-05-03
231947;2021-07-16
377138;2023-03-03
265300;2020-07-21
119421;2023-01-03
132729;2016-11-03
27459;2017-01-03
371065;2023-02-02
14220;2019-08-06
168750;2017-12-07
398283;2023-10-11
126218;2016-08-11
164586;2022-07-06
143932;2018-11-08
37280;2019-06-11
366453;2023-06-07
175698;2018-12-13
13750;2015-10-07
277306;2021-05-04
116320;2016-11-15
187458;2021-03-16
83447;2019-08-14
332024;2021-12-14
299425;2022-04-05
212819;2019-11-07
181040;2018-05-15
232608;2021-04-02
184326;2018-08-12
313936;2022-06-23
164560;2023-03-17
361527;2023-10-11
113061;2016-11-03
120445;2017-11-07
195817;2023-10-17
367832;2023-04-19
176649;2018-04-03
274477;2020-11-17
108491;2018-01-02
62018;2015-10-06
177509;2023-01-05
256898;2021-12-04
381179;2023-02-01
321521;2021-12-01
169962;2018-09-04
235920;2021-05-15
247283;2020-05-15
140152;2020-04-09
352971;2023-10-10
315673;2021-12-08
162211;2018-06-14
182882;2019-10-04
86010;2017-08-16
259654;2020-07-03
32492;2022-06-21
98498;2018-05-04
406112;2023-11-03
110507;2021-07-20
162935;2018-01-02
109797;2016-03-09
89334;2019-08-07
306243;2022-04-06
244502;2021-07-08
271446;2021-03-12
71282;2017-01-09
263317;2020-07-15
252421;2020-04-22
130503;2016-09-02
20169;2020-06-03
378293;2023-01-17
360507;2022-11-12
288733;2021-11-18
378722;2023-02-01
334177;2023-08-03
157882;2017-09-05
146384;2020-06-09
353017;2022-08-07
86676;2015-10-10
134400;2016-08-19
319746;2021-09-23
87404;2016-05-14
354003;2023-01-11
142270;2017-08-03
181286;2023-03-23
108027;2016-07-07
35446;2016-01-19
12285;2017-06-15
88615;2017-01-12
281293;2022-12-01
252149;2020-11-10
253790;2020-06-18
120509;2016-05-03
370602;2023-01-04
295423;2021-09-04
234647;2022-03-03
167009;2017-11-21
281457;2023-04-20
201627;2020-11-03
146556;2019-03-04
238465;2020-05-09
417373;2023-11-03
343752;2023-09-07
103984;2017-02-02
189970;2018-09-02
353294;2022-09-21
260293;2020-07-21
31049;2018-06-05
358417;2023-08-22
286509;2021-02-17
401288;2023-09-06
371688;2023-10-18
35452;2016-01-15
245064;2021-05-04
302684;2021-09-02
23605;2016-07-12
82429;2018-11-22
239962;2020-07-17
96406;2017-08-10
87096;2016-02-13
163906;2018-03-07
376605;2023-04-18
150620;2017-05-20
184944;2018-09-18
244878;2022-03-17
135469;2018-06-13
92051;2016-12-08
49297;2016-11-03
135528;2017-09-20
58720;2016-10-06
405459;2023-07-12
9515;2016-01-02
161756;2018-06-06
237745;2019-11-19
234872;2021-06-03
2963;2015-11-13
11119;2019-01-02
246728;2020-09-02
106353;2017-09-06
211420;2019-05-11
198003;2021-05-14
235497;2021-04-08
21886;2016-06-08
100684;2016-11-03
330015;2022-07-12
178861;2019-11-06
278574;2021-01-19
275748;2020-11-03
210828;2019-12-11
69325;2017-09-08
177516;2019-09-04
127756;2018-07-11
192783;2020-11-19
386804;2023-06-06
10778;2022-11-16
234533;2022-03-04
100979;2015-10-12
371054;2022-12-17
142228;2017-01-20
53536;2018-02-07
12121;2016-06-10
146251;2018-03-15
303061;2021-10-05
312302;2021-07-08
60132;2019-03-05
359440;2022-08-18
155953;2018-04-10
312841;2021-08-18
351042;2022-08-03
68353;2018-01-05
357183;2022-09-08
136691;2019-07-16
333093;2022-01-05
95883;2023-09-02
266286;2023-02-01
80232;2016-03-11
275978;2021-04-13
412357;2023-09-08
224701;2020-11-04
157817;2018-12-04
122738;2019-09-19
291428;2021-09-03
21589;2016-10-11
271973;2021-05-27
16937;2017-02-10
332230;2022-02-04
378444;2023-04-11
266104;2020-07-03
202240;2019-03-12
62133;2016-03-31
255854;2020-07-22
163057;2018-05-12
148229;2017-05-03
199530;2019-10-12
230099;2019-09-19
79944;2021-10-12
116130;2017-03-16
368793;2022-11-09
216655;2020-07-15
138746;2017-01-16
279029;2020-10-20
217248;2019-07-06
169363;2018-02-01
218688;2020-05-23
326779;2022-02-10
110037;2016-03-18
160662;2018-06-05
127148;2018-01-17
23685;2018-05-10
212722;2019-06-09
270816;2021-02-07
186641;2020-01-07
153574;2017-09-09
185984;2023-05-09
166679;2022-01-14
243639;2020-07-03
170874;2019-03-15
209899;2019-08-08
197952;2018-11-18
157848;2017-06-21
364472;2022-12-08
258353;2023-09-05
337643;2023-04-14
184427;2019-01-01
324323;2022-02-08
181963;2018-08-03
290015;2021-11-09
112591;2016-05-03
183484;2018-07-15
341710;2022-05-05
22560;2016-08-16
150686;2017-08-03
186146;2018-09-04
113479;2016-06-15
277902;2022-07-21
121648;2016-08-13
55586;2023-07-05
301529;2022-06-03
213230;2020-02-11
318404;2021-12-02
394783;2023-08-10
133496;2016-11-08
260319;2020-09-02
178821;2018-05-01
329048;2022-02-06
290505;2021-08-11
128817;2016-09-02
99959;2021-06-24
332375;2023-03-16
192079;2019-11-07
189606;2019-12-04
333803;2023-05-25
74542;2016-01-21
315201;2023-06-08
294560;2021-04-20
99330;2016-01-13
206454;2019-06-18
250332;2020-11-03
407285;2023-09-20
209597;2020-08-15
218292;2020-02-13
97424;2020-07-03
239811;2020-09-08
195770;2018-10-18
161599;2017-10-17
281557;2021-10-19
163468;2023-07-05
190486;2018-09-06
349278;2022-09-09
330287;2023-04-07
144716;2018-02-14
111970;2019-01-09
33098;2017-11-16
359028;2023-05-25
324224;2021-12-02
23820;2015-10-14
127354;2022-03-25
83770;2018-08-23
375563;2023-01-14
135519;2017-02-04
276485;2021-11-24
379373;2023-05-13
153305;2018-04-11
146644;2018-09-01
310508;2022-09-08
154569;2017-08-03
143762;2017-12-01
91010;2020-11-03
240876;2020-08-05
234451;2020-01-19
353748;2023-04-04
140671;2017-05-06
153532;2017-07-04
142146;2017-01-05
5328;2015-12-15
301770;2021-06-12
262642;2022-03-22
164625;2018-07-20
30584;2018-01-02
223301;2020-08-08
243562;2021-02-02
142287;2017-11-03
320002;2022-05-13
288034;2021-07-24
325410;2022-03-23
160681;2018-04-04
231500;2022-12-20
257235;2020-06-17
75052;2016-10-04
368784;2023-02-15
362403;2023-02-16
104664;2016-06-10
72083;2017-02-01
266007;2020-10-08
28937;2017-01-07
125490;2016-08-03
357178;2022-10-19
285036;2022-06-21
46327;2017-05-08
145192;2017-04-10
316668;2023-07-15
13274;2016-09-06
259777;2020-05-12
269063;2020-11-05
195186;2021-06-08
245303;2021-03-04
224011;2021-05-04
197042;2018-10-17
213524;2019-03-19
103614;2016-03-04
237519;2020-09-02
315143;2021-08-24
175263;2018-02-01
151982;2017-06-03
203143;2021-09-02
137395;2017-09-07
202516;2018-11-20
357824;2022-10-20
326174;2021-10-14
112165;2017-01-03
81493;2018-03-03
113458;2017-10-13
262752;2020-08-22
139796;2019-07-09
170235;2019-03-05
157080;2022-02-24
333666;2023-02-01
93873;2016-01-09
83458;2016-12-20
144092;2017-01-11
324233;2022-02-01
372804;2023-01-03
82848;2016-01-05
216013;2019-05-03
245037;2020-11-03
361998;2022-10-06
172962;2020-10-15
54457;2017-07-18
132902;2016-10-04
347787;2022-07-05
99696;2020-01-09
140953;2020-01-02
173005;2018-11-03
193213;2019-01-01
103363;2016-02-10
152268;2018-11-03
128995;2017-02-02
139069;2017-09-13
256663;2020-08-18
275962;2022-04-02
218380;2019-08-11
15030;2015-12-13
164508;2017-10-18
117331;2018-04-03
47370;2019-06-06
309496;2021-08-05
333145;2022-04-06
385055;2023-03-03
43394;2018-09-18
340662;2022-04-22
213612;2020-04-02
198942;2019-01-01
245113;2020-06-23
140936;2018-10-09
8933;2015-11-13
111365;2020-04-02
305601;2022-03-03
410725;2023-10-13
375778;2023-10-19
123053;2017-04-15
389870;2023-03-15
230316;2021-11-03
152718;2023-07-11
195219;2018-10-16
46688;2017-06-08
5764;2018-07-11
174564;2020-03-24
157952;2020-09-03
20640;2023-10-19
230499;2019-12-03
123137;2022-09-22
241280;2020-10-06
248856;2021-01-05
63652;2016-10-05
13717;2017-09-12
67314;2016-06-14
142288;2016-12-06
267940;2021-04-21
257234;2020-07-16
55545;2022-05-03
302158;2023-02-09
328103;2022-06-03
216818;2019-05-13
222830;2022-09-08
362083;2022-11-03
152944;2017-07-20
63578;2019-01-08
146516;2018-12-05
16198;2019-02-12
287955;2021-04-15
168717;2018-04-04
305528;2021-08-03
41378;2015-11-03
194453;2020-12-18
166930;2018-12-01
150891;2020-06-03
338512;2022-07-05
394869;2023-04-18
81169;2018-05-03
194658;2019-06-08
169905;2018-02-01
177966;2020-04-15
275586;2020-12-02
182183;2018-11-03
1293;2017-09-19
397839;2023-06-03
268468;2021-10-06
217982;2020-06-16
357538;2023-02-01
311289;2023-05-18
111276;2017-09-05
254661;2021-03-03
299741;2023-06-06
235336;2021-06-03
375969;2023-06-09
144625;2019-02-05
196017;2018-10-19
283827;2021-02-15
329690;2023-07-06
195076;2019-10-15
10823;2022-08-16
303800;2022-03-03
204925;2020-03-10
195041;2018-10-07
321407;2021-10-22
399038;2023-08-03
184625;2020-03-03
109188;2016-03-03
100546;2018-01-21
251760;2021-10-05
8644;2017-01-26
123115;2019-06-11
206083;2019-01-16
148403;2017-08-03
187391;2018-07-05
362845;2022-11-03
277662;2022-11-03
150639;2021-03-17
217307;2019-11-05
248315;2020-06-14
359428;2022-12-15
371989;2023-07-12
9080;2017-05-16
104256;2016-05-13
168917;2019-07-05
246620;2021-01-05
207240;2020-09-18
372138;2023-07-05
353376;2023-03-11
223884;2023-04-04
142883;2017-03-02
191530;2019-01-12
102836;2017-09-07
278253;2021-06-03
321039;2021-12-12
93176;2016-12-02
71406;2017-01-03
184682;2019-09-17
220342;2019-08-16
141885;2017-02-01
399374;2023-10-24
71753;2017-08-03
36836;2021-12-03
248380;2020-09-18
371049;2023-06-22
269061;2021-09-07
174800;2021-07-29
12571;2016-06-07
154620;2019-05-18
78839;2017-11-15
240246;2021-09-22
311384;2021-07-27
256670;2020-07-04
310841;2023-10-20
70471;2017-07-06
148394;2017-07-04
196667;2019-03-19
257808;2021-01-14
4722;2018-12-05
268424;2020-11-17
140380;2021-09-08
308250;2021-09-09
334932;2023-09-02
233097;2021-01-08
263951;2020-07-07
176165;2021-07-03
335993;2022-02-22
262420;2020-06-13
40312;2022-04-06
405517;2023-10-05
185427;2020-04-02
61478;2016-05-03
370730;2023-02-03
227023;2020-01-18
276554;2021-12-01
332190;2022-04-02
218436;2019-10-10
195969;2019-01-08
393338;2023-06-06
341082;2022-04-07
269021;2020-10-06
84081;2016-08-06
105438;2019-09-04
208089;2020-08-05
103857;2018-07-03
218302;2019-06-04
335974;2022-04-02
187539;2021-09-08
173973;2018-04-03
120887;2016-05-03
399458;2023-08-03
138870;2017-04-06
99704;2022-10-06
126607;2022-03-22
178743;2018-04-21
175806;2018-08-03
409619;2023-10-24
50949;2015-11-06
68622;2015-12-02
298207;2021-04-06
180340;2019-09-03
155001;2017-12-01
119262;2016-09-20
155744;2018-07-21
163014;2018-09-18
264049;2022-05-03
24755;2016-12-07
367519;2023-03-07
64675;2016-04-02
111411;2020-07-08
123878;2020-10-21
361191;2023-01-03
408603;2023-09-02
345055;2022-11-08
176372;2021-06-03
52500;2017-02-01
64304;2019-11-15
237959;2021-12-01
213912;2019-08-03
328393;2022-03-08
257182;2020-05-07
378801;2023-01-17
117136;2017-05-03
188476;2022-05-03
262028;2022-02-02
155800;2019-01-15
189899;2021-02-11
242343;2022-02-01
107237;2017-11-09
259381;2021-01-05
250316;2020-05-05
120412;2016-10-21
245705;2020-11-10
182962;2020-08-08
213189;2019-11-05
97555;2017-02-11
226682;2019-09-19
323635;2022-01-20
221340;2019-11-14
355684;2022-08-23
51221;2022-11-17
94850;2016-07-16
201093;2019-03-09
263742;2022-04-12
143842;2018-01-02
66708;2017-10-11
221131;2021-07-14
239883;2021-12-07
193401;2021-12-03
323116;2022-02-03
118691;2019-06-18
292770;2021-03-18
232243;2020-05-05
174074;2018-05-03
103975;2016-01-02
331545;2023-02-17
221904;2020-08-13
217896;2020-10-20
242391;2021-03-03
386179;2023-02-14
274126;2021-05-04
275819;2020-12-06
286353;2022-02-23
178820;2018-12-14
278696;2021-04-16
379422;2023-09-06
79317;2016-03-03
6615;2016-10-13
248091;2020-09-18
183889;2022-12-17
340333;2023-07-11
207253;2022-09-07
362113;2022-11-21
126111;2020-06-11
267076;2022-09-23
118542;2017-07-19
339783;2022-06-04
217043;2020-01-02
33725;2016-09-04
154765;2017-07-31
232640;2020-08-11
285214;2021-03-23
123987;2016-08-03
14372;2016-09-08
105376;2015-12-18
357523;2022-12-10
136811;2019-04-12
173717;2018-12-19
203300;2021-01-01
134964;2016-11-08
215469;2020-02-06
221023;2020-06-23
120126;2017-09-13
16767;2019-01-10
100510;2019-02-01
169849;2017-12-14
124230;2017-09-08
278607;2020-11-10
252455;2020-09-03
88774;2020-01-08
150990;2017-04-08
20753;2018-12-18
211355;2019-09-03
200944;2023-08-08
141619;2017-02-28
251711;2020-05-05
181049;2019-12-04
142122;2019-02-13
311454;2021-08-20
88650;2016-10-12
190603;2021-10-12
379683;2023-05-23
253491;2021-02-20
297001;2022-01-04
194550;2019-11-12
47806;2017-11-03
284849;2021-05-11
238789;2021-03-13
168281;2019-04-02
67919;2018-01-06
363824;2023-01-03
117707;2016-05-03
302021;2021-06-08
187782;2018-10-04
56257;2017-07-14
189894;2018-12-11
134306;2017-03-04
353404;2022-08-03
211492;2019-03-19
186818;2018-11-15
50243;2015-12-02
252645;2020-04-21
108778;2018-09-08
239340;2021-07-23
136145;2017-03-03
122109;2017-03-11
275756;2020-11-04
218247;2019-07-03
297932;2021-04-09
344013;2022-06-07
235286;2021-03-17
138805;2017-12-08
127263;2017-10-06
288744;2023-03-21
273690;2020-11-06
371466;2023-07-05
3094;2016-01-07
171291;2017-12-07
202481;2021-07-11
158125;2017-08-09
329324;2022-11-17
85096;2018-06-13
266811;2020-06-16
318398;2021-11-05
123653;2016-09-13
411286;2023-10-10
196729;2020-08-12
361130;2022-11-10
241586;2021-03-11
278579;2021-02-16
176020;2018-04-01
168244;2020-11-07
64577;2017-09-02
208064;2021-06-11
176604;2018-05-03
120080;2016-05-01
186580;2018-08-03
343607;2023-10-10
165372;2017-10-19
277242;2023-05-03
212987;2020-10-04
63462;2018-06-14
208666;2019-02-12
199735;2019-01-20
286343;2021-12-29
125026;2021-05-22
345616;2023-10-04
160000;2017-08-03
389349;2023-04-04
149474;2018-08-07
42222;2017-11-05
84391;2015-11-12
214602;2019-10-08
192375;2018-10-13
8421;2017-07-07
96089;2019-01-05
159306;2017-12-01
302763;2021-05-19
225886;2020-07-03
237871;2020-04-02
113406;2016-06-21
46989;2017-12-01
358816;2022-09-20
9935;2015-10-14
377712;2023-10-05
141766;2017-11-03
259042;2020-08-12
15164;2019-05-07
272591;2020-09-03
178279;2018-03-20
278488;2022-10-06
290878;2021-03-04
145570;2020-09-18
111988;2016-04-02
69170;2017-07-15
58774;2016-01-15
361949;2023-07-04
337240;2022-05-03
138388;2019-06-20
158837;2019-09-11
402939;2023-08-08
110618;2016-10-15
363225;2023-01-11
58481;2016-04-06
288815;2022-03-08
293803;2021-06-03
324374;2021-12-14
299089;2021-06-03
184138;2019-07-04
328554;2023-01-14
387128;2023-06-20
138684;2017-06-03
299193;2021-04-02
151659;2017-10-04
249044;2022-04-05
243271;2020-07-16
192016;2018-09-08
321151;2021-11-03
78231;2019-01-09
264707;2023-07-04
260272;2021-06-04
180345;2018-06-10
150380;2018-09-19
161973;2022-02-01
414200;2023-10-04
180092;2019-06-13
27775;2017-02-11
52095;2019-05-07
326845;2023-07-06
302837;2022-09-13
172852;2019-01-08
165736;2018-06-19
174639;2019-07-03
266990;2021-02-02
259312;2020-07-08
208188;2021-12-07
104153;2018-01-03
344464;2023-05-18
286406;2021-09-02
55651;2020-11-06
385566;2023-07-06
343711;2022-05-25
178488;2018-03-20
191018;2020-03-18
334031;2022-02-08
322997;2022-10-14
237934;2020-02-02
112102;2016-03-03
310458;2022-10-18
398007;2023-07-18
214969;2020-09-05
386758;2023-04-11
135087;2017-03-08
362085;2022-11-03
163317;2018-06-07
155102;2021-05-18
379617;2023-01-18
107977;2017-11-03
173815;2018-12-12
50281;2016-05-14
135945;2016-10-13
145444;2018-07-10
135699;2017-12-12
306874;2022-03-03
303080;2021-07-03
313941;2022-12-02
39929;2021-04-08
194487;2019-04-09
286530;2021-01-08
207997;2020-08-07
55629;2020-05-08
138218;2020-02-04
386907;2023-08-09
411591;2023-10-14
167194;2018-09-05
243951;2020-11-03
240847;2020-03-01
352677;2022-07-05
212243;2020-11-10
234143;2021-07-03
353275;2022-08-03
362467;2022-11-03
112723;2016-04-02
165502;2017-12-16
158568;2018-03-03
232545;2020-08-08
118006;2016-11-11
56208;2022-11-03
370820;2023-05-05
104011;2016-06-22
350416;2023-10-13
16342;2016-03-22
214101;2021-03-03
188966;2018-10-06
191661;2021-06-08
355174;2022-07-05
117446;2019-07-05
80241;2016-04-09
270483;2020-11-03
160033;2017-10-22
110126;2018-02-01
235075;2019-11-05
156702;2017-08-08
94104;2015-11-13
275276;2022-11-05
388351;2023-10-10
29080;2017-12-07
185751;2019-10-04
201015;2018-11-21
91777;2016-11-17
167812;2017-12-12
275701;2022-11-24
5984;2023-04-19
152769;2018-05-15
89720;2017-05-19
368191;2023-01-03
87030;2017-06-16
307342;2021-06-17
32740;2017-11-18
244522;2020-06-19
280797;2020-12-01
297334;2023-02-10
83477;2016-02-16
318308;2022-08-26
250772;2021-10-14
98784;2019-08-07
346665;2022-07-05
359141;2022-09-02
177971;2022-11-11
226993;2019-09-19
332843;2022-06-11
394286;2023-05-24
259624;2020-08-15
143471;2018-11-03
402297;2023-07-11
383359;2023-03-03
394846;2023-10-04
246037;2020-06-03
245636;2021-10-14
404968;2023-07-08
145197;2022-05-03
241816;2021-05-04
284607;2021-05-04
337517;2022-12-06
355903;2023-03-14
412716;2023-09-02
43092;2016-07-05
129247;2020-11-05
232406;2019-11-08
272778;2021-01-01
103969;2016-03-15
357694;2022-12-08
146330;2017-09-02
4935;2016-02-09
11150;2016-04-13
144677;2020-02-13
287694;2021-01-01
196425;2019-03-24
263451;2022-03-11
354725;2023-08-03
128839;2022-11-03
233855;2021-11-11
212683;2020-03-20
320016;2022-03-03
143063;2017-04-02
358616;2022-08-10
299416;2021-09-03
46656;2018-10-05
312814;2022-06-07
12100;2017-12-01
124588;2017-06-03
294069;2021-05-22
106015;2016-03-08
380343;2023-03-10
72724;2023-11-03
232881;2020-01-08
206007;2022-11-10
295888;2021-12-08
191437;2019-10-23
119139;2016-05-17
261313;2020-11-10
98689;2021-08-06
6901;2016-12-07
161354;2017-09-05
184103;2018-09-04
227412;2020-09-02
319284;2023-02-01
275548;2022-06-04
405442;2023-07-19
136077;2017-09-19
317317;2021-08-18
143522;2021-10-19
185707;2018-08-12
64678;2015-10-13
261612;2021-09-02
93812;2017-03-08
191370;2018-09-04
129125;2016-10-14
282068;2021-08-05
142463;2017-02-01
16509;2018-05-15
100634;2023-06-06
208190;2020-03-03
390857;2023-05-16
45976;2016-01-06
106069;2017-05-09
9768;2019-04-09
263372;2020-06-16
27799;2018-05-04
189286;2019-02-12
208277;2020-01-15
24583;2019-01-01
178629;2018-04-11
88123;2019-05-14
362973;2022-09-02
108607;2016-10-04
131214;2016-10-02
190842;2020-07-05
320623;2021-11-09
243935;2020-05-05
306681;2023-01-06
315139;2021-11-02
137016;2018-11-07
3247;2016-03-17
317385;2022-11-18
127670;2016-07-05
391242;2023-07-16
408567;2023-08-22
26183;2016-08-03
225580;2022-02-01
320622;2021-12-09
343563;2023-07-06
225842;2020-03-20
326189;2022-08-11
168630;2018-03-13
286464;2022-04-14
159971;2020-01-02
402694;2023-07-12
251125;2021-06-16
175466;2018-06-12
80788;2017-05-12
70329;2018-01-11
261868;2021-05-04
201974;2019-05-03
276962;2021-08-03
209960;2019-07-19
131726;2017-12-07
177122;2022-09-20
316020;2021-11-23
121456;2017-04-08
122962;2021-09-02
269008;2020-10-18
49191;2020-02-18
213724;2019-05-07
288773;2021-07-20
278501;2023-05-10
221390;2021-01-19
335900;2022-02-09
72365;2017-09-07
134795;2018-06-05
308798;2021-12-18
367867;2022-12-01
253708;2020-07-12
309481;2021-06-25
152574;2017-07-09
161808;2019-05-16
115645;2016-05-03
165074;2017-10-12
187006;2019-11-05
239062;2023-06-07
68224;2018-02-13
173750;2018-10-04
82660;2017-06-13
312883;2021-10-24
524;2017-04-05
173510;2020-09-02
308422;2021-08-12
58849;2019-01-08
273177;2020-10-06
80949;2017-06-20
119648;2020-06-13
409565;2023-08-10
304362;2021-08-12
84243;2019-03-05
366182;2023-06-06
329926;2022-03-03
23334;2016-10-12
13109;2019-10-15
55640;2018-03-08
175810;2018-04-22
285992;2021-06-24
216591;2022-10-18
166851;2019-03-08
393618;2023-05-19
272756;2023-03-03
82220;2016-01-14
169772;2018-04-04
350738;2022-08-03
204601;2019-10-08
302133;2022-08-19
283229;2021-02-04
38059;2021-12-14
155433;2017-06-20
53731;2022-01-19
231542;2021-02-02
287824;2021-03-03
14340;2018-09-06
43385;2019-06-22
279398;2020-12-11
123270;2016-10-07
67841;2016-03-09
313751;2023-04-21
376926;2023-09-02
322866;2023-02-21
319390;2023-03-15
62659;2021-08-12
104494;2016-02-20
33266;2017-07-13
147787;2022-08-11
11125;2019-06-04
185859;2020-10-07
317424;2023-01-04
192665;2018-08-07
79855;2016-12-15
35872;2017-10-12
190856;2019-10-15
132686;2021-01-19
196804;2019-03-06
140050;2022-10-04
371032;2022-12-08
64546;2017-07-11
141901;2021-07-03
11552;2019-11-05
104007;2016-06-10
14464;2015-11-11
414986;2023-10-19
165839;2018-03-07
115055;2017-02-01
267069;2021-02-19
28790;2018-02-13
155376;2018-06-05
159119;2021-10-22
173783;2018-01-02
241067;2021-09-02
7791;2019-08-17
201448;2018-12-13
271235;2021-10-22
26178;2017-06-03
373918;2023-01-10
80098;2016-01-02
153898;2020-05-03
133251;2016-10-04
180329;2019-07-23
156922;2023-01-17
53528;2016-06-07
75522;2020-04-02
244838;2020-03-07
18654;2015-10-16
78400;2022-12-08
281314;2022-05-03
19963;2016-12-01
204731;2019-03-10
143123;2017-09-06
143758;2019-08-08
230131;2022-02-08
65555;2015-10-06
141610;2020-01-05
271897;2020-11-22
290332;2021-04-02
211900;2019-05-05
81369;2017-05-03
83498;2021-09-21
186289;2018-07-03
145858;2017-03-04
392307;2023-09-05
102186;2016-11-09
134362;2017-02-04
74363;2015-10-06
230816;2021-03-17
197517;2018-12-02
245565;2023-11-03
206161;2021-02-09
229695;2019-10-23
222535;2021-03-10
157030;2018-08-14
351232;2022-07-04
207561;2019-04-16
209663;2021-10-05
26877;2017-09-07
239236;2020-06-04
285020;2022-07-13
217989;2021-03-11
68511;2016-08-19
27344;2017-02-01
232628;2020-04-07
127281;2017-01-07
383101;2023-08-11
23323;2015-10-13
287424;2023-05-23
239103;2021-04-09
124118;2023-08-15
395427;2023-05-12
192667;2021-05-19
175706;2019-01-09
119192;2020-10-07
324221;2022-02-08
167333;2018-06-03
19125;2016-02-02
126951;2016-10-05
394934;2023-06-13
194099;2018-10-05
248650;2022-10-18
175228;2018-02-01
43953;2016-09-02
396477;2023-07-11
273865;2021-07-09
130533;2018-04-19
147977;2017-12-07
208049;2021-02-03
154194;2017-11-07
399363;2023-08-10
306276;2022-03-15
326801;2022-02-02
5378;2016-08-20
286843;2021-04-04
150537;2017-12-01
141547;2021-11-17
48034;2016-03-12
163413;2022-01-01
402;2022-10-21
79966;2015-10-06
264110;2020-09-18
227527;2022-10-07
306181;2022-12-13
354680;2023-09-20
20821;2016-03-11
90474;2016-05-11
201844;2020-11-17
369651;2022-12-10
332627;2022-02-15
293132;2021-04-03
372321;2023-06-16
279538;2020-11-10
150125;2020-12-02
394722;2023-08-17
225571;2022-06-10
347677;2022-07-08
123249;2016-09-06
80783;2017-01-03
58660;2016-09-03
242284;2020-09-02
327653;2022-04-20
140165;2017-02-01
379501;2023-02-07
113751;2016-10-04
229607;2020-06-12
42441;2017-09-07
81192;2021-07-03
215764;2022-12-08
118917;2016-04-08
149083;2021-01-09
303888;2021-06-23
338442;2022-08-03
231982;2020-06-04
354442;2022-07-06
90602;2015-11-04
336748;2022-02-04
400960;2023-06-03
65141;2015-12-02
187389;2018-07-05
19275;2016-08-09
226351;2019-07-19
129051;2017-12-01
152530;2017-09-02
84646;2020-02-19
110831;2016-02-19
408735;2023-09-07
176232;2018-08-11
344639;2022-06-08
271204;2020-10-08
265409;2021-08-03
256017;2022-01-01
195808;2019-01-01
376849;2023-01-05
161732;2017-09-06
179407;2019-07-04
108317;2017-10-04
266737;2020-11-19
199929;2018-11-03
162221;2022-02-02
218442;2019-08-06
374212;2023-07-06
240211;2020-12-01
331617;2022-05-06
138151;2018-11-20
43011;2018-01-10
260297;2020-09-03
144240;2017-02-03
193735;2018-10-09
300915;2021-07-17
310489;2021-11-11
160360;2019-05-16
10570;2020-05-16
52082;2016-11-03
254858;2022-10-08
378011;2023-03-08
384840;2023-10-05
380924;2023-03-17
40333;2018-11-08
288115;2021-02-16
138229;2019-03-05
179855;2018-10-11
393822;2023-05-20
86209;2016-01-19
290201;2021-05-04
114356;2017-01-06
82779;2015-11-04
868;2016-05-10
129628;2016-08-05
323002;2022-06-11
127504;2017-01-04
319759;2023-01-05
312683;2021-11-03
148068;2019-03-06
108665;2017-03-04
177485;2018-08-09
384494;2023-08-03
260928;2021-12-16
225217;2020-10-06
212731;2021-01-01
141713;2021-08-12
271878;2020-11-08
332593;2023-07-07
257103;2020-07-11
150994;2017-06-15
204994;2019-04-02
44371;2020-06-18
204452;2020-08-05
150734;2020-03-18
379673;2023-02-01
344906;2022-09-21
95145;2017-01-05
387624;2023-05-12
340152;2023-04-08
135728;2020-12-15
310075;2021-11-03
346523;2022-04-15
223174;2021-12-15
231644;2021-02-13
31268;2016-08-10
395958;2023-08-09
221338;2019-08-07
44816;2018-08-14
8530;2016-10-07
293101;2021-05-23
384319;2023-05-03
113386;2017-02-01
267513;2020-10-04
132328;2016-08-20
125113;2018-03-06
239645;2020-06-23
181678;2021-05-20
362483;2022-09-20
160490;2017-10-13
167461;2018-09-04
96901;2016-01-02
164379;2017-11-08
258261;2021-08-10
389460;2023-10-04
61078;2016-09-21
267260;2020-11-03
385801;2023-10-17
245084;2020-12-03
236091;2020-05-05
412682;2023-10-20
106356;2023-08-08
306242;2022-11-04
349823;2023-03-03
390418;2023-07-12
179740;2021-04-17
144544;2017-08-03
78154;2017-05-20
81794;2017-08-09
250083;2020-05-07
220018;2019-06-20
261767;2021-06-07
379738;2023-07-12
351776;2022-06-09
153791;2022-08-10
95531;2016-07-07
222811;2021-09-23
223931;2022-02-01
5486;2015-12-08
183144;2020-12-01
16369;2019-01-01
151162;2017-12-09
337224;2023-05-27
28472;2019-03-05
326723;2021-11-16
23964;2016-10-05
223412;2019-12-11
217429;2019-08-03
288734;2022-05-19
353822;2022-11-23
176261;2018-04-03
317171;2022-06-14
274308;2021-01-01
324966;2023-05-26
38389;2016-03-11
43867;2022-06-23
53721;2018-03-07
64161;2020-06-03
58958;2016-12-01
267138;2021-02-05
326751;2021-12-21
5742;2016-02-09
286502;2023-06-03
383319;2023-04-04
104368;2016-09-06
204928;2020-08-05
247806;2021-08-10
200336;2018-12-18
125945;2016-06-18
298253;2021-08-03
102775;2020-05-05
133879;2019-03-20
128225;2017-05-16
168690;2018-07-03
107248;2016-08-03
369501;2023-05-18
299411;2023-05-27
261099;2023-03-03
309449;2021-09-21
276799;2022-12-01
380681;2023-02-02
286169;2021-02-18
20110;2017-04-15
254452;2021-12-01
184146;2019-12-19
328992;2022-12-13
106857;2015-12-12
245394;2021-04-06
181313;2021-03-09
280845;2021-04-17
189501;2021-05-13
303660;2021-04-27
284191;2021-01-01
119298;2017-08-16
211700;2019-07-03
27551;2016-05-11
227028;2021-04-06
397962;2023-08-15
259315;2020-06-17
36445;2015-10-09
197455;2020-10-13
365204;2022-11-03
134006;2018-05-09
385852;2023-05-09
199281;2019-05-07
42267;2016-03-09
233524;2019-12-07
294509;2021-05-16
368313;2023-04-02
203503;2023-08-15
127044;2018-02-02
55417;2020-06-10
157679;2017-10-17
228282;2020-11-03
116768;2019-07-17
173513;2018-01-02
260652;2020-07-03
40682;2021-07-16
309366;2021-08-06
329671;2022-08-03
401748;2023-09-10
361579;2023-05-12
90896;2015-12-05
228818;2020-11-22
105350;2020-06-04
67907;2023-07-04
60832;2016-04-12
72051;2015-10-06
343928;2022-10-06
60464;2016-10-14
157388;2018-01-06
293468;2021-07-03
139339;2017-02-14
233719;2022-01-03
160625;2022-08-05
323803;2022-10-25
309594;2023-07-04
135795;2018-06-06
143074;2017-07-04
52055;2017-08-12
234955;2019-11-12
143033;2017-01-28
317276;2022-06-11
296329;2021-06-16
27830;2016-11-08
179848;2021-11-07
358073;2022-10-18
265726;2020-07-15
303553;2021-10-12
317245;2022-05-03
114409;2019-10-09
252332;2020-06-23
328098;2022-02-01
105494;2016-11-04
143682;2016-12-07
288583;2021-02-02
204144;2019-06-04
195365;2019-11-06
258082;2020-06-24
13238;2015-10-10
102248;2018-05-03
313270;2021-07-08
94414;2016-02-09
260936;2020-05-12
242926;2022-05-05
330955;2023-07-18
158433;2017-06-13
328630;2022-04-24
243939;2020-05-08
288840;2022-11-03
237445;2019-12-19
407426;2023-09-12
383061;2023-07-19
413380;2023-10-12
162227;2020-03-19
396773;2023-05-16
106605;2016-02-13
235229;2019-12-04
381778;2023-01-13
279420;2021-04-27
219230;2019-05-14
203794;2021-08-03
290773;2023-08-10
270854;2021-03-12
132739;2020-09-11
194887;2021-03-03
345048;2023-08-18
392038;2023-04-18
89190;2016-08-03
282167;2020-12-04
56490;2015-11-10
197889;2019-01-15
265288;2022-04-15
149614;2020-10-20
390787;2023-05-03
374854;2023-10-06
164997;2018-02-01
152254;2017-05-09
251352;2022-11-08
110419;2016-04-03
210761;2019-04-02
131117;2016-09-20
341064;2023-02-07
206888;2020-02-04
250968;2021-07-15
20383;2017-03-03
63736;2020-04-02
209191;2020-02-19
39358;2016-05-05
143342;2018-02-02
250424;2020-03-17
281670;2021-08-03
102298;2016-02-02
207090;2021-11-04
157665;2018-12-07
326770;2022-02-03
148802;2017-03-15
144598;2017-04-09
380356;2023-02-03
125912;2018-05-16
232397;2019-10-17
199290;2020-01-02
245467;2020-04-03
24609;2015-12-11
184512;2018-06-07
120910;2016-10-20
298395;2022-02-11
234234;2022-10-25
216852;2022-11-03
29565;2016-12-07
309564;2022-02-22
210339;2019-05-07
346099;2022-11-10
86755;2016-07-07
280229;2022-03-17
249644;2021-05-05
88319;2016-10-11
92588;2015-12-09
148755;2018-08-03
323720;2022-05-27
263480;2020-07-08
354662;2022-07-19
337273;2022-03-04
131101;2016-10-05
284979;2021-02-13
113830;2016-04-02
277972;2021-01-07
225934;2019-09-12
380425;2023-02-08
109436;2016-02-06
224471;2019-11-16
395964;2023-06-08
316811;2021-12-08
347643;2022-12-06
342786;2022-07-15
374007;2023-04-15
313774;2022-05-19
162623;2022-02-08
118409;2016-03-15
382882;2023-06-06
355992;2023-10-11
221502;2019-12-05
377098;2023-03-03
55467;2017-12-12
289561;2021-02-02
129827;2017-07-04
214413;2020-06-10
287582;2021-02-10
103046;2016-02-10
11423;2019-01-15
194294;2020-03-03
248088;2023-06-10
247378;2022-08-12
166608;2017-10-17
333563;2022-01-04
189689;2019-08-16
193201;2018-08-16
229229;2021-11-11
200092;2020-11-14
207642;2019-11-06
151487;2019-08-06
331158;2022-02-03
228275;2019-09-03
160041;2018-01-06
342064;2022-08-03
365325;2022-09-06
175436;2019-08-03
355036;2023-07-19
280947;2022-04-07
209718;2020-07-15
390769;2023-06-06
284268;2021-09-09
166833;2018-01-20
363708;2022-12-09
11867;2018-01-03
370053;2023-02-11
266783;2020-10-06
307314;2021-08-10
385813;2023-06-20
369217;2023-01-10
357116;2023-05-16
322135;2023-09-02
145395;2017-03-09
212540;2020-10-06
199493;2020-05-05
332616;2022-07-12
254526;2020-11-03
263844;2023-11-05
25429;2015-10-10
157250;2017-07-12
312051;2022-01-13
236295;2021-12-15
390753;2023-10-17
201810;2020-04-02
381750;2023-01-14
279495;2021-03-09
362915;2022-09-02
194920;2022-11-03
304087;2021-10-07
137456;2021-09-02
258646;2020-05-20
47151;2023-01-04
213863;2020-10-13
112554;2016-03-12
301103;2021-04-13
362637;2022-11-15
281501;2021-04-20
351247;2022-06-08
399422;2023-06-15
48505;2018-04-10
248965;2020-03-12
221789;2020-08-19
238936;2023-01-06
360430;2023-08-15
239719;2020-07-08
224045;2019-06-25
334689;2022-05-10
287783;2021-05-04
80950;2016-02-16
275869;2022-07-06
194775;2018-09-27
332324;2023-03-16
112372;2016-04-12
375446;2023-05-05
383506;2023-03-16
324278;2023-11-03
339643;2022-02-16
279494;2022-02-17
215230;2021-06-08
224332;2020-02-04
191908;2018-10-17
38597;2016-01-12
134841;2021-02-02
372187;2023-06-06
67027;2015-10-17
122340;2018-01-06
18666;2016-10-15
278531;2021-05-04
379751;2023-07-04
230995;2021-05-07
219928;2020-04-16
352719;2022-12-08
369767;2022-12-16
318900;2023-01-03
310084;2021-06-15
230560;2020-10-22
275175;2021-06-03
307416;2021-12-09
98141;2017-06-06
344730;2022-07-03
413262;2023-11-05
64060;2016-01-02
219149;2019-07-11
49637;2015-12-17
172329;2018-05-08
178718;2018-05-06
168831;2018-01-01
111637;2016-07-05
77424;2023-05-11
374000;2023-05-24
340875;2022-08-06
177275;2018-04-10
338048;2022-08-18
72257;2018-05-08
243440;2020-04-17
295656;2022-10-19
238392;2020-08-05
214289;2022-08-03
312850;2021-11-12
114283;2020-09-02
204650;2022-01-01
277129;2020-10-06
168487;2018-01-17
357788;2023-03-16
156151;2017-11-03
214047;2019-03-19
38139;2022-11-04
357255;2022-12-01
397954;2023-09-02
236596;2022-09-03
118839;2016-08-12
222867;2020-01-07
281079;2021-07-03
92026;2017-02-07
258560;2021-02-19
198825;2019-04-02
249166;2021-09-11
328785;2023-05-03
255222;2020-07-03
104826;2018-08-15
379874;2023-02-01
208822;2019-11-14
171465;2020-08-19
191425;2021-09-07
246107;2020-09-04
76856;2016-03-16
125678;2022-11-16
55882;2015-10-14
185220;2019-07-04
106412;2016-02-02
198131;2021-09-07
135402;2016-10-21
140014;2017-07-11
48093;2016-03-04
126215;2021-10-05
317779;2022-04-07
351707;2022-10-04
144139;2017-03-03
190293;2018-09-07
333114;2022-08-10
62992;2021-09-17
314204;2023-02-01
205968;2019-01-01
274457;2021-03-03
253127;2020-06-14
281360;2021-02-02
22830;2017-06-03
364929;2023-01-03
157557;2018-03-14
200298;2019-07-03
259496;2021-11-19
86192;2019-05-21
149885;2017-05-03
359932;2022-08-20
278108;2020-10-21
319777;2023-08-05
262027;2020-06-03
241414;2020-11-03
39797;2021-12-07
71443;2018-04-03
2898;2016-03-08
150949;2017-10-05
56754;2015-10-19
158249;2017-09-20
99662;2018-10-11
135023;2016-11-06
44505;2017-09-12
241061;2022-07-08
154540;2017-06-21
316107;2021-12-01
37221;2015-12-16
318285;2022-06-03
378552;2023-02-04
174322;2018-03-13
404831;2023-06-20
127167;2016-07-21
259369;2020-06-03
26934;2017-03-08
85866;2016-01-09
101513;2018-09-08
312172;2022-03-03
352272;2022-10-24
352898;2022-09-06
206256;2019-09-03
240744;2020-06-03
307320;2023-10-04
213171;2019-06-08
157886;2021-07-03
402158;2023-09-03
40565;2022-07-07
32141;2016-10-05
342617;2022-12-01
218653;2019-06-04
316324;2021-09-10
359276;2023-02-01
192438;2019-02-15
96122;2015-10-06
310640;2021-08-11
205189;2019-09-18
160688;2023-09-12
205354;2021-12-01
189916;2018-11-03
226458;2023-05-25
239364;2021-06-10
378331;2023-04-02
258027;2020-05-21
197773;2019-06-11
8931;2017-02-10
62532;2016-02-02
291661;2023-04-13
188352;2018-09-16
11495;2017-10-10
150947;2018-03-10
98807;2017-04-14
179204;2018-08-21
184795;2018-12-11
16584;2016-03-15
283489;2021-02-02
214030;2019-03-15
240514;2020-04-04
385378;2023-08-03
221790;2021-03-25
272491;2020-08-07
283771;2021-09-17
307859;2021-07-03
114099;2019-02-19
399033;2023-06-03
262894;2023-10-13
180648;2018-11-06
36174;2017-02-01
344997;2022-06-03
119476;2019-06-04
318116;2021-12-01
63580;2016-05-07
104623;2015-12-02
339638;2023-05-16
349879;2023-09-08
160067;2020-10-13
290099;2023-04-05
140770;2018-12-18
45148;2016-01-02
240064;2021-10-05
202947;2019-01-01
239785;2020-11-05
192376;2018-07-07
129829;2021-06-03
283518;2023-02-09
140242;2017-12-01
84780;2015-11-14
93547;2016-07-05
17042;2015-12-10
189768;2019-05-03
312705;2022-03-03
1645;2018-05-16
28350;2017-07-12
148787;2018-10-25
162369;2017-08-19
280269;2022-02-15
31338;2015-10-06
223766;2021-04-08
201068;2018-12-19
92072;2017-06-15
250888;2022-01-20
354912;2022-09-21
2705;2023-04-13
193313;2018-09-18
363526;2023-01-19
129588;2016-07-07
57635;2020-07-18
307113;2023-01-03
182185;2019-09-07
313245;2023-06-21
45297;2017-11-14
172661;2018-04-13
182525;2019-02-15
113577;2016-05-03
346926;2022-11-03
219322;2020-05-10
294400;2023-03-15
152203;2017-04-21
43232;2015-12-12
328119;2022-01-04
230230;2020-08-05
134817;2019-05-24
338412;2022-07-05
20917;2016-02-12
348025;2022-10-19
149417;2017-06-20
229926;2020-08-11
357201;2022-09-02
225808;2022-07-05
48935;2019-04-11
49063;2017-03-03
132399;2017-11-03
357231;2022-10-15
46035;2019-10-17
405551;2023-07-13
164034;2017-11-03
155782;2018-08-31
59918;2017-01-03
102829;2016-07-06
331607;2022-05-04
330126;2021-12-01
13544;2016-02-02
95484;2022-08-03
37676;2018-02-01
328974;2023-02-01
201383;2020-05-12
181729;2018-06-21
272864;2022-01-13
260776;2020-08-05
188547;2022-02-01
258042;2020-05-20
105675;2021-05-13
126147;2016-07-05
296321;2021-05-19
201208;2018-11-15
172690;2020-03-07
319373;2021-11-16
378712;2023-07-15
222273;2019-08-21
80865;2016-11-12
136105;2016-10-08
154588;2021-04-18
99079;2015-12-02
252407;2020-04-09
344007;2022-04-05
353669;2023-01-19
294751;2023-03-23
291464;2022-07-05
146207;2021-05-20
301027;2022-01-01
161101;2017-09-19
263757;2020-07-14
60685;2015-10-13
53847;2016-03-03
335308;2022-04-17
128763;2019-11-05
334759;2022-02-22
198795;2019-06-11
287239;2021-10-05
221992;2019-07-17
330666;2022-09-06
224164;2019-07-12
1800;2016-06-03
4093;2017-12-12
150612;2017-06-08
243783;2021-04-13
121295;2019-06-04
156163;2017-10-07
239534;2020-01-02
340062;2022-07-07
288094;2021-06-17
91933;2020-10-06
375762;2023-01-03
99142;2017-03-13
152291;2017-06-20
176686;2019-02-05
383113;2023-03-03
337801;2022-04-23
354358;2022-07-05
129261;2019-01-08
242362;2021-03-13
168249;2017-11-14
125168;2020-08-06
300535;2021-09-17
50959;2021-01-08
158511;2017-07-04
403354;2023-06-22
283049;2021-09-17
351466;2022-06-08
219977;2019-08-18
18410;2015-10-13
387187;2023-10-04
324843;2022-04-12
86905;2016-02-19
80618;2016-08-12
260469;2020-05-22
108412;2016-03-13
203080;2019-02-09
364995;2022-11-18
228876;2020-10-13
101983;2016-06-11
382728;2023-05-25
178344;2018-09-04
386659;2023-08-26
214416;2019-09-07
226046;2022-03-10
415817;2023-10-17
157235;2017-09-18
300071;2023-03-03
226011;2019-12-03
71145;2016-11-04
162287;2021-05-11
319336;2022-05-03
182510;2020-06-18
23092;2017-04-02
144647;2020-05-09
231356;2020-10-10
102653;2016-05-07
239484;2021-09-02
147222;2021-12-24
248595;2023-04-04
84411;2015-11-21
199955;2019-11-05
290329;2022-03-10
171615;2018-01-02
165764;2019-02-12
103262;2015-12-02
62084;2015-11-05
78108;2016-07-05
341734;2022-05-13
346766;2022-08-06
375150;2023-03-18
130511;2016-11-10
179526;2018-10-12
385076;2023-08-03
244969;2020-03-18
403678;2023-09-02
292792;2021-03-03
136378;2017-08-03
264413;2021-10-12
355370;2022-12-01
47474;2016-09-06
208232;2020-12-17
152802;2023-09-05
265774;2020-07-03
233661;2020-08-05
289790;2022-02-09
111140;2016-03-10
402706;2023-08-23
382229;2023-03-15
143434;2017-10-05
34725;2016-01-06
69410;2016-05-04
293629;2021-03-16
137906;2017-01-09
215090;2019-06-08
388883;2023-05-05
168946;2018-04-03
317185;2021-10-12
16779;2017-01-06
390762;2023-07-09
205507;2019-06-04
12305;2016-07-05
351660;2022-09-03
64787;2020-04-08
272098;2020-11-08
249514;2020-08-18
87813;2019-10-17
174020;2023-07-04
351445;2022-06-23
50568;2022-01-08
228904;2020-07-16
401598;2023-06-20
219668;2019-06-04
96684;2020-05-05
169140;2019-10-15
169082;2018-01-02
377236;2023-05-04
382373;2023-03-07
284583;2022-04-14
73678;2015-12-02
365079;2022-09-23
251585;2020-10-13
137125;2017-01-15
340957;2022-06-11
74298;2022-02-02
305972;2022-04-22
105379;2016-12-06
207581;2019-05-03
252832;2020-03-18
226501;2021-04-23
126253;2018-07-12
98514;2020-07-03
282772;2021-10-21
186032;2019-08-14
178666;2018-03-06
340743;2022-10-05
165464;2018-05-08
248244;2023-06-13
155962;2022-12-13
36103;2016-07-06
284559;2022-12-13
73436;2020-12-15
330128;2022-04-12
348667;2022-12-01
418571;2023-11-03
300992;2021-06-10
380392;2023-06-13
297596;2021-07-15
285397;2023-03-23
166912;2017-12-07
149169;2019-06-18
144474;2019-05-15
110325;2018-07-13
160125;2021-04-24
237882;2020-02-07
274311;2020-08-11
386684;2023-05-04
334052;2023-04-11
317346;2021-08-10
55947;2015-12-02
37162;2019-07-17
383134;2023-09-13
389484;2023-10-10
176015;2019-06-05
220648;2022-05-10
83897;2016-01-07
102426;2016-02-10
146512;2018-05-15
77640;2023-04-06
198286;2019-06-16
186411;2018-07-07
365415;2023-08-03
397506;2023-06-03
182339;2018-05-03
299300;2021-06-13
259046;2021-05-18
268018;2020-10-07
61665;2021-02-10
106996;2017-12-07
235444;2021-05-08
166848;2020-06-06
316936;2021-10-13
255364;2022-05-13
391423;2023-05-04
39444;2022-01-19
21397;2015-10-13
41425;2018-04-10
198925;2022-09-07
102906;2015-11-12
295642;2021-07-03
148204;2019-05-21
108002;2019-06-04
181994;2018-11-06
26702;2015-12-13
251716;2021-02-11
198529;2021-07-21
370876;2023-08-16
78222;2021-02-02
74962;2018-03-13
192101;2018-10-07
20819;2016-12-09
139658;2018-05-16
249583;2021-07-03
109649;2017-05-03
295788;2023-01-03
250227;2022-01-13
176939;2018-02-01
258399;2023-10-06
349861;2022-08-10
87896;2015-12-11
364881;2022-11-04
200877;2021-06-04
121608;2016-05-07
236183;2020-05-16
340674;2022-05-13
323189;2022-01-08
342561;2023-03-07
32515;2017-08-26
118109;2017-08-10
1972;2017-07-08
194976;2020-04-17
339305;2022-09-06
147048;2021-03-23
371387;2023-02-14
210664;2019-12-03
386281;2023-05-19
121584;2017-04-12
264210;2020-10-17
120424;2018-08-07
192096;2018-10-07
158882;2018-02-01
230159;2019-11-10
216543;2019-05-22
186559;2020-06-19
221040;2021-02-02
158630;2017-10-11
180087;2018-06-17
326423;2022-10-04
244469;2021-12-04
140986;2020-03-11
401445;2023-07-26
414588;2023-10-19
377811;2023-06-07
271075;2020-09-18
383023;2023-05-07
226126;2019-10-20
295052;2021-04-02
192085;2019-09-19
224655;2021-04-14
89005;2017-06-03
239943;2019-12-06
162270;2018-04-03
291584;2021-04-14
262346;2020-11-10
303634;2021-05-13
181980;2018-06-06
320616;2021-12-11
155860;2017-05-20
12460;2018-12-01
73612;2018-02-06
248710;2020-12-10
96966;2017-10-10
296333;2021-04-16
109651;2016-06-04
348593;2022-08-02
186991;2018-08-03
80553;2018-02-14
367712;2023-04-05
344150;2022-12-07
109038;2016-02-12
126757;2016-11-04
239164;2022-06-07
87223;2016-02-18
347960;2022-10-14
281420;2020-12-11
361766;2022-12-10
143086;2017-09-02
9486;2018-11-15
90575;2022-07-05
375321;2023-03-03
145664;2017-11-03
61136;2018-10-20
605;2019-10-08
291971;2023-07-04
47729;2019-03-05
340740;2022-04-23
249747;2021-11-03
272282;2020-09-02
104041;2016-01-05
60025;2019-09-06
233387;2019-11-05
20700;2016-05-14
91735;2015-11-18
380121;2023-02-07
197448;2019-01-01
311078;2022-06-25
383498;2023-06-15
302375;2022-04-02
251000;2020-06-13
366435;2023-02-17
162360;2019-06-04
272697;2021-12-01
72013;2016-06-03
230688;2022-06-03
130598;2021-05-22
33281;2017-02-01
181703;2021-02-10
115687;2019-08-07
220130;2019-11-20
248172;2020-07-03
242308;2020-09-10
366237;2023-07-13
182454;2019-12-03
101931;2017-09-12
415121;2023-10-24
21637;2015-11-21
240358;2020-08-20
37185;2016-07-06
11283;2016-05-05
271761;2020-10-16
289011;2023-03-03
284363;2021-03-03
226118;2020-08-14
72983;2017-03-15
336129;2023-09-05
279082;2023-04-05
258704;2020-08-11
321522;2022-07-05
347611;2023-04-07
63085;2019-06-21
138481;2023-08-18
209795;2019-02-01
210697;2019-06-20
398745;2023-06-13
117816;2016-04-06
287058;2022-11-03
265850;2020-08-05
244058;2020-05-09
259026;2020-06-17
173192;2018-07-03
351839;2023-03-03
200710;2019-02-05
172599;2018-02-03
333120;2022-01-04
375693;2023-05-03
214277;2019-11-22
176592;2019-06-04
325516;2023-08-15
273136;2020-11-19
330962;2023-03-03
134726;2016-09-13
265226;2023-01-19
262657;2020-06-03
186725;2020-08-05
270829;2021-03-25
245847;2020-04-10
86788;2017-07-05
361492;2022-10-25
294026;2021-10-05
341121;2022-06-03
226338;2021-09-17
89101;2017-12-01
252082;2020-11-13
253401;2021-04-09
179158;2021-05-04
247811;2021-04-06
283426;2021-05-04
38229;2016-12-01
186871;2022-07-20
269723;2020-10-21
329760;2022-05-03
273635;2020-09-02
386396;2023-10-04
195471;2018-11-13
401341;2023-08-03
376728;2023-01-03
355669;2023-05-17
304640;2022-05-04
341145;2022-11-19
35369;2016-10-05
112381;2016-09-03
65983;2017-08-12
163485;2019-04-02
325289;2022-05-18
64569;2017-08-09
316141;2023-05-20
323421;2022-06-11
137238;2016-12-01
89358;2015-12-09
101867;2020-04-07
64265;2015-11-14
221840;2021-10-12
91924;2022-05-11
405467;2023-08-22
332035;2022-04-09
189376;2018-07-05
364859;2023-05-04
393815;2023-04-21
204136;2019-02-06
128349;2016-09-06
152858;2019-12-03
281067;2022-09-22
238241;2020-12-01
158494;2022-05-24
93670;2016-12-01
407224;2023-09-02
378496;2023-05-05
219259;2019-06-20
366542;2023-02-14
410354;2023-10-12
21259;2018-11-06
257039;2020-07-07
108085;2016-06-07
160523;2017-08-11
45123;2021-06-15
130846;2017-02-02
97339;2022-05-03
346342;2022-06-03
103686;2022-01-22
127096;2016-10-03
270177;2020-10-06
163114;2019-10-04
253268;2020-05-13
19534;2016-04-06
163729;2023-01-04
290685;2022-09-02
70125;2016-02-02
358807;2022-09-07
259625;2020-07-15
253671;2023-04-04
379942;2023-02-07
32325;2016-05-14
46258;2022-06-03
80900;2016-10-08
384163;2023-05-17
156539;2018-02-01
151477;2022-07-22
281988;2022-12-14
324234;2021-12-01
357594;2023-02-01
202443;2020-07-17
100324;2018-09-04
253702;2020-07-24
112161;2016-01-05
160234;2017-09-02
222161;2019-07-03
149568;2017-04-04
16032;2018-08-08
50614;2022-03-03
2783;2015-11-20
117649;2016-08-03
303262;2021-12-31
107316;2016-02-02
86804;2018-05-09
389151;2023-05-17
246163;2020-06-23
35838;2019-02-06
295189;2021-08-03
86924;2022-09-02
6670;2016-01-13
22580;2015-11-05
148599;2021-02-02
251653;2020-03-11
202541;2019-11-05
29094;2016-11-05
411802;2023-09-08
144438;2020-05-14
252393;2021-12-09
98934;2020-11-03
366356;2023-03-21
192788;2018-07-17
193778;2018-11-03
8732;2017-05-19
376263;2023-05-09
310051;2023-02-14
84826;2015-12-11
374341;2023-01-01
280764;2022-09-23
240400;2020-04-17
117352;2017-02-07
241960;2022-10-04
60855;2020-08-13
400223;2023-11-03
166252;2018-03-15
370267;2023-01-12
3771;2016-07-16
137626;2016-12-06
46249;2020-01-15
49286;2017-04-15
173852;2018-03-18
302866;2021-05-04
298409;2021-09-21
134745;2016-10-15
202509;2019-01-16
80360;2015-12-11
256399;2021-03-03
186942;2019-04-19
168270;2018-03-03
191510;2019-07-20
187082;2018-05-10
297177;2021-09-11
386822;2023-10-21
122287;2016-12-16
135047;2018-11-07
128586;2021-04-22
347332;2022-06-07
104228;2015-12-20
29423;2019-12-14
133687;2016-09-02
385978;2023-06-03
278949;2022-02-01
313574;2022-04-02
410937;2023-10-06
401619;2023-07-20
133825;2017-11-17
94663;2019-06-06
35592;2017-01-04
400748;2023-06-03
407651;2023-09-08
402823;2023-09-02
121663;2017-06-06
74875;2017-06-13
21669;2016-07-12
165166;2018-01-02
107340;2017-03-02
120756;2016-11-03
354794;2022-08-06
267822;2020-10-13
403266;2023-09-02
284103;2020-12-19
283443;2021-04-02
361972;2022-12-01
154967;2017-06-24
296555;2022-06-03
8170;2021-06-10
269873;2021-11-10
297976;2021-11-04
243067;2023-08-03
222361;2019-09-01
214873;2020-12-02
218597;2019-08-04
259110;2023-04-08
363423;2022-10-21
75447;2017-01-01
253011;2020-05-06
218727;2021-03-17
408602;2023-08-03
325432;2021-11-03
183744;2018-07-01
40336;2015-10-16
114708;2016-09-02
122388;2016-09-06
107376;2016-01-21
116990;2016-06-03
207260;2022-03-22
266712;2021-06-10
236118;2020-07-07
87298;2015-10-16
338194;2022-12-21
256506;2020-11-04
7429;2016-04-07
326312;2021-12-01
359280;2022-12-13
209404;2019-08-03
396421;2023-06-03
218430;2019-09-17
290793;2021-02-02
283128;2020-12-01
179673;2022-03-04
207008;2019-03-20
298814;2021-04-13
323297;2023-04-22
156290;2019-10-04
303914;2021-07-14
65202;2017-10-14
191258;2023-02-04
109423;2021-11-19
172720;2018-01-05
157927;2019-11-05
7655;2017-07-15
112894;2016-12-02
358113;2023-02-01
101158;2018-07-12
346192;2023-08-06
133723;2019-04-23
102506;2016-12-07
155819;2017-06-03
49603;2015-10-17
102092;2018-08-10
332460;2022-05-10
80939;2023-04-13
163360;2017-12-07
97311;2015-12-09
251403;2020-07-17
147011;2017-05-06
307044;2022-12-22
97849;2017-03-03
326465;2021-11-12
91549;2017-04-04
362092;2023-01-03
79553;2018-05-23
357094;2022-09-07
165874;2017-12-16
194428;2020-08-05
193542;2018-08-23
71432;2021-04-28
239294;2021-03-04
284823;2021-08-05
105828;2016-04-12
150566;2017-11-03
285852;2021-07-08
208372;2020-03-03
72450;2016-01-02
162466;2017-12-07
150706;2017-09-06
57586;2021-10-08
191692;2018-08-03
191432;2023-04-05
261205;2022-10-06
300488;2021-07-16
229915;2019-12-11
375363;2023-02-16
330924;2022-01-04
147438;2018-01-10
161586;2017-10-08
126802;2017-03-18
73492;2017-03-04
320809;2022-02-05
248668;2022-02-04
150402;2019-01-10
119276;2016-06-19
114465;2016-04-02
225746;2022-01-05
175355;2018-04-03
72725;2016-11-16
309188;2021-08-03
303548;2021-07-17
312161;2021-11-17
407085;2023-09-20
158434;2017-06-13
343735;2022-07-07
362444;2022-10-12
223156;2021-04-02
328135;2022-02-08
180449;2019-07-03
4329;2016-03-12
145551;2017-04-02
238864;2020-11-03
355946;2023-03-14
148799;2020-03-19
97127;2016-05-11
134978;2019-02-07
283107;2021-01-01
361131;2023-10-12
269344;2020-08-11
373590;2023-04-04
180693;2018-10-23
184658;2018-10-04
128;2020-03-13
336351;2022-05-07
353262;2022-08-03
13665;2016-04-02
14591;2017-04-19
356756;2023-05-17
207318;2020-12-11
251094;2021-10-12
211318;2020-09-11
351336;2023-02-01
192235;2021-05-15
207981;2019-06-06
140692;2017-11-09
266551;2020-08-18
302774;2021-06-03
39331;2016-05-11
103452;2017-04-11
265621;2023-09-16
275814;2020-10-10
167743;2018-04-04
360031;2022-11-03
88546;2016-02-12
112352;2016-04-02
251701;2020-06-05
392578;2023-05-18
7146;2021-11-24
293961;2021-06-12
109821;2017-09-12
169217;2018-02-15
301126;2022-06-14
253620;2020-05-08
351697;2022-11-03
139454;2018-11-06
369051;2023-05-03
287998;2023-09-07
52956;2016-04-02
154077;2017-12-07
199354;2022-01-01
162306;2022-05-04
198676;2018-11-03
246922;2023-02-01
165852;2018-06-22
214206;2019-05-03
6640;2016-04-12
375121;2023-02-18
331259;2023-05-26
133584;2018-01-02
224483;2022-10-06
109399;2017-10-05
269438;2020-08-13
208243;2019-02-01
400667;2023-08-10
22346;2015-10-17
158423;2018-07-03
352150;2022-06-18
108825;2016-03-03
329224;2022-12-15
86980;2018-09-04
353384;2023-08-22
66339;2020-09-10
237683;2020-07-15
298973;2022-02-05
56317;2015-12-04
145511;2017-04-13
372527;2023-05-17
54138;2016-12-20
320434;2023-04-02
166397;2019-01-01
284773;2021-05-27
144162;2019-06-05
237391;2021-02-27
250608;2021-01-05
199443;2021-10-07
63126;2015-12-23
216558;2022-02-10
262079;2021-07-17
372483;2023-01-31
130608;2017-11-09
80309;2016-05-05
206324;2019-04-11
386497;2023-09-08
91602;2021-12-09
243081;2020-03-03
278663;2021-02-02
257783;2020-07-03
144489;2018-06-05
101984;2021-03-09
207784;2019-02-06
330654;2022-03-03
208831;2019-02-01
398667;2023-10-04
343910;2022-06-19
165652;2019-05-15
49414;2019-11-07
220353;2019-11-05
132677;2022-01-06
115305;2018-08-14
60019;2017-07-22
175437;2019-04-18
60585;2016-10-11
385367;2023-03-16
71160;2015-10-13
213780;2021-07-03
129736;2016-12-06
129188;2016-11-03
358365;2022-11-09
266183;2020-06-14
68857;2018-02-01
223180;2020-06-11
133599;2021-02-02
193303;2021-07-22
347527;2022-06-03
161315;2017-08-03
181509;2018-06-03
60457;2015-12-04
239366;2022-06-03
282565;2023-08-03
385727;2023-03-03
370406;2023-03-03
60775;2015-10-04
79611;2016-03-15
361018;2022-12-13
21741;2016-01-02
225466;2020-06-12
8440;2017-06-15
117280;2018-06-14
283929;2021-02-10
61132;2015-11-03
215795;2019-06-14
2841;2017-08-15
389716;2023-04-20
243847;2021-04-10
254493;2020-07-03
241841;2023-04-06
241490;2020-03-03
109572;2017-01-07
66082;2016-05-13
305888;2023-03-21
75311;2017-05-09
172071;2018-01-02
273977;2020-12-01
377245;2023-03-03
353882;2023-01-03
200262;2019-02-01
303243;2022-04-19
266212;2021-11-03
164731;2018-07-12
260256;2022-05-10
36921;2021-06-03
197900;2019-10-04
259003;2023-04-18
208460;2019-02-19
250144;2021-08-03
112246;2016-03-03
196836;2018-12-01
131051;2023-01-03
224962;2020-03-06
182034;2018-07-08
297670;2021-08-03
236135;2021-06-03
372152;2023-08-08
146722;2018-11-03
219708;2022-03-03
175494;2019-07-05
107177;2016-03-13
176131;2018-07-17
38270;2021-01-19
309880;2022-06-09
208841;2020-03-20
336266;2022-02-16
92855;2016-02-16
22336;2020-04-12
242143;2020-08-19
111490;2016-06-18
177645;2018-05-05
139814;2017-01-03
51122;2016-02-11
190517;2018-12-11
263448;2020-08-05
193682;2019-02-01
186079;2018-05-24
274934;2021-07-24
324853;2023-04-04
136438;2016-12-04
291089;2021-04-14
241760;2020-01-17
152873;2020-03-17
22525;2018-05-08
178817;2018-03-03
399273;2023-07-12
136882;2019-04-09
368645;2023-08-03
130969;2016-10-04
170390;2021-08-11
179931;2018-07-11
109496;2016-07-25
230010;2019-09-19
286180;2021-05-13
185108;2018-06-20
12451;2019-01-11
200596;2019-02-17
405151;2023-11-03
135070;2018-01-18
401099;2023-09-19
378303;2023-03-16
281775;2022-10-04
293715;2023-04-02
175769;2018-05-23
363291;2023-08-25
307570;2023-08-03
226328;2023-05-06
30391;2017-10-19
314886;2022-06-10
235777;2021-10-05
293053;2021-03-16
186078;2019-09-10
125696;2016-07-05
141002;2019-05-16
321269;2023-04-02
213503;2019-04-05
115573;2016-02-09
18268;2016-11-22
361206;2022-12-01
176830;2018-11-08
299320;2021-05-13
182005;2018-09-18
134415;2016-08-19
32420;2016-01-13
102404;2016-01-02
381473;2023-02-02
297838;2021-08-03
407181;2023-09-02
398376;2023-09-02
336080;2022-09-02
250445;2020-05-12
46314;2016-12-20
184367;2020-12-24
141295;2017-06-03
166124;2017-10-17
161009;2017-08-17
92665;2019-07-04
248203;2023-07-18
202270;2020-12-18
296254;2022-01-01
154486;2018-05-23
272844;2020-09-11
385140;2023-07-04
164836;2019-03-17
354735;2022-08-12
135485;2017-08-15
370844;2023-03-10
332058;2022-07-19
173951;2018-10-24
105069;2021-07-08
112379;2019-01-15
201185;2019-04-02
97786;2019-09-11
253569;2020-04-17
306107;2021-11-03
342521;2022-04-06
136783;2021-01-01
347666;2022-11-08
126650;2016-06-03
118868;2016-04-05
249941;2020-05-21
5755;2017-02-01
100285;2015-10-16
285942;2021-09-17
315333;2021-08-27
145098;2018-03-17
234792;2020-09-19
318379;2023-02-09
99977;2015-10-15
167409;2018-01-02
313346;2021-10-19
27855;2021-04-02
231555;2019-09-10
346610;2022-05-03
47100;2016-04-05
103993;2016-06-03
256566;2021-02-19
153429;2018-10-20
318205;2022-08-18
230100;2021-09-07
93240;2016-11-09
75095;2021-02-12
267449;2021-03-11
254568;2020-12-15
335446;2022-09-13
265088;2022-03-03
195035;2018-09-06
385440;2023-03-03
34;2016-04-12
659;2016-12-14
6598;2018-06-12
253524;2020-06-03
336307;2022-11-18
118476;2016-11-08
39411;2016-05-05
131577;2020-11-14
415578;2023-10-20
61784;2023-09-07
108884;2023-04-15
248420;2021-05-12
328151;2022-02-13
111614;2016-04-18
125579;2016-08-21
262742;2023-04-22
116582;2016-02-16
264150;2020-09-04
132014;2020-12-01
185024;2019-09-17
302750;2021-12-01
278116;2020-12-02
232938;2022-02-04
396382;2023-06-16
230514;2020-01-02
304107;2021-11-03
205151;2019-08-06
141123;2017-04-20
175268;2018-02-13
127100;2016-07-14
131663;2017-06-08
314015;2021-08-10
115022;2017-09-05
108449;2016-06-23
322792;2021-11-18
224459;2021-04-02
308076;2021-07-08
358651;2022-10-04
351222;2022-06-03
127406;2017-01-03
200129;2019-02-06
142466;2021-09-04
218207;2019-08-04
90078;2018-09-05
173549;2020-03-20
5076;2015-11-03
196046;2018-12-11
373520;2023-01-18
343864;2022-05-03
341527;2022-06-23
30350;2017-05-10
74412;2018-05-03
25863;2016-10-08
183433;2018-07-06
30428;2018-12-05
268906;2021-07-03
47539;2016-06-03
196608;2018-09-18
214169;2019-10-04
240901;2021-08-21
246966;2020-09-18
346339;2023-09-05
318366;2021-09-03
169762;2018-07-25
212320;2019-04-04
221224;2019-10-04
301610;2022-02-01
330810;2022-05-25
196788;2020-08-11
97260;2016-07-06
178044;2020-09-09
207373;2019-10-05
214577;2020-06-17
173909;2018-05-11
293231;2021-05-06
311106;2021-08-04
166765;2019-11-13
28892;2019-11-06
357683;2022-09-20
348018;2022-10-04
190635;2018-07-11
101592;2019-07-16
45296;2016-01-21
99324;2020-12-01
334143;2022-12-20
354977;2022-11-03
219300;2019-09-11
217734;2020-05-13
370033;2022-12-13
363363;2023-06-10
296693;2021-04-02
341361;2022-07-03
210694;2020-10-08
255279;2020-06-03
99460;2017-06-08
358672;2022-09-03
183203;2021-06-03
226347;2022-05-07
407784;2023-10-12
138349;2018-07-11
309091;2021-09-17
312052;2023-03-03
251119;2020-10-15
278336;2020-11-06
168456;2023-04-21
104789;2019-06-04
91100;2019-09-03
23270;2016-10-04
307382;2023-02-07
128240;2016-08-31
240318;2022-03-03
269695;2020-07-15
126222;2017-11-03
44179;2015-12-03
202393;2021-08-03
141855;2022-04-09
77107;2015-11-05
317581;2022-12-22
117367;2017-03-03
295874;2021-03-10
120544;2019-02-12
177912;2018-03-13
273367;2020-10-13
62595;2022-12-01
155872;2017-12-13
11597;2015-11-03
114759;2021-01-19
66353;2015-11-14
130173;2016-08-03
27778;2016-06-07
275715;2021-06-10
63944;2018-08-03
237916;2020-02-20
149946;2019-01-03
171859;2018-01-10
157552;2018-11-15
377881;2023-02-18
369915;2023-04-04
375647;2023-05-03
118786;2016-04-02
377186;2023-01-03
180778;2018-12-04
292077;2023-11-03
206796;2020-06-10
112216;2018-12-13
350320;2022-05-10
88402;2016-03-05
267074;2022-05-03
86011;2015-11-10
74177;2016-11-09
327433;2022-07-03
173041;2023-04-05
341801;2022-03-25
307247;2021-08-25
233740;2021-05-14
355083;2023-10-06
269502;2021-01-08
228318;2021-07-03
395113;2023-05-23
302012;2022-02-05
317448;2021-09-02
312350;2021-09-23
150636;2021-06-03
362722;2023-07-18
297871;2022-08-10
301659;2021-11-05
157201;2021-07-13
92644;2016-02-04
216437;2020-02-06
292787;2021-11-06
294225;2021-05-11
165474;2017-12-19
397102;2023-06-25
50261;2019-05-14
181611;2018-06-05
253701;2020-09-02
3319;2018-06-12
393809;2023-08-23
228488;2020-05-05
217358;2019-10-12
358172;2022-08-24
321359;2023-02-01
148873;2017-04-22
52001;2020-04-03
161924;2019-11-09
138002;2023-10-17
256006;2021-03-19
397759;2023-06-03
315138;2021-10-20
75242;2016-04-04
280461;2020-10-15
214407;2019-07-24
273378;2021-03-04
269500;2021-08-11
70407;2018-10-04
110428;2019-01-18
197619;2018-11-15
359818;2022-10-18
33935;2016-08-18
236494;2020-07-07
191377;2020-10-06
167236;2018-01-06
86617;2018-01-03
73743;2018-03-06
410666;2023-09-02
239075;2020-03-08
94117;2015-10-06
358870;2023-02-07
181397;2021-09-21
120625;2017-06-16
149798;2019-02-13
277648;2021-07-03
393970;2023-10-07
143667;2017-10-07
402629;2023-09-19
410063;2023-11-03
326903;2023-01-12
82739;2016-07-07
161184;2018-02-01
347463;2022-05-14
203209;2021-11-03
270055;2021-05-21
349388;2022-05-25
198866;2019-08-03
95966;2016-10-07
173311;2018-02-13
272552;2021-05-08
169597;2020-07-08
398542;2023-10-10
228370;2021-08-05
372942;2023-05-04
121759;2019-03-19
150215;2017-08-08
351316;2023-03-07
248412;2020-11-11
88526;2019-12-11
367052;2023-10-04
300208;2021-04-16
207612;2023-01-03
291726;2023-03-21
15379;2020-11-12
273984;2020-12-11
128100;2017-11-03
250273;2020-12-01
341373;2022-03-12
125908;2018-11-07
178090;2018-03-13
101424;2020-03-19
175372;2022-03-12
354064;2022-09-02
295911;2023-06-08
38577;2018-10-20
268997;2021-05-04
260589;2021-03-09
279417;2021-02-06
212020;2021-12-07
26219;2016-03-03
249738;2020-06-07
33443;2017-10-11
326274;2022-01-23
96859;2017-01-13
178216;2018-04-10
96161;2016-01-02
112326;2016-11-15
222531;2021-04-09
316117;2021-11-24
227241;2020-10-10
346569;2022-07-19
367952;2023-02-03
186829;2021-07-20
92069;2017-07-13
152404;2017-05-03
174210;2018-11-03
354969;2022-08-16
254935;2020-10-06
217907;2023-06-13
358728;2023-05-03
337874;2022-03-10
337116;2022-04-07
160497;2018-09-20
214203;2019-05-03
119640;2016-08-10
202692;2019-05-03
274925;2022-09-07
239827;2020-04-07
324380;2023-09-12
329091;2023-09-20
185222;2020-05-05
126028;2020-06-13
96082;2016-01-16
251710;2020-06-03
23351;2021-10-23
270907;2020-09-23
314798;2021-07-24
55809;2016-12-06
300470;2021-05-05
65443;2018-01-02
163238;2019-05-03
141535;2017-02-11
2701;2017-05-16
220275;2020-12-01
133278;2016-09-07
225602;2021-03-04
230462;2019-11-09
282326;2023-07-05
412964;2023-10-04
161304;2019-07-06
375553;2023-05-03
392063;2023-06-13
336448;2022-06-10
75106;2019-04-02
352535;2023-09-07
214693;2020-01-02
237292;2020-03-07
376151;2023-04-04
266038;2020-08-05
179773;2018-06-24
377345;2023-01-12
107902;2016-10-04
258718;2021-04-13
332453;2022-03-12
304796;2021-07-07
99383;2022-05-03
273694;2021-01-01
201675;2021-03-19
95134;2019-08-14
155629;2020-08-02
344759;2023-10-18
86164;2017-07-05
296130;2021-04-21
24715;2017-06-03
219090;2019-09-05
61073;2016-05-10
114538;2018-07-03
28537;2022-04-14
289997;2021-02-02
299417;2021-06-17
358226;2023-10-20
166341;2018-10-11
379637;2023-04-08
110378;2017-07-06
258572;2021-11-11
297352;2023-06-20
14576;2017-09-13
335984;2023-03-03
28708;2017-11-08
110080;2017-10-12
186383;2018-10-05
177083;2019-02-16
104591;2016-01-06
254404;2021-12-10
173461;2020-10-16
103312;2021-12-01
210506;2021-02-05
96697;2016-11-03
367901;2022-12-01
124149;2020-01-21
236420;2021-03-13
255285;2020-06-03
369934;2023-01-10
300996;2021-04-27
22901;2017-12-14
182383;2018-10-05
48510;2023-06-15
152880;2017-07-04
227454;2019-09-10
165739;2019-05-03
181490;2018-06-17
27738;2020-07-22
78650;2018-12-04
265478;2020-08-05
23349;2018-06-12
293934;2022-07-12
23379;2015-10-19
359826;2022-08-11
301998;2021-07-06
14560;2019-04-17
277347;2022-01-01
298829;2023-04-12
121609;2016-07-07
2454;2017-05-11
142731;2019-02-01
140917;2023-05-10
94078;2019-06-05
294739;2021-08-03
153345;2017-07-20
113497;2016-08-09
227853;2022-06-03
321744;2022-11-08
141376;2016-12-13
306954;2021-08-18
389830;2023-06-14
353039;2022-10-04
322638;2021-12-01
45185;2015-10-06
183275;2020-02-20
164332;2018-07-04
103365;2016-04-19
261465;2021-04-17
128176;2017-04-13
101573;2016-02-09
179351;2018-11-14
176600;2020-03-19
390842;2023-09-05
15735;2015-11-03
65554;2015-11-03
244356;2021-08-06
153291;2019-09-03
212989;2021-10-08
200500;2019-04-17
175354;2019-09-03
199777;2021-02-03
233611;2021-03-09
186594;2019-01-01
317906;2021-09-21
217861;2023-03-14
173577;2020-04-07
339581;2022-06-07
146502;2017-05-14
180138;2018-05-03
314413;2021-08-06
410072;2023-09-02
119393;2019-08-20
174073;2020-10-06
97242;2017-07-15
186872;2018-06-05
152420;2020-09-18
221266;2021-02-03
128797;2017-04-07
412440;2023-09-06
226477;2021-02-02
177747;2021-09-21
192862;2019-06-04
10930;2016-05-05
268225;2020-08-13
221938;2020-05-05
322044;2021-12-01
372214;2023-06-03
249701;2020-05-05
37252;2017-02-08
414310;2023-10-24
268735;2022-05-03
43619;2017-06-03
301634;2021-06-22
348793;2022-08-11
396948;2023-08-03
173287;2019-07-31
173495;2018-05-03
378411;2023-04-04
19454;2015-12-03
349039;2022-08-05
129420;2017-01-12
92319;2017-11-03
194278;2018-10-05
140619;2018-01-11
296348;2021-05-12
118920;2016-10-04
274450;2023-04-04
191889;2018-10-14
291701;2022-06-03
384054;2023-06-03
55897;2017-07-06
193618;2019-05-22
215933;2020-04-07
198732;2019-10-11
245817;2020-03-17
202672;2021-06-18
84996;2019-08-20
59546;2021-04-03
145380;2019-11-05
22018;2015-11-12
284374;2021-01-31
176028;2019-09-03
153297;2018-05-15
141058;2017-01-03
202458;2019-03-05
230325;2020-01-15
184954;2020-06-12
143346;2020-08-07
108614;2018-07-03
265089;2020-07-08
77061;2016-09-01
307701;2023-02-03
247301;2020-06-03
333531;2022-04-15
281913;2021-08-07
410895;2023-09-19
118720;2016-06-03
90088;2016-04-02
334855;2022-03-08
139329;2017-11-14
339061;2023-01-18
408520;2023-10-17
310303;2022-04-23
354965;2022-10-04
311829;2022-01-01
106956;2017-06-10
396019;2023-07-04
263968;2020-07-24
400832;2023-06-13
88754;2015-12-13
160384;2020-04-10
44815;2016-08-13
86612;2018-07-04
59469;2018-11-14
383237;2023-02-14
286763;2023-08-18
329883;2022-02-01
129890;2016-08-05
62560;2015-11-10
378710;2023-02-11
227703;2021-03-18
147532;2017-11-03
326198;2022-05-05
189277;2018-10-09
204957;2018-12-14
308351;2022-03-25
60834;2017-04-13
69613;2019-06-11
101268;2019-01-08
221898;2019-12-03
188559;2018-09-02
238704;2020-09-06
235700;2023-01-10
297603;2022-11-15
203982;2021-06-10
248989;2023-08-08
32012;2018-01-10
37437;2019-04-03
359664;2022-10-08
239547;2020-03-25
114688;2018-01-02
300598;2021-06-09
80069;2015-10-21
267622;2021-06-29
86723;2016-04-12
137468;2017-09-02
78814;2017-03-22
390455;2023-10-10
339147;2022-06-03
200862;2023-09-02
325950;2022-10-18
198625;2019-03-13
146807;2019-04-09
253659;2020-12-04
273241;2020-11-03
255235;2020-07-03
267515;2020-07-15
21875;2018-11-09
346892;2023-04-18
315122;2021-10-19
40271;2018-05-18
145345;2019-11-14
222857;2019-11-08
174817;2018-06-12
401836;2023-07-04
192977;2021-04-09
197946;2019-09-03
146256;2017-08-11
242001;2020-10-09
374776;2023-02-15
320402;2023-05-05
171646;2020-06-12
148154;2023-03-22
125590;2016-09-11
336208;2022-10-02
307447;2021-06-11
320199;2022-05-05
62119;2017-12-09
254875;2020-11-03
297406;2021-07-14
52087;2017-03-03
163167;2017-12-12
64332;2015-12-02
266618;2020-10-06
94773;2020-10-08
203173;2018-12-07
259024;2021-04-21
230608;2019-11-05
203360;2018-12-07
114048;2017-10-22
325627;2021-11-23
275365;2022-04-16
225127;2019-08-03
52597;2019-01-08
10225;2016-02-13
127469;2018-11-14
137867;2018-05-10
169101;2019-10-16
329962;2022-05-17
238171;2020-05-21
295452;2021-02-13
332944;2022-01-14
147401;2017-10-10
336152;2022-12-13
356988;2023-04-05
237561;2019-11-19
19106;2017-03-10
274550;2020-11-05
295273;2022-09-20
337866;2022-05-22
306490;2021-12-02
287766;2021-02-09
292840;2021-03-17
133738;2016-10-12
195152;2023-05-04
107917;2016-09-02
285964;2021-05-13
6644;2018-08-07
253078;2020-10-08
257099;2022-07-05
329870;2022-04-19
175518;2019-11-05
342977;2022-03-22
401954;2023-07-05
127427;2018-04-18
299616;2021-05-13
251392;2020-04-02
326830;2022-05-18
104682;2016-01-08
180175;2018-12-12
351481;2022-06-10
168091;2018-01-11
284020;2021-04-20
144480;2019-08-13
245272;2020-06-05
105287;2021-02-03
66567;2017-06-17
140132;2018-01-10
380722;2023-04-11
380520;2023-02-10
416013;2023-09-20
341248;2022-04-12
170582;2017-11-16
132822;2018-12-13
411686;2023-10-24
372016;2022-12-14
272198;2020-11-10
231539;2019-10-09
181206;2018-07-24
158728;2018-02-08
306086;2022-12-06
281574;2021-03-20
135883;2018-10-18
332716;2022-02-01
394467;2023-07-18
95536;2016-10-15
177060;2022-07-05
347337;2022-07-19
109276;2016-05-05
306585;2021-10-26
193318;2020-06-07
30310;2017-02-02
120558;2017-11-21
394549;2023-09-20
321834;2022-06-03
89166;2017-02-01
246591;2020-04-02
66799;2016-01-07
368456;2023-01-19
185047;2022-05-07
161241;2018-04-11
143371;2018-01-10
349763;2022-06-03
275534;2020-12-02
406410;2023-07-15
232957;2021-06-18
327872;2023-05-04
369398;2023-02-02
152832;2021-02-02
306034;2021-11-03
362028;2022-09-20
101891;2016-04-06
247321;2020-05-10
107049;2016-03-09
295509;2021-03-23
118225;2016-12-14
409408;2023-10-17
67603;2016-02-02
79403;2015-10-04
218749;2021-07-03
97495;2016-01-09
191439;2020-04-02
121023;2018-11-14
155051;2020-08-05
195728;2018-09-05
121920;2019-02-19
174207;2019-09-19
45400;2017-06-16
159432;2019-04-05
239197;2023-03-10
258563;2021-09-07
88580;2016-01-02
371333;2023-02-15
230210;2022-06-23
173110;2018-11-03
184021;2018-04-14
189384;2019-01-01
44517;2019-10-10
281050;2020-11-19
109792;2020-09-05
384285;2023-08-03
70439;2015-12-02
22766;2021-12-01
79037;2022-02-02
231769;2020-09-02
113086;2017-01-07
114103;2021-03-24
302906;2022-03-17
112998;2017-11-09
22280;2015-10-16
306665;2021-05-18
63576;2018-11-15
89982;2015-11-10
107473;2016-02-09
224937;2020-02-08
362729;2022-09-21
103125;2016-11-08
118336;2020-02-04
329947;2022-05-03
193177;2021-03-09
370860;2023-09-20
296932;2021-08-10
174737;2019-02-08
139264;2017-11-11
24854;2016-09-22
210292;2019-06-08
89471;2016-04-02
389717;2023-04-12
75348;2017-01-17
336049;2023-03-16
386048;2023-03-03
252402;2020-04-02
225567;2020-05-06
22626;2016-05-18
314653;2022-06-25
389437;2023-04-04
244704;2020-07-18
161705;2019-01-08
285040;2021-01-19
92947;2016-06-10
216845;2021-10-12
60450;2015-11-19
162352;2017-11-03
160372;2017-10-08
169870;2018-12-01
207180;2019-11-27
226051;2022-03-03
52719;2018-12-05
49197;2018-04-03
325080;2022-04-02
39717;2021-01-01
106887;2016-02-02
353249;2022-08-03
75430;2017-03-15
105923;2016-02-04
145136;2017-03-04
195900;2018-11-04
84604;2017-02-02
10378;2019-08-03
59437;2021-11-13
343343;2022-04-16
297625;2023-09-02
155663;2022-06-10
365771;2022-11-03
168275;2019-11-05
316376;2021-11-15
15653;2020-01-02
151427;2017-05-10
228793;2020-01-08
387802;2023-11-04
112772;2016-04-02
143678;2017-01-19
349805;2022-07-03
364058;2022-12-10
263591;2021-03-25
192826;2019-03-20
80443;2017-03-07
121104;2016-09-02
119984;2020-07-03
104133;2017-01-17
169957;2018-01-06
68552;2021-07-03
145888;2021-05-04
147887;2017-05-03
381982;2023-04-07
133838;2016-11-03
140757;2019-11-05
102530;2016-11-03
154115;2021-05-18
121233;2016-04-21
230611;2020-06-18
335167;2023-10-14
365403;2023-02-17
363046;2023-02-08
81031;2019-06-04
390110;2023-07-04
84731;2020-07-03
227511;2019-08-03
48949;2017-06-21
235925;2020-07-08
265444;2020-10-06
63538;2017-01-03
272915;2020-10-03
350938;2022-08-20
100832;2020-11-03
351939;2022-10-05
321889;2023-04-04
248337;2021-02-15
213139;2019-08-21
160643;2017-11-16
245050;2020-11-18
102928;2015-12-17
91408;2016-10-05
79421;2017-01-13
114502;2020-07-16
333462;2023-07-11
21862;2020-04-02
213779;2019-12-03
211974;2021-03-16
276947;2023-09-02
123815;2022-08-03
62385;2017-02-08
272911;2021-06-16
10973;2017-09-12
259499;2020-07-04
298205;2021-05-12
261553;2020-10-20
237785;2021-09-02
256801;2020-10-06
350383;2022-10-06
159164;2021-06-08
92730;2017-01-03
206425;2019-08-03
327272;2021-11-10
109305;2016-12-10
124496;2020-05-21
61904;2018-06-13
199165;2019-09-03
174899;2018-09-02
57317;2016-05-03
23749;2017-11-03
253341;2020-05-05
29024;2016-12-03
272053;2020-09-03
287193;2021-05-04
246690;2020-05-06
14253;2016-03-04
223442;2019-12-10
199517;2020-09-02
307154;2021-08-11
83057;2015-12-09
320288;2021-10-05
105325;2016-02-13
43016;2019-05-14
168743;2018-02-01
144794;2017-03-03
393388;2023-05-04
268695;2023-03-03
36941;2023-09-02
38599;2017-01-03
47652;2016-01-02
183469;2020-04-02
248279;2020-11-10
138260;2017-01-17
155448;2018-06-05
380332;2023-04-04
268027;2021-02-16
165665;2018-03-21
98003;2016-10-21
302537;2021-09-22
105292;2016-09-13
13908;2021-09-04
204546;2020-03-03
340295;2022-03-25
101797;2016-09-08
178732;2018-12-01
138178;2017-03-03
127573;2017-12-19
165340;2017-12-12
118961;2016-10-20
200659;2020-08-22
226233;2020-06-10
285634;2022-05-17
309643;2022-12-07
156545;2018-02-10
166444;2018-09-04
264965;2020-07-22
96277;2016-04-02
323641;2023-03-25
221757;2019-09-03
86068;2016-02-10
360692;2023-02-02
69724;2016-04-19
183340;2019-01-02
200633;2021-03-05
283144;2021-12-03
60040;2015-10-06
311368;2022-11-03
17158;2017-04-05
139872;2020-10-20
51946;2015-12-03
304781;2021-10-20
31466;2016-12-14
214185;2020-08-05
37198;2017-04-12
190410;2018-10-21
146803;2017-10-11
231617;2021-10-14
290782;2023-03-08
19858;2017-08-22
404062;2023-08-03
239640;2020-07-18
105353;2015-11-20
49392;2016-02-02
280789;2021-02-16
355261;2022-11-08
224040;2019-10-15
153116;2018-09-04
251809;2022-03-03
365076;2022-11-08
81186;2019-09-03
159909;2021-06-29
206206;2019-04-09
188957;2018-07-10
217510;2020-08-22
134021;2017-03-03
396952;2023-05-18
231810;2019-10-04
140946;2019-03-06
267673;2021-01-01
190596;2022-04-21
249501;2021-07-03
17329;2019-12-19
252642;2020-11-04
243251;2020-03-18
39786;2016-12-01
224590;2019-08-03
358745;2023-08-08
196899;2019-05-03
366605;2023-01-05
195716;2019-04-10
339579;2023-11-03
68867;2017-12-14
283821;2021-01-31
109751;2016-11-08
40556;2017-05-31
118070;2017-03-07
147002;2019-05-15
222765;2019-07-25
391538;2023-05-09
266135;2022-07-19
21684;2016-11-13
180860;2018-06-07
203942;2019-05-07
234408;2021-08-05
239882;2020-09-02
174336;2018-02-01
155840;2019-09-07
197871;2021-02-11
161323;2017-08-15
277221;2021-04-02
350337;2023-07-07
252298;2022-05-19
293074;2021-04-02
243310;2021-09-02
299962;2021-06-04
227208;2021-07-24
164716;2017-11-03
242026;2020-09-08
242745;2020-06-03
171822;2023-11-03
303638;2021-06-17
171513;2019-05-21
273981;2021-11-09
147361;2018-02-09
133800;2018-11-20
336263;2022-05-03
382608;2023-03-03
134459;2016-11-11
5571;2016-09-07
70585;2021-04-03
262060;2021-07-13
96444;2021-04-07
346880;2022-07-08
198268;2019-01-09
103490;2016-03-03
203295;2020-01-02
62923;2015-12-03
274653;2020-10-21
396248;2023-05-17
388029;2023-04-07
259641;2020-06-03
297029;2021-10-15
293489;2021-05-25
344887;2022-10-05
357544;2023-06-03
300979;2021-04-17
202966;2021-09-02
290214;2021-11-16
82620;2023-06-16
205324;2019-01-01
345692;2022-05-05
99406;2022-05-03
115535;2016-08-13
149312;2017-06-06
386953;2023-09-12
383807;2023-04-15
16863;2016-12-08
44558;2017-12-01
369004;2022-11-03
152135;2017-10-04
27590;2017-04-04
337537;2022-03-15
352085;2022-06-15
404841;2023-08-08
331064;2022-07-19
240793;2021-10-13
357040;2022-09-14
371456;2023-08-03
88967;2020-02-12
143385;2019-02-01
8373;2016-02-09
400932;2023-05-19
48103;2016-02-02
141330;2017-12-01
313861;2023-02-01
331939;2023-02-01
71303;2018-07-10
201089;2021-08-20
260838;2021-02-02
24066;2017-02-07
383961;2023-05-03
195696;2019-03-06
111911;2016-01-19
90149;2021-07-15
282092;2021-01-31
92163;2016-03-16
371939;2023-01-04
66181;2017-01-05
247638;2020-10-10
345213;2022-07-14
248103;2020-09-08
272549;2021-01-08
174709;2018-04-08
246629;2021-08-06
216512;2020-05-06
221623;2020-05-19
128590;2018-07-06
157236;2019-05-08
296171;2021-09-02
367592;2023-03-03
167093;2017-12-16
135448;2017-08-08
246049;2020-04-22
90050;2023-09-12
276943;2020-11-03
98287;2017-03-07
82340;2020-11-06
183685;2018-09-19
245933;2020-08-06
118816;2019-02-05
323283;2022-03-26
316963;2021-10-03
323012;2022-01-04
269622;2021-11-03
399143;2023-08-23
200342;2019-06-07
258849;2021-01-01
309630;2021-09-18
11393;2017-01-12
351673;2023-09-20
211950;2019-05-05
279782;2020-12-01
387652;2023-08-09
405764;2023-10-08
264899;2020-09-05
277188;2021-02-02
290436;2021-04-02
308805;2021-09-02
186359;2019-12-03
226535;2021-10-26
34298;2015-10-16
156015;2017-05-16
208472;2020-08-05
126005;2017-04-27
386458;2023-02-14
227188;2020-08-21
386781;2023-04-14
153415;2022-02-01
105440;2015-12-02
159343;2017-09-02
10997;2018-03-13
240056;2020-06-04
335989;2023-04-14
152427;2019-01-01
260427;2022-07-05
178777;2020-04-18
113091;2022-03-03
142656;2019-09-10
385524;2023-10-11
236189;2020-06-05
135949;2018-08-03
362029;2022-09-13
261004;2020-06-24
164019;2019-08-22
320344;2023-09-02
244147;2020-09-02
276064;2022-04-02
182027;2018-05-22
137293;2021-08-07
154431;2021-03-17
25244;2016-07-12
331381;2022-09-10
323982;2023-01-03
97143;2016-07-15
375630;2023-03-17
232276;2020-05-05
252274;2021-04-06
25278;2016-03-12
143305;2018-10-17
298389;2021-04-03
222383;2020-05-12
256609;2021-03-16
144823;2017-11-09
106970;2016-03-14
118955;2016-05-03
189314;2019-03-05
38522;2016-05-11
303670;2021-08-26
205965;2019-04-02
336606;2022-11-10
69539;2017-08-10
195971;2019-06-04
209731;2020-03-11
37314;2016-09-09
261946;2020-05-14
201420;2021-07-15
289779;2022-10-05
15850;2017-01-04
343916;2022-06-03
358626;2023-07-22
367715;2022-12-01
176815;2019-03-20
277566;2021-08-05
224646;2020-10-22
321723;2023-06-06
222968;2020-08-12
164361;2018-02-01
312122;2021-09-24
359547;2022-08-03
228736;2020-06-16
390871;2023-05-18
359329;2022-10-05
123571;2017-01-05
161476;2021-03-03
146948;2019-08-20
348102;2022-12-01
211835;2021-04-13
58976;2016-10-15
120082;2016-07-15
317427;2021-10-13
360152;2022-11-11
19742;2017-02-01
385763;2023-03-03
138208;2016-11-05
310617;2021-08-12
4691;2018-09-04
60856;2021-06-18
311374;2023-05-16
270085;2021-04-06
313855;2021-09-07
220855;2022-02-11
82789;2018-12-11
166711;2017-11-30
85014;2017-02-04
388189;2023-08-23
223405;2019-07-19
295353;2021-10-12
266032;2020-08-05
342463;2023-05-10
344060;2022-12-01
309414;2023-08-08
309901;2023-03-03
164254;2018-02-23
7401;2018-08-22
343404;2022-11-03
129486;2017-05-04
63906;2018-12-15
350274;2022-06-03
291571;2021-02-09
189428;2018-09-06
321283;2021-12-03
126526;2017-01-03
227358;2019-11-08
55895;2019-05-15
175076;2018-07-03
135932;2018-09-04
411930;2023-09-20
51616;2017-06-14
74209;2015-11-04
398591;2023-09-12
196689;2018-12-18
136727;2016-11-10
385414;2023-05-03
221485;2019-08-04
375287;2023-03-21
313468;2022-01-01
108144;2016-11-03
69320;2016-01-16
156255;2018-11-03
50028;2020-08-05
210530;2019-03-16
270485;2020-10-06
235981;2023-09-09
372530;2023-06-06
407120;2023-08-09
398519;2023-08-09
227403;2019-08-10
335922;2022-04-10
203887;2018-12-04
344932;2022-06-09
293851;2022-10-13
266587;2021-03-09
305110;2021-07-06
240063;2020-05-12
357954;2023-02-10
101747;2016-02-01
192045;2018-07-06
291062;2022-11-16
12050;2016-01-12
78870;2018-04-17
323992;2021-11-16
245676;2021-04-16
225027;2023-06-10
270181;2022-05-03
361349;2023-04-22
101102;2017-10-04
256748;2021-10-22
238114;2020-06-10
112576;2016-06-03
344074;2022-03-08
323194;2021-12-21
138727;2017-10-21
102858;2019-06-27
122678;2020-04-07
285149;2023-02-01
37635;2016-12-09
222064;2019-07-03
251795;2023-06-17
101588;2017-12-01
220967;2021-01-01
350017;2023-08-23
74066;2015-11-04
351827;2023-03-03
246627;2021-12-16
107523;2016-08-06
348493;2023-05-04
173147;2019-08-03
403191;2023-10-11
303201;2023-02-21
153104;2018-08-11
62778;2020-06-12
90006;2016-09-21
23411;2016-04-08
101231;2018-05-16
305605;2022-11-04
270052;2022-10-04
272741;2021-07-17
365419;2023-01-10
159960;2018-02-16
64316;2017-08-03
65164;2019-02-19
224772;2022-02-11
268941;2021-09-23
228011;2022-08-03
284275;2021-07-07
379157;2023-01-17
105863;2021-02-02
215476;2020-06-03
153523;2022-08-12
101627;2016-08-16
159361;2017-11-10
166847;2019-05-16
13193;2015-12-08
348115;2022-09-13
111977;2016-04-12
315773;2022-06-11
329768;2022-04-12
39199;2016-12-08
30524;2015-10-15
368598;2022-11-07
108197;2016-05-03
32796;2015-11-05
134245;2021-08-06
354963;2023-06-03
155972;2019-07-11
165680;2020-01-17
321652;2021-11-05
47103;2015-10-20
90247;2016-12-07
150772;2021-05-13
345227;2022-07-03
5321;2016-09-10
355571;2022-12-14
367415;2023-03-03
3571;2017-03-16
133761;2016-11-16
355225;2022-09-02
23248;2023-06-08
243985;2020-02-07
225391;2020-07-08
97081;2017-02-01
160420;2017-12-15
95639;2019-01-09
81767;2015-10-17
50046;2015-11-03
106617;2023-08-03
36852;2017-09-12
228004;2020-07-07
278088;2022-05-17
105535;2018-02-14
301055;2022-07-12
23982;2020-11-03
172139;2018-02-07
189889;2019-08-09
50921;2016-04-07
82350;2015-12-07
407903;2023-07-21
187242;2019-10-19
267273;2020-08-13
110476;2016-02-09
385209;2023-10-04
163169;2017-09-07
38590;2017-12-14
418889;2023-11-03
381202;2023-10-24
362950;2022-09-02
43428;2015-10-22
330761;2022-10-14
406107;2023-07-18
148194;2017-09-19
136468;2017-08-16
206743;2021-08-05
193946;2022-02-01
63921;2015-11-05
300116;2021-10-12
151570;2022-01-01
266597;2021-07-03
299637;2023-10-20
303337;2022-01-11
380594;2023-05-10
118530;2017-03-03
136261;2017-08-11
129199;2017-04-05
204385;2021-02-04
121630;2016-11-03
165813;2017-12-18
367450;2023-02-17
2539;2017-04-14
111663;2018-02-13
53954;2018-05-15
326733;2022-02-08
300761;2021-05-28
223309;2022-02-03
289309;2023-02-08
285971;2021-03-24
152790;2017-06-14
386788;2023-05-04
397385;2023-07-21
43676;2017-03-03
350191;2022-11-17
331905;2022-02-01
95320;2020-03-08
183600;2022-05-21
348443;2023-04-05
401432;2023-08-15
338854;2023-03-21
7284;2015-12-10
283841;2022-02-01
100056;2017-04-06
89857;2015-10-15
372480;2022-12-01
174653;2021-11-03
375118;2023-03-07
363328;2023-10-04
268823;2022-05-03
150223;2020-04-22
377696;2023-02-15
78407;2019-03-13
391654;2023-08-03
57318;2016-09-02
248105;2020-05-12
132170;2017-02-03
299920;2021-12-23
244425;2022-11-12
28969;2021-05-14
176570;2019-06-04
204229;2019-05-03
98111;2016-06-10
91478;2018-09-04
11914;2017-12-12
212681;2020-11-14
290536;2021-02-17
166037;2018-09-06
258477;2020-11-04
235309;2021-03-13
145118;2017-07-04
144021;2018-08-16
75307;2019-04-10
372481;2023-04-04
287647;2020-12-02
45134;2016-06-03
56360;2016-08-03
213593;2023-01-10
227030;2021-03-03
143162;2017-06-03
329789;2022-05-04
391513;2023-05-23
148180;2021-03-03
363638;2022-12-20
15424;2016-02-19
325704;2023-10-10
34412;2019-08-06
270318;2020-08-05
254088;2020-06-11
204877;2019-12-03
366038;2023-07-07
142529;2017-05-03
233396;2019-11-13
289750;2021-02-26
242416;2020-02-04
24067;2016-10-05
201910;2019-08-10
243167;2021-05-05
196762;2019-01-01
266491;2020-07-17
59868;2018-03-03
265269;2021-03-11
150164;2017-12-01
63515;2016-02-03
376067;2023-06-07
14477;2017-03-04
122471;2020-03-11
37839;2019-09-11
198569;2018-11-06
161736;2018-02-01
731;2015-12-16
262085;2020-06-19
371772;2022-12-17
181756;2019-05-09
374082;2023-01-20
378477;2023-05-25
328874;2022-03-15
32886;2017-02-09
302170;2023-05-16
93090;2016-10-14
318612;2022-03-03
275624;2022-05-03
285775;2022-12-06
288570;2021-04-02
121769;2017-02-07
150086;2017-04-25
391871;2023-05-16
279381;2021-09-04
278809;2022-11-03
266800;2020-06-12
175590;2018-05-15
210184;2019-04-24
219972;2021-08-03
337929;2022-12-15
355945;2023-05-09
12147;2022-08-18
94535;2016-03-03
101580;2019-07-05
381741;2023-05-11
269520;2021-02-02
347066;2023-04-04
4994;2018-07-03
84688;2017-05-16
171633;2018-02-04
186142;2020-07-03
195163;2019-12-12
231590;2019-12-18
296;2016-07-20
267171;2020-10-17
241266;2020-01-02
238589;2022-07-05
362229;2022-12-01
89488;2016-04-05
252452;2020-04-02
112725;2016-02-12
313499;2022-12-20
130207;2018-02-07
25138;2016-06-03
247828;2021-11-10
167789;2020-05-03
135085;2016-10-19
355746;2023-03-03
148926;2017-10-11
369086;2023-01-03
188016;2018-07-25
306504;2021-09-02
63005;2015-10-10
286190;2021-12-09
306535;2022-10-14
296868;2021-09-04
111235;2016-04-05
121169;2017-06-16
125586;2017-10-14
156885;2023-05-10
287627;2022-03-03
111007;2019-01-08
223677;2020-09-09
156866;2017-06-22
177612;2020-11-14
382725;2023-03-03
303324;2021-07-24
266460;2020-11-03
132599;2017-01-13
202571;2022-12-13
152755;2018-03-06
138632;2017-10-12
83351;2022-04-02
168227;2019-03-05
241637;2020-02-20
349785;2023-10-04
336306;2022-08-03
44107;2018-01-02
48436;2020-09-02
42442;2016-04-05
266598;2021-09-03
227035;2019-11-05
174489;2018-11-08
93266;2016-03-03
172696;2018-07-19
153684;2018-06-05
64919;2017-01-18
253778;2020-07-03
289448;2021-02-16
108268;2018-12-01
115606;2017-03-26
24926;2016-02-12
156668;2019-07-19
201097;2019-01-01
286176;2022-02-11
357769;2023-08-15
396509;2023-06-07
306986;2021-08-08
329366;2022-11-09
132566;2016-10-19
198337;2018-12-01
226694;2019-08-16
253710;2020-07-21
136502;2019-11-06
134482;2016-10-06
340738;2022-11-03
273147;2020-09-18
174321;2019-12-17
118515;2018-05-05
128130;2018-02-13
362130;2022-11-03
139265;2016-11-22
96887;2018-07-10
378568;2023-08-03
129739;2016-09-19
177349;2019-03-06
165125;2019-05-04
169694;2020-03-03
17552;2022-12-10
261569;2021-04-06
379569;2023-02-01
255688;2023-10-19
332783;2022-01-11
79436;2022-12-22
323363;2021-11-13
238155;2020-01-02
342282;2022-05-17
150355;2017-12-20
339495;2023-02-03
369364;2022-12-03
274551;2023-05-16
364797;2022-12-06
133260;2019-05-07
235395;2020-04-07
3822;2016-03-03
93455;2016-01-06
224926;2020-12-19
109970;2016-10-04
320709;2021-09-17
267631;2020-10-18
145236;2017-07-04
180422;2018-06-07
339103;2023-10-04
173553;2018-03-14
147885;2018-04-21
111767;2016-05-10
301601;2023-09-12
141561;2017-03-03
227130;2019-08-03
274529;2020-09-18
182763;2022-10-19
197050;2018-11-10
256535;2020-04-10
374739;2023-01-10
37932;2016-02-03
314018;2022-02-16
354664;2023-01-14
104229;2015-12-20
278599;2021-08-10
158915;2018-10-10
114551;2018-02-17
212417;2020-04-16
249412;2020-04-15
226488;2019-09-03
125681;2019-10-04
279539;2020-11-12
76477;2015-10-16
154777;2017-08-03
6502;2017-04-15
193034;2020-01-21
193469;2018-11-07
212201;2020-09-09
292388;2022-03-05
162550;2022-03-08
275339;2021-10-09
362119;2023-01-06
124025;2016-11-11
183460;2018-10-04
394185;2023-06-23
241463;2021-11-04
102709;2016-09-09
297924;2021-05-04
177719;2018-06-12
122930;2017-06-03
326034;2022-04-02
356232;2022-08-18
235179;2021-02-03
132705;2016-12-01
18578;2015-10-07
1141;2016-04-02
359062;2022-12-10
180673;2022-11-03
397055;2023-10-07
237469;2020-02-16
246985;2020-10-17
129563;2016-07-05
396028;2023-08-03
164002;2018-01-03
309688;2021-10-20
98647;2017-07-04
26381;2017-06-13
237;2017-07-11
131774;2016-07-19
311683;2022-06-03
304603;2021-06-10
123511;2018-02-16
177690;2021-09-11
289200;2021-03-06
87699;2016-12-01
246698;2020-05-08
415407;2023-10-17
331101;2023-05-03
153334;2022-12-01
253770;2020-09-18
109498;2016-06-14
407747;2023-07-18
134665;2017-05-03
389306;2023-04-04
382398;2023-03-11
245684;2021-07-23
256432;2020-12-09
223602;2020-07-09
195097;2019-07-20
110822;2016-11-03
66617;2017-03-16
59577;2023-07-21
383436;2023-07-11
188087;2019-07-19
159345;2017-12-20
301843;2021-05-25
283904;2023-11-03
100874;2018-05-09
262071;2021-07-03
368476;2023-10-13
187803;2018-07-10
209816;2021-07-03
87887;2016-05-07
261488;2020-10-13
255165;2021-11-03
256970;2021-10-05
104021;2016-09-20
145477;2017-05-26
339128;2022-03-15
166514;2020-06-18
335452;2022-04-07
112499;2018-02-01
234744;2019-11-20
310838;2023-06-08
291308;2021-08-03
236290;2021-08-10
112643;2019-02-01
296764;2021-04-07
52917;2017-06-08
244910;2020-05-05
338632;2022-04-12
183557;2018-12-06
384320;2023-11-03
299135;2021-04-02
168491;2019-03-05
94633;2020-10-06
223209;2020-12-15
74283;2018-08-07
192683;2018-08-08
368247;2023-04-04
211897;2019-04-13
331780;2022-02-23
264285;2023-02-14
222611;2020-06-18
410161;2023-11-03
334364;2023-10-10
175055;2020-05-16
188585;2018-07-12
262955;2020-11-07
374494;2023-01-03
33672;2016-10-26
269262;2022-02-15
293189;2021-04-13
362293;2023-08-03
169603;2018-10-28
183898;2018-08-03
193710;2018-09-18
299709;2021-06-15
205212;2019-11-05
273807;2021-12-01
374340;2023-04-06
83528;2015-10-15
137026;2017-07-18
326246;2022-07-19
376770;2023-06-03
242747;2020-03-07
394004;2023-05-03
413236;2023-09-20
121599;2019-05-14
214124;2021-07-03
79847;2021-06-22
209851;2022-09-22
275885;2022-02-05
236435;2020-02-16
266344;2020-08-07
224338;2020-06-04
285749;2021-01-01
229115;2022-02-11
159430;2017-09-19
238275;2021-05-06
362406;2022-10-05
311034;2021-10-24
149763;2017-10-12
185629;2018-07-05
86487;2016-10-04
336052;2022-10-07
16281;2017-10-04
123942;2017-10-13
140799;2017-02-15
202303;2020-08-06
188485;2018-09-08
131845;2017-02-03
284357;2020-12-12
287903;2021-02-05
246010;2020-04-17
60520;2016-11-03
202334;2019-12-10
168534;2018-06-06
147369;2019-03-05
175454;2018-10-12
114462;2016-05-21
337742;2022-07-03
384363;2023-04-18
261873;2020-12-01
206270;2019-01-01
336679;2022-02-03
112829;2017-03-16
110714;2017-10-04
259894;2021-10-13
283422;2021-05-21
10581;2019-12-03
135102;2020-02-19
236919;2020-01-02
407581;2023-09-02
313990;2022-04-02
63785;2015-12-02
169801;2018-10-09
56811;2016-04-15
231110;2021-09-07
397825;2023-08-03
240622;2020-01-02
33854;2019-05-17
271080;2022-02-19
154207;2017-11-14
297187;2021-09-08
186338;2018-08-07
388997;2023-07-04
219170;2019-06-22
337814;2022-04-14
281424;2021-05-04
330387;2022-07-05
160267;2019-06-13
364548;2023-07-18
352515;2022-12-13
390224;2023-04-05
270531;2020-10-13
40404;2022-05-18
140963;2018-06-15
352282;2022-08-23
296874;2021-10-26
343221;2022-10-05
79530;2016-02-19
161553;2017-10-04
325051;2022-02-04
50770;2017-12-09
153111;2020-02-05
49773;2017-05-13
351029;2023-06-14
151595;2017-08-03
91675;2016-01-13
220172;2019-08-06
67397;2015-11-10
346319;2023-06-03
116279;2016-04-02
152767;2017-05-18
205662;2019-03-05
109992;2016-04-02
328358;2022-07-19
44465;2021-12-01
144407;2017-10-17
267744;2020-09-10
251441;2020-11-03
282236;2021-07-21
279305;2021-10-12
376512;2023-02-11
108826;2016-09-21
378257;2023-07-21
381486;2023-08-03
192043;2018-08-03
350538;2022-06-03
296450;2021-12-01
341773;2023-09-02
344781;2023-01-06
300925;2021-07-18
100856;2017-05-03
161034;2018-03-22
173116;2018-11-13
393165;2023-09-05
79485;2016-11-18
152204;2019-06-11
215844;2020-06-10
280281;2020-11-03
177970;2018-10-10
109170;2016-02-02
312620;2022-01-01
36067;2021-07-03
187517;2018-09-02
350380;2022-11-03
322473;2022-08-03
315862;2021-09-17
193137;2020-10-09
201389;2019-02-03
86888;2019-05-11
172677;2019-06-04
78627;2016-06-11
174081;2018-02-16
227213;2021-09-18
333182;2022-02-09
205320;2019-03-03
194482;2023-09-20
358135;2023-03-07
324200;2022-05-03
362696;2022-09-06
274371;2022-07-05
67215;2017-10-10
277722;2021-10-07
251599;2020-09-02
193261;2020-07-15
332994;2022-09-20
182591;2020-06-10
238840;2020-10-06
153042;2017-07-19
217940;2019-06-14
355073;2022-09-02
328760;2023-05-03
93697;2017-05-12
276072;2022-02-23
31434;2017-04-08
175871;2020-12-01
247963;2020-05-15
255966;2021-04-02
380574;2023-04-21
163109;2017-11-15
45064;2020-02-04
132377;2017-04-19
396017;2023-06-06
199756;2021-12-04
257951;2021-04-07
295439;2022-07-19
295319;2021-07-15
248735;2021-02-20
247465;2020-10-13
286192;2021-02-28
397507;2023-06-06
10275;2018-08-08
146260;2018-10-04
200293;2019-07-04
219229;2019-05-21
342103;2022-10-25
196992;2021-03-03
255983;2021-10-05
156688;2017-07-21
74289;2016-02-02
103509;2015-11-13
281389;2023-02-01
177668;2018-05-22
264954;2022-10-11
182672;2020-01-08
191582;2019-02-16
101594;2016-07-16
58471;2015-11-13
182283;2018-07-08
126511;2016-12-10
213338;2021-02-02
150064;2019-01-04
160283;2017-10-12
136638;2023-09-09
249876;2021-02-11
161190;2017-08-03
39317;2019-09-04
108204;2016-05-03
211810;2019-05-03
254467;2020-07-05
141873;2017-07-20
80612;2019-07-18
37037;2017-10-18
322537;2021-11-23
209013;2019-09-03
41368;2016-04-07
225349;2021-02-02
30223;2016-01-14
375443;2023-04-18
394996;2023-05-18
265808;2020-09-11
347070;2022-09-02
285392;2023-01-06
349205;2022-10-07
272237;2022-04-22
128319;2017-08-08
336083;2022-06-03
387875;2023-09-12
280106;2021-08-03
163684;2019-06-20
383714;2023-02-07
195475;2018-11-11
132430;2017-02-11
399554;2023-06-03
16392;2016-03-18
223278;2019-11-19
71235;2017-09-02
231122;2020-05-05
106852;2017-12-07
381390;2023-02-07
27794;2018-01-13
233086;2022-12-20
76403;2016-02-12
121896;2017-09-02
200240;2020-01-02
322201;2022-11-08
338343;2022-09-14
24306;2020-02-08
278829;2021-02-17
168705;2018-01-14
329508;2022-03-03
273297;2020-08-13
228499;2023-02-07
116266;2018-04-10
148667;2017-05-09
262342;2020-06-16
80572;2015-11-14
772;2017-06-14
66231;2017-12-14
148136;2019-01-01
364118;2022-12-01
123622;2018-03-07
299580;2021-03-23
143389;2017-03-07
144792;2017-07-04
37033;2016-07-06
77396;2016-02-02
401953;2023-09-08
107840;2016-12-14
158745;2020-07-22
223657;2019-07-05
174708;2018-06-05
268115;2021-07-03
247517;2021-12-01
364055;2023-09-07
124772;2023-02-03
357943;2022-10-11
291259;2021-02-02
142846;2018-09-04
14725;2016-02-12
392407;2023-09-02
37201;2016-02-13
387226;2023-06-16
229657;2019-09-03
370575;2023-01-17
158174;2017-07-04
270649;2020-10-21
53786;2015-10-25
182379;2018-07-15
83848;2016-03-05
236097;2021-01-13
213326;2019-12-04
32704;2016-06-15
50841;2016-01-13
76734;2016-11-16
94228;2019-05-14
224896;2020-03-04
316503;2021-10-12
290027;2021-04-02
200996;2020-10-06
88435;2018-03-15
260714;2020-08-05
378609;2023-01-17
315104;2021-11-19
43359;2023-07-05
313399;2022-04-02
180295;2018-08-24
209497;2020-07-03
358809;2022-09-20
316988;2022-04-07
149189;2019-03-20
146984;2019-04-04
311305;2021-10-17
229645;2019-12-17
116227;2017-11-17
53363;2015-10-26
251021;2022-07-23
38356;2018-08-07
168022;2018-01-02
394139;2023-06-22
159284;2017-11-03
79217;2023-06-07
354191;2023-06-03
11124;2018-09-06
250825;2022-05-03
269770;2020-09-08
159531;2018-01-03
175241;2019-02-06
292929;2021-06-10
290299;2021-06-03
119638;2016-04-08
43705;2018-04-10
341665;2022-07-26
270878;2022-02-22
191291;2018-08-07
205201;2019-06-05
115125;2017-11-03
10194;2017-06-07
98446;2016-09-08
84627;2016-02-18
138064;2016-10-12
151592;2020-05-15
232174;2020-10-06
108705;2020-02-11
233009;2020-05-05
354882;2023-05-17
308291;2021-12-16
314953;2022-06-03
237544;2020-03-10
311071;2022-01-14
274088;2020-12-02
407665;2023-09-12
48206;2018-05-04
357377;2023-05-25
323655;2022-01-09
104563;2016-10-14
394920;2023-08-15
186009;2021-12-08
150624;2021-05-20
161019;2017-12-30
261952;2020-11-14
256712;2021-06-10
291840;2021-08-18
198445;2019-01-11
327758;2022-01-14
166552;2018-04-10
253689;2020-10-06
160092;2018-01-03
287114;2023-05-03
171831;2017-12-07
292928;2021-12-18
373802;2023-05-12
258031;2022-05-03
61983;2022-06-14
398152;2023-08-03
16919;2019-05-15
327766;2021-11-13
293236;2021-07-27
23821;2016-10-12
168787;2017-12-01
84707;2015-10-22
326581;2022-03-04
207933;2019-09-03
6831;2023-03-03
383527;2023-02-21
324243;2022-04-06
317477;2022-12-13
341806;2022-06-03
311883;2023-10-12
280299;2023-09-06
229235;2021-08-21
56222;2018-03-14
84886;2016-03-08
123364;2016-10-14
102382;2022-08-19
49584;2023-03-03
225999;2021-08-19
302690;2021-08-03
229324;2022-02-08
261603;2022-12-01
176087;2019-10-04
119378;2020-12-01
260920;2020-08-16
97351;2021-04-27
175233;2018-04-11
299604;2022-12-01
175645;2018-12-13
193423;2020-12-15
309629;2023-07-18
210029;2020-10-20
100259;2017-02-14
305292;2021-12-17
314628;2021-12-07
261979;2020-12-01
121338;2020-09-05
48988;2018-06-14
191063;2018-11-09
199441;2019-08-03
6558;2016-12-13
173835;2020-10-22
158618;2018-11-03
191484;2019-06-20
106293;2018-01-06
102322;2015-12-02
344084;2022-06-03
150647;2018-08-03
177228;2021-05-04
354997;2023-06-06
237735;2020-10-06
351446;2022-06-17
226956;2019-08-03
310697;2021-11-03
232732;2019-09-19
135815;2020-05-25
347700;2022-10-25
62630;2018-03-03
283814;2021-02-10
341059;2022-05-14
212745;2019-10-04
51124;2016-01-07
378585;2023-02-07
287897;2021-06-03
342363;2022-05-10
316720;2021-10-09
253100;2020-07-21
333170;2022-07-05
159829;2017-10-15
281660;2022-02-01
161989;2021-11-07
312099;2021-11-06
234949;2021-02-11
305810;2022-04-22
401584;2023-08-03
156557;2017-08-03
322822;2022-11-06
51981;2019-03-05
167668;2018-09-04
261950;2020-07-11
9226;2023-02-08
363755;2022-12-04
265363;2021-07-13
130795;2017-02-01
129592;2016-10-14
260523;2020-06-12
159939;2019-04-04
338085;2022-06-21
247564;2020-12-19
374915;2023-02-03
252713;2020-04-08
380635;2023-03-15
218241;2019-08-03
157764;2023-07-13
296717;2021-04-15
96077;2016-05-03
162471;2021-01-06
119073;2016-09-06
187788;2018-10-16
180185;2018-05-03
281573;2021-03-12
89292;2018-06-05
15106;2016-06-11
181101;2018-05-22
183071;2019-04-18
309942;2021-12-07
190893;2023-03-15
177770;2019-10-16
397132;2023-05-26
58113;2016-06-07
134379;2016-11-13
180644;2018-12-11
226905;2022-05-05
386090;2023-03-03
130167;2018-03-22
82108;2017-04-19
233410;2020-01-03
187295;2019-06-07
362360;2022-08-16
39369;2018-01-10
203493;2019-06-04
319263;2022-02-19
364569;2023-10-06
144618;2017-12-14
150835;2017-08-08
387371;2023-04-04
110709;2017-07-04
184444;2020-05-01
406118;2023-09-12
139823;2017-12-01
88791;2015-12-13
172778;2018-02-15
225354;2021-09-02
65037;2015-12-24
268300;2023-04-22
294344;2023-03-03
126529;2022-08-05
119269;2018-12-05
391273;2023-05-13
79200;2020-12-02
16475;2016-10-13
127091;2018-12-11
368852;2023-04-07
23645;2016-01-02
111774;2022-04-02
81049;2016-07-15
343943;2023-03-22
19689;2016-01-12
128441;2016-11-08
18537;2016-04-21
158332;2017-09-20
261145;2022-03-03
328538;2022-09-20
108682;2017-08-03
207565;2020-02-15
246082;2020-04-09
399021;2023-05-24
253224;2020-06-06
323085;2023-01-04
282139;2021-03-03
266120;2023-04-13
7043;2016-01-02
4140;2018-07-24
43570;2016-08-16
409049;2023-09-02
216337;2019-05-07
213050;2019-06-02
119880;2016-10-04
345344;2022-07-13
300724;2021-11-05
133773;2017-06-03
347154;2023-05-23
237217;2020-02-19
379225;2023-02-24
154452;2017-05-25
219292;2019-08-03
5860;2016-02-04
152694;2020-04-17
102886;2016-12-01
168651;2017-11-14
139660;2017-05-03
1562;2016-09-13
350936;2023-05-10
259837;2020-09-18
342692;2022-04-15
268237;2022-07-05
162402;2019-08-03
143905;2017-10-14
373892;2023-01-01
362474;2022-12-20
165262;2019-05-14
34764;2016-03-10
49198;2022-04-23
23850;2021-09-07
192305;2019-11-05
183430;2018-10-06
356304;2023-01-17
335192;2022-04-15
30621;2018-02-02
354049;2022-09-13
57;2020-09-09
154690;2017-05-17
258861;2020-12-11
23766;2016-08-23
8281;2016-09-13
355887;2023-01-06
356596;2023-11-03
104124;2016-06-11
224706;2021-12-02
272674;2022-03-03
204795;2019-11-19
314394;2022-05-03
297318;2021-09-07
271393;2022-03-08
352449;2023-01-03
42834;2015-11-04
334337;2023-10-14
21869;2016-05-13
290706;2022-05-25
148697;2017-07-20
89084;2017-04-15
340313;2022-08-10
225377;2022-04-05
317280;2022-06-16
284034;2021-03-03
160686;2018-02-09
278217;2021-04-02
289370;2021-04-09
134356;2021-09-08
330813;2022-08-03
220958;2020-01-04
294495;2022-07-05
309655;2021-12-01
125790;2017-05-06
330853;2022-02-09
291793;2022-06-03
273112;2020-11-03
420558;2023-10-19
263751;2020-08-12
173469;2018-05-03
171621;2018-08-03
372002;2023-10-04
389671;2023-06-16
244659;2022-08-05
157929;2020-03-07
356798;2022-10-04
299929;2021-07-03
356489;2022-08-03
51785;2016-08-16
376644;2023-03-07
385702;2023-06-21
42643;2020-12-02
118231;2016-08-25
284442;2021-11-12
297373;2022-06-28
270712;2020-11-08
149800;2018-07-07
126938;2020-02-04
121603;2017-05-18
101677;2015-12-04
393488;2023-05-06
401090;2023-07-07
242365;2023-04-19
179910;2018-07-17
252096;2021-04-27
157987;2017-10-13
348069;2022-05-04
398305;2023-06-10
155304;2018-01-19
340930;2023-06-15
180066;2019-03-12
291401;2021-11-19
258650;2021-10-15
169437;2019-03-05
312211;2022-01-04
150982;2018-06-05
157341;2023-09-02
400787;2023-07-04
345913;2022-09-02
173109;2021-05-12
84318;2017-01-03
179994;2019-09-08
384449;2023-03-21
257746;2020-05-19
138781;2017-05-12
21775;2017-10-08
270218;2022-09-06
184756;2019-01-15
12814;2016-01-06
265818;2020-07-03
247593;2021-03-06
126889;2021-01-06
330817;2022-01-08
318876;2021-12-09
75327;2022-09-08
375723;2023-02-15
263327;2021-05-13
235588;2021-07-16
149376;2018-02-10
79996;2015-11-03
285736;2021-11-13
224597;2019-07-03
161787;2017-11-07
335040;2022-09-02
314330;2021-11-10
25542;2016-08-12
72408;2021-04-06
401864;2023-09-05
213464;2020-10-06
167073;2018-09-04
179925;2018-05-03
355692;2023-02-01
214049;2019-06-05
118368;2019-04-13
351480;2022-05-26
85016;2015-11-03
358675;2022-09-08
50686;2021-11-03
265758;2020-09-10
373024;2023-05-03
150854;2017-05-03
213966;2021-03-09
275416;2021-05-19
184123;2018-10-10
250845;2020-07-18
343621;2022-04-02
258889;2020-07-18
327881;2022-06-03
272594;2020-09-02
260327;2020-07-03
280339;2021-12-09
126921;2019-08-06
270799;2020-11-15
128065;2017-01-10
145102;2017-04-12
316815;2022-01-04
50371;2018-10-10
140651;2017-07-05
16656;2016-01-02
231669;2021-01-01
384672;2023-09-02
385328;2023-03-17
355501;2022-07-12
36244;2017-04-05
85163;2016-02-18
128828;2020-04-02
165010;2020-01-14
343676;2023-09-02
134995;2020-05-08
107319;2016-02-09
318150;2023-04-13
157263;2019-09-10
175841;2018-02-14
112678;2016-03-10
165042;2020-08-07
50950;2016-10-12
341175;2022-03-23
127752;2022-03-03
375885;2023-05-24
221735;2020-01-29
279642;2021-01-01
309869;2021-06-17
338164;2023-05-03
211217;2019-05-09
197240;2018-10-05
188200;2019-01-16
398361;2023-06-07
192124;2019-12-06
36408;2018-05-15
89450;2015-11-03
145310;2017-02-03
217572;2019-07-09
107188;2016-02-11
354955;2022-09-09
143349;2017-01-12
57272;2020-07-03
221870;2020-12-16
313907;2022-02-10
243249;2020-07-09
418771;2023-11-03
200504;2019-04-19
38003;2015-12-04
324123;2023-10-20
83934;2015-11-21
176781;2018-04-11
131558;2016-08-20
181843;2019-06-05
209787;2019-03-20
281383;2021-09-17
229323;2021-08-10
297164;2021-08-13
325913;2022-05-10
130369;2023-02-14
210217;2019-11-20
323248;2022-09-07
244752;2020-05-05
193662;2019-01-01
389263;2023-07-11
177066;2018-01-03
38805;2018-01-17
41020;2015-11-12
267024;2021-11-23
269445;2020-09-10
281635;2020-11-14
163428;2018-02-13
9637;2016-01-02
8868;2019-10-04
266152;2021-07-03
76518;2022-08-03
315187;2022-05-12
355733;2023-02-07
371163;2023-10-17
150839;2018-05-03
14730;2016-07-19
317723;2021-11-18
141140;2019-07-05
315061;2022-06-05
199837;2019-01-01
238737;2020-01-01
387776;2023-04-18
200254;2019-09-17
327086;2023-05-11
347531;2022-07-26
296065;2021-07-03
112084;2016-08-05
344558;2022-05-13
88871;2016-11-05
194395;2019-03-06
42647;2015-12-02
382774;2023-05-21
256138;2020-10-06
33612;2016-03-03
263462;2021-10-07
242826;2020-07-18
96465;2018-07-10
179213;2018-09-04
36394;2017-01-03
144730;2022-02-01
263187;2021-08-19
88333;2017-03-14
33789;2017-10-13
41438;2021-03-09
140179;2020-03-05
166311;2018-12-06
314140;2021-11-03
101435;2017-06-08
284775;2020-11-14
271419;2021-08-24
77239;2019-05-14
236144;2020-02-02
303521;2022-01-01
80152;2016-06-14
299603;2021-09-17
281404;2021-02-11
287454;2022-11-11
269725;2020-09-05
19144;2019-05-07
276192;2021-03-20
246835;2021-03-20
184428;2020-10-06
275508;2020-09-18
195172;2018-10-04
204937;2023-10-05
328467;2022-11-16
305262;2021-07-27
123501;2018-02-13
108932;2016-05-04
40349;2021-08-12
268943;2020-08-05
305274;2021-11-09
197053;2023-05-10
195189;2018-12-06
107599;2019-08-20
99147;2016-06-08
144184;2021-06-22
303615;2023-03-07
388853;2023-05-24
258533;2021-02-02
369715;2023-04-04
173427;2018-04-17
359965;2023-08-16
140171;2017-05-10
103384;2016-02-02
137324;2017-08-03
237151;2022-02-02
209292;2020-11-03
3425;2019-06-06
36132;2020-09-03
142307;2018-10-09
90211;2018-02-08
19685;2016-04-20
82897;2018-06-14
211097;2019-07-10
50777;2017-01-04
158082;2017-09-06
36789;2016-03-03
234379;2020-05-05
264839;2020-10-06
187443;2019-11-05
336432;2022-10-04
116313;2016-09-02
213265;2019-04-02
115366;2016-05-19
156125;2021-05-10
198804;2020-04-10
79040;2017-12-01
276709;2021-08-26
95078;2016-03-11
339660;2022-05-03
186092;2019-08-20
185133;2018-09-06
334468;2022-10-04
364623;2023-10-20
199724;2022-03-03
296752;2021-05-20
416361;2023-09-20
258756;2021-09-02
74839;2016-01-13
43810;2019-04-03
40896;2015-10-16
173322;2022-03-22
46647;2018-01-11
197013;2019-04-12
268493;2021-09-23
303703;2021-05-21
215957;2019-07-14
16471;2018-12-06
346813;2022-05-03
20116;2016-09-02
253983;2023-10-05
355949;2022-08-03
11093;2015-10-06
264426;2022-07-05
318047;2021-11-03
89573;2019-11-12
134980;2018-01-02
169885;2019-05-08
377126;2023-01-03
268171;2021-03-09
74728;2016-02-11
23573;2018-03-06
94708;2017-03-09
250222;2020-05-13
262569;2020-10-21
246663;2020-05-12
164826;2023-10-05
11037;2019-01-08
85198;2019-04-09
78819;2015-12-15
158100;2018-01-17
270924;2022-07-08
404636;2023-08-03
303676;2022-12-01
131737;2022-06-03
396681;2023-08-05
169157;2018-08-16
168412;2019-03-05
74524;2016-06-16
284182;2021-04-02
378118;2023-02-01
109857;2018-05-15
126899;2021-04-22
247742;2021-02-03
132917;2016-10-02
390023;2023-04-04
131908;2017-06-17
224880;2020-08-13
382924;2023-04-02
147069;2017-02-21
374265;2023-02-02
22744;2017-09-08
247405;2021-03-23
204846;2019-08-14
102553;2015-12-02
47561;2017-04-04
274146;2022-09-08
233561;2019-11-06
202192;2019-03-05
89420;2016-03-16
1561;2017-10-10
15992;2018-01-16
318924;2021-12-04
385921;2023-03-03
246395;2020-04-10
256255;2020-12-01
147591;2022-01-04
174780;2022-02-02
260435;2021-09-17
159560;2022-03-23
192134;2021-06-11
224790;2019-07-18
197799;2019-02-19
3724;2019-07-16
199175;2018-11-22
333060;2022-01-01
253923;2021-08-18
310133;2022-11-03
263659;2020-12-10
31469;2017-05-04
82608;2022-09-02
216609;2019-10-08
221045;2021-06-12
91496;2015-12-09
206849;2019-06-06
31537;2016-07-16
195932;2020-04-09
243970;2020-06-05
139514;2017-08-24
41705;2015-10-16
158622;2018-08-08
190173;2019-01-10
85678;2019-04-04
131625;2016-09-13
233132;2020-01-12
216697;2019-05-15
12845;2019-01-02
11575;2015-10-20
189595;2019-05-11
61752;2016-01-08
42541;2022-10-04
264985;2020-07-03
181159;2019-03-20
379159;2023-04-09
301856;2021-07-09
356766;2022-08-09
172193;2018-02-14
150867;2021-11-10
178491;2018-07-03
154918;2018-07-18
252021;2020-04-08
65879;2018-04-03
268571;2020-10-21
255916;2020-08-21
228613;2020-10-09
180226;2019-08-03
305516;2021-11-03
244623;2023-05-10
46218;2015-12-03
140881;2017-02-10
185051;2019-07-17
145233;2017-11-16
162155;2018-11-16
275287;2022-03-16
237081;2020-02-02
284122;2023-02-08
113066;2016-09-06
300317;2021-09-02
274720;2021-06-11
156175;2018-06-05
327632;2022-07-05
306714;2023-03-15
249653;2020-06-16
380981;2023-11-03
188472;2019-05-21
217825;2020-05-03
302792;2021-09-17
219574;2019-07-06
175315;2021-06-11
281353;2022-01-20
131885;2017-09-05
177839;2018-04-03
3619;2017-12-14
28287;2020-03-03
120306;2017-10-19
363546;2023-01-01
90154;2018-07-10
30712;2015-11-14
182319;2020-11-03
258051;2020-05-19
244478;2021-01-12
333780;2022-03-05
212753;2020-07-16
236182;2020-05-19
195804;2019-06-20
197247;2018-12-02
228332;2023-10-05
356267;2022-08-09
115131;2016-05-06
3958;2016-03-03
269672;2021-12-01
386267;2023-05-14
22735;2016-12-01
354754;2023-03-03
221939;2019-08-14
50902;2016-04-02
224037;2019-08-03
26761;2016-07-03
123676;2019-02-05
284138;2020-12-01
222446;2022-03-04
64603;2017-06-16
320161;2022-03-03
195775;2018-11-06
126162;2016-06-21
137519;2018-10-04
377159;2022-12-08
225378;2020-08-19
41184;2017-05-09
284493;2021-03-03
356049;2023-04-04
146550;2017-05-03
327495;2022-03-19
305206;2022-02-03
336463;2022-03-08
276881;2021-09-18
256618;2020-07-26
268590;2022-02-24
182110;2018-06-12
83754;2016-02-03
368617;2023-01-04
337455;2022-04-02
333190;2023-03-07
271410;2020-09-04
331044;2023-01-10
182340;2018-05-18
142368;2020-10-20
149869;2018-02-06
60944;2022-06-18
219813;2022-08-11
407789;2023-08-10
332584;2023-10-11
270000;2021-09-17
400854;2023-07-06
21789;2021-11-12
245379;2021-12-01
130725;2023-08-15
21564;2017-02-03
122052;2023-03-23
365404;2023-04-18
1573;2021-08-14
248684;2020-08-11
394856;2023-07-05
49210;2017-12-12
150808;2017-07-05
121118;2021-10-06
298350;2022-05-03
291445;2022-05-03
258349;2020-06-03
206087;2019-02-05
240463;2021-01-01
337122;2023-07-04
17023;2021-01-05
171971;2017-12-07
195436;2023-01-03
207795;2021-06-16
395390;2023-07-06
380996;2023-08-03
198626;2021-09-02
170643;2020-07-09
359243;2023-01-10
268024;2020-10-18
117390;2016-09-02
100314;2016-01-04
266588;2020-08-18
143632;2022-02-01
215477;2020-03-22
78282;2017-03-21
300717;2021-11-13
66131;2016-12-05
138130;2019-02-01
210947;2023-04-18
224439;2019-12-17
271882;2021-09-02
60687;2017-06-03
237918;2020-01-21
195113;2018-11-25
151176;2021-09-17
222483;2019-12-04
277741;2021-06-08
103335;2015-12-08
353543;2023-02-02
108188;2023-03-03
384329;2023-06-06
174492;2020-04-16
59464;2017-06-03
209188;2019-07-16
417162;2023-11-03
197272;2018-11-21
170175;2022-09-20
347191;2022-11-03
239804;2020-04-07
172784;2023-07-04
198477;2019-02-02
321820;2022-03-03
227162;2020-04-02
217384;2021-04-15
93847;2017-03-08
304993;2021-10-07
182647;2022-09-13
96832;2017-01-11
144079;2018-12-06
288197;2022-11-03
42114;2016-10-09
409138;2023-09-08
380932;2023-03-03
253393;2020-04-15
288325;2021-11-17
28116;2016-04-13
400716;2023-05-13
363381;2022-12-18
325945;2022-06-04
298150;2023-05-20
321185;2023-06-03
340539;2022-04-16
398533;2023-07-05
304525;2021-06-18
261162;2022-10-04
45840;2016-09-10
341940;2022-10-04
230347;2020-03-03
205986;2021-05-04
91663;2015-11-17
107094;2016-01-05
259833;2021-06-03
208484;2019-06-18
161350;2017-09-05
83306;2016-05-03
300244;2021-05-14
320868;2021-11-05
48247;2016-01-21
307119;2021-12-01
321390;2022-06-03
951;2021-04-20
392255;2023-07-05
356621;2022-09-23
58838;2016-11-22
47854;2019-02-13
307733;2021-09-07
270351;2020-10-15
162715;2017-11-16
233745;2020-10-20
341941;2022-08-03
71635;2016-06-07
151417;2018-11-23
147189;2018-07-14
81459;2015-11-17
147792;2017-03-04
355836;2022-07-05
78993;2017-05-03
207562;2019-01-17
258816;2021-08-27
62365;2016-08-03
273290;2021-12-04
119237;2020-04-21
149552;2018-02-07
285453;2021-05-11
2177;2017-10-05
68681;2019-10-15
366502;2023-08-09
200658;2019-03-20
270284;2023-03-03
9410;2021-12-01
14748;2017-09-12
371341;2023-02-14
371726;2023-02-03
298120;2022-12-02
338405;2022-11-08
157503;2020-03-20
358542;2023-03-16
351145;2023-07-22
226279;2022-04-05
382433;2023-09-02
54380;2023-08-15
274089;2022-06-14
42705;2016-12-06
152032;2018-03-05
146919;2018-02-02
19648;2016-10-13
310499;2021-10-26
249990;2020-04-07
135911;2016-11-15
23284;2015-10-16
204087;2019-02-06
169934;2018-02-18
212619;2020-08-05
349092;2022-09-02
210656;2021-01-12
9707;2021-03-20
185502;2018-08-12
161243;2019-03-06
262043;2021-07-06
417903;2023-11-03
394625;2023-05-16
237559;2020-08-12
166612;2018-06-05
264666;2020-07-03
133258;2017-06-03
86996;2016-07-05
127042;2018-03-16
232847;2021-02-02
261978;2021-10-14
307400;2021-05-28
255325;2020-06-18
38594;2017-04-15
175676;2019-06-21
229758;2019-11-13
132985;2017-08-19
228941;2022-09-20
147943;2022-03-03
276379;2022-02-08
136793;2018-03-13
102204;2020-11-05
175725;2020-07-07
358404;2022-08-10
335538;2022-08-03
270539;2021-08-13
130859;2017-03-10
145385;2017-10-04
47077;2018-09-04
185586;2019-12-03
19504;2016-04-12
182246;2019-10-04
372999;2023-04-14
80547;2015-12-02
187444;2019-11-13
107295;2018-05-15
116555;2018-03-03
137434;2019-10-08
340543;2022-03-08
288044;2022-08-12
68592;2022-10-25
127375;2016-06-22
126534;2017-02-07
128199;2016-07-05
24883;2018-08-07
260947;2021-01-01
280784;2020-11-10
357463;2022-08-03
402792;2023-07-04
316504;2021-09-10
340805;2022-04-05
121281;2022-06-03
89726;2016-05-11
107077;2022-07-15
165440;2022-08-10
345493;2023-08-15
108723;2016-02-04
185690;2022-07-03
34117;2016-12-07
169291;2019-12-07
112203;2018-04-03
390156;2023-04-08
906;2019-06-14
159509;2017-09-09
107386;2019-05-14
86644;2017-05-03
114377;2016-06-08
323392;2021-10-20
112746;2016-03-04
135335;2018-01-02
191833;2020-03-03
226906;2020-08-05
44988;2019-09-03
150814;2017-03-10
72989;2016-11-08
315401;2021-08-25
251227;2020-10-14
160801;2017-10-18
165265;2017-12-18
346026;2023-10-07
71116;2019-04-23
274479;2021-06-03
350929;2022-05-18
142915;2018-02-10
106277;2016-01-13
275422;2022-07-07
55422;2015-10-06
298028;2021-06-10
266536;2022-08-12
338891;2022-11-03
169757;2019-08-03
156243;2019-12-21
234205;2021-09-18
158428;2018-01-02
167101;2017-11-11
275178;2022-09-02
239778;2022-02-18
179331;2019-04-19
393624;2023-05-11
46187;2019-03-19
96386;2017-09-05
236933;2020-05-13
8182;2021-02-03
74781;2016-07-08
392608;2023-10-11
349377;2022-10-18
229023;2022-05-03
306053;2021-11-06
150259;2017-05-10
390824;2023-05-11
322542;2021-12-15
48349;2017-05-04
73696;2018-06-19
237053;2020-02-09
251195;2023-05-04
285699;2023-06-03
373022;2023-02-21
348350;2022-07-23
67778;2022-12-01
367161;2023-07-20
181792;2021-11-03
281454;2021-06-22
259971;2020-10-15
143164;2022-03-23
201061;2020-07-03
182537;2021-12-10
73938;2020-03-17
108447;2016-03-16
352095;2023-02-01
188027;2018-07-26
215427;2020-07-12
111428;2017-03-09
83120;2017-04-13
257916;2020-06-24
139695;2021-10-15
230752;2019-12-05
273023;2020-10-09
197933;2023-11-03
50291;2016-02-19
338034;2022-02-16
207024;2019-03-31
267566;2020-10-12
59855;2017-01-07
297955;2022-01-19
122395;2016-07-08
360857;2023-01-17
28296;2017-06-15
23371;2021-10-16
262920;2021-06-12
284306;2021-10-19
398100;2023-05-18
51873;2016-02-10
149657;2017-07-06
200277;2020-06-04
312863;2022-07-23
173358;2018-05-16
145860;2017-04-15
375593;2023-02-09
327219;2022-02-01
127202;2016-06-19
76009;2019-09-05
331581;2022-05-11
182374;2018-07-22
195443;2022-12-01
360743;2023-09-02
83711;2016-06-21
354497;2022-07-05
8046;2016-05-04
127104;2018-09-05
220839;2023-11-07
41264;2016-07-21
122995;2018-07-05
63951;2017-04-06
244196;2020-09-05
159106;2023-04-21
279545;2020-10-13
375334;2023-06-03
269017;2021-09-09
23042;2021-03-13
294756;2021-06-08
214674;2021-04-21
263252;2020-09-02
105492;2016-04-20
167761;2017-11-15
297989;2022-10-04
337981;2022-11-08
388941;2023-07-04
214436;2019-08-07
224916;2020-11-11
315783;2022-09-03
287348;2023-11-03
63763;2017-10-10
357335;2023-06-03
320461;2022-09-20
204300;2019-02-05
187276;2018-11-14
167378;2021-08-05
319980;2021-11-11
336241;2022-04-02
64764;2021-02-17
126986;2017-03-14
371185;2023-09-05
314060;2021-11-17
133155;2017-10-06
91523;2017-10-05
299478;2021-11-03
199968;2019-05-15
38560;2018-07-13
130588;2016-10-21
220609;2022-06-03
242393;2020-02-04
34148;2016-02-11
278924;2020-12-06
92672;2016-04-16
271702;2021-01-19
359789;2022-08-10
247085;2021-05-27
94792;2018-09-18
403895;2023-06-13
311156;2022-04-09
265196;2020-11-13
246856;2021-10-19
271120;2021-04-17
307694;2021-08-10
302717;2021-05-18
314059;2022-10-04
310717;2021-07-17
184361;2018-05-22
50238;2017-01-07
270359;2021-09-02
184748;2018-06-03
143930;2020-08-11
49433;2016-05-17
290627;2022-08-18
141812;2017-01-12
117557;2016-04-02
390012;2023-06-13
293083;2021-11-19
391630;2023-05-04
377721;2023-02-17
176785;2019-03-05
410905;2023-08-24
39400;2016-02-09
343710;2022-11-03
165339;2017-10-26
208922;2021-10-07
54196;2016-01-06
405867;2023-11-03
392962;2023-09-08
334347;2022-07-05
154183;2019-04-02
369684;2023-06-06
186300;2018-06-16
306247;2022-04-05
118755;2017-02-07
263316;2023-01-17
384226;2023-04-05
210540;2019-11-07
308037;2021-06-15
117632;2016-05-03
123537;2022-03-05
210723;2021-04-03
337328;2023-04-05
310669;2022-10-07
302825;2023-02-15
60239;2017-08-03
267977;2023-10-05
190673;2018-11-06
404368;2023-07-11
177264;2021-02-06
178213;2020-06-03
316899;2022-11-15
357120;2023-03-09
328973;2022-03-11
187148;2021-09-11
188309;2020-01-07
274191;2021-02-12
224830;2021-10-08
83939;2015-11-12
290977;2021-04-24
306953;2023-09-21
204303;2021-05-04
194039;2022-01-01
341430;2022-07-03
264113;2022-06-03
47749;2019-02-01
389440;2023-07-11
228785;2020-07-24
119469;2021-02-02
143515;2018-03-15
361473;2022-12-01
208171;2019-05-14
263408;2020-09-20
17181;2019-08-14
17231;2015-12-10
246544;2021-09-02
329144;2023-05-12
273086;2020-08-22
362421;2022-10-04
51754;2018-09-18
199613;2020-12-17
412438;2023-09-08
80858;2018-10-04
199292;2019-02-19
241049;2020-01-14
372637;2022-11-15
24263;2015-12-05
392296;2023-06-20
351023;2022-11-11
256897;2022-09-06
404717;2023-07-06
183479;2018-06-08
286136;2022-01-04
165911;2021-09-18
291921;2021-12-17
120246;2016-06-08
111435;2020-06-23
138559;2016-11-09
337285;2022-05-10
329755;2021-12-15
286042;2021-11-11
119203;2016-06-12
250903;2020-10-06
394797;2023-10-12
273137;2022-09-22
398936;2023-06-21
246993;2020-05-09
155042;2018-01-05
166033;2021-12-01
91516;2015-11-10
40428;2019-06-30
87162;2015-11-13
192498;2020-07-03
198849;2018-11-03
216186;2023-11-04
300454;2021-06-26
129200;2017-02-01
327005;2022-12-25
207384;2019-06-04
180438;2019-07-11
17301;2019-05-08
54454;2017-09-06
323435;2022-01-23
298480;2023-05-24
272770;2022-02-01
147411;2017-10-10
265195;2021-02-18
18711;2021-11-04
147683;2022-05-05
382753;2023-05-09
37540;2015-12-08
74927;2018-04-11
206078;2019-08-14
231140;2020-09-02
235844;2020-10-09
211660;2019-06-18
159836;2018-08-07
171572;2020-05-19
265538;2020-11-05
127323;2022-01-21
180780;2018-11-18
24377;2017-11-08
120926;2016-08-06
195559;2021-06-03
381205;2023-05-19
45199;2022-01-18
366520;2023-01-10
211637;2019-10-04
244476;2020-03-07
251938;2020-05-14
69710;2017-08-15
99373;2016-01-02
263047;2023-07-04
205111;2019-11-05
227611;2020-10-07
203259;2019-07-26
144753;2017-04-05
336848;2022-04-02
274952;2021-02-03
193005;2019-01-15
191933;2023-01-03
211474;2020-03-03
145656;2017-11-03
214922;2020-05-19
33938;2021-08-17
251004;2021-09-07
126673;2016-11-03
241713;2020-07-23
46836;2017-12-13
132372;2016-09-02
267888;2020-12-16
158322;2017-07-04
396567;2023-08-16
393389;2023-06-21
327352;2022-05-27
376491;2023-02-04
221434;2019-07-09
343984;2022-07-19
60187;2016-01-02
361015;2023-05-03
179781;2018-09-20
270947;2021-06-03
36909;2019-08-03
256385;2021-11-03
219360;2019-07-19
362489;2023-06-08
410544;2023-09-06
16507;2015-10-04
5602;2017-10-12
154367;2017-09-08
11608;2015-12-02
52229;2018-04-03
412345;2023-09-20
314113;2022-05-19
190660;2019-07-16
127403;2016-07-20
112484;2016-09-02
347076;2022-10-18
346514;2023-02-02
297972;2022-01-12
222292;2019-07-16
187891;2018-07-11
134452;2017-01-11
243963;2020-10-10
141009;2017-10-06
22103;2016-03-14
224005;2022-02-11
309816;2021-12-11
318986;2021-10-15
375973;2023-10-05
136540;2019-01-10
108674;2017-09-19
74621;2018-03-17
166057;2018-01-03
324785;2023-03-07
353218;2022-10-05
345017;2022-05-17
323556;2023-08-12
223737;2020-09-18
373785;2023-01-25
170567;2019-10-16
195262;2018-11-15
353436;2022-12-01
117615;2016-09-02
55634;2016-05-05
370335;2023-08-16
303048;2021-10-05
253686;2021-01-20
203691;2019-03-05
386840;2023-06-12
111777;2016-02-03
275491;2020-11-03
243564;2020-11-03
191194;2018-08-23
27956;2017-08-18
115418;2017-06-21
307436;2021-08-21
143274;2018-07-21
94294;2015-10-06
119664;2023-02-01
374902;2023-01-03
2824;2020-05-06
290275;2021-06-16
790;2017-04-04
221416;2020-06-16
280061;2020-11-13
190613;2018-11-13
66076;2017-01-03
181398;2018-04-12
94660;2015-11-03
379576;2023-11-03
307645;2021-09-03
211636;2020-06-03
1241;2017-10-11
234538;2021-03-18
292596;2023-05-19
204393;2019-03-14
182853;2019-01-01
272268;2020-10-21
99686;2016-02-04
193330;2021-05-22
94035;2020-11-12
145751;2017-11-16
262880;2021-11-06
263652;2020-11-07
303958;2021-11-16
358981;2022-07-22
284132;2021-02-02
276884;2021-07-03
143991;2020-10-13
91468;2019-06-04
345538;2023-10-18
372419;2023-10-20
268591;2021-07-06
266723;2021-08-06
131548;2017-12-07
286472;2022-03-09
55059;2016-02-11
194867;2018-11-03
266884;2020-08-08
236780;2020-03-19
306101;2021-08-04
274625;2020-08-13
76682;2016-03-03
242768;2020-12-01
183929;2023-02-17
400688;2023-08-03
187219;2023-04-05
112616;2016-08-24
202963;2022-11-15
325960;2022-05-03
346442;2023-02-18
312191;2021-11-09
194508;2019-02-12
177028;2018-08-08
319235;2021-10-05
190095;2019-02-07
172419;2021-08-13
89566;2016-10-04
110462;2017-09-09
316912;2021-10-12
175961;2021-04-09
178974;2018-05-15
218692;2020-05-14
383900;2023-04-18
63832;2021-10-15
332534;2022-02-10
393717;2023-05-23
222824;2020-07-03
23785;2017-09-12
259541;2020-09-10
84169;2016-01-02
255287;2020-05-15
161456;2018-07-11
141116;2016-12-01
151798;2019-05-03
371499;2023-09-02
155829;2022-05-03
301863;2022-03-03
336876;2022-11-03
95286;2016-08-10
47654;2017-11-16
89845;2016-06-15
165915;2017-12-19
249947;2020-10-06
164939;2021-03-09
261133;2021-08-25
310425;2021-08-26
326414;2022-05-03
60957;2022-04-08
363765;2022-10-11
138132;2017-06-07
228538;2020-10-07
366952;2022-11-04
114579;2016-05-09
146301;2017-05-10
316572;2022-04-08
257669;2020-05-13
199375;2019-03-05
266855;2021-11-03
19398;2016-01-15
135915;2018-09-18
61947;2016-02-13
45465;2017-05-06
104680;2015-11-03
129997;2016-10-19
334161;2022-02-18
69557;2018-02-06
313114;2022-10-11
80768;2019-12-03
114779;2020-05-03
278668;2021-06-18
213497;2020-02-21
172570;2019-03-05
392558;2023-05-13
222323;2020-04-03
179460;2018-04-03
40339;2021-04-22
213561;2019-06-09
97453;2022-06-11
247159;2023-10-13
352933;2023-04-05
295729;2021-02-18
264118;2020-07-08
169948;2022-06-17
397492;2023-08-15
199987;2019-12-03
232843;2020-01-14
112642;2016-02-15
397552;2023-10-03
292014;2022-04-08
114131;2016-03-09
294720;2021-09-08
392519;2023-05-25
130099;2017-09-19
204315;2020-01-02
257137;2020-09-18
177090;2018-02-13
79927;2022-08-03
192123;2018-09-02
283372;2020-12-01
344078;2022-06-05
283889;2022-11-03
127604;2022-04-19
100879;2016-12-15
206402;2020-06-03
282960;2021-01-31
72243;2016-07-05
186077;2018-06-12
185508;2022-12-08
229096;2020-10-29
174348;2018-03-13
90528;2016-10-15
223576;2022-07-12
334116;2022-02-03
35955;2018-01-03
397241;2023-06-22
398320;2023-05-26
169863;2018-04-15
43196;2018-08-08
114492;2016-04-05
277470;2020-10-20
199370;2021-04-02
184026;2018-08-22
280075;2021-05-14
246655;2020-05-20
102144;2020-04-14
76820;2020-03-03
331032;2022-01-07
339455;2022-05-12
404503;2023-10-24
409494;2023-08-18
56071;2016-02-04
327408;2022-05-18
329295;2022-07-12
274709;2021-04-27
19929;2021-11-05
188833;2018-11-03
340469;2022-06-03
134478;2019-03-05
56709;2016-05-04
87147;2015-10-22
328659;2022-04-02
209045;2023-10-14
249449;2020-09-10
284175;2021-05-11
314408;2021-10-16
377999;2023-02-21
274080;2022-12-16
164555;2021-11-06
1105;2018-06-12
96548;2015-10-06
274835;2020-11-03
207057;2019-01-04
218754;2019-08-06
198203;2018-11-29
260114;2021-11-02
146959;2017-12-14
316052;2021-09-07
113188;2017-05-06
286736;2021-01-12
211475;2019-06-04
263560;2020-10-06
147508;2017-06-03
218183;2021-01-03
29293;2018-08-21
259354;2020-09-03
223298;2019-12-10
85438;2016-05-14
353821;2023-06-06
115239;2019-10-08
53001;2018-02-01
58666;2017-02-02
272038;2022-11-09
152591;2023-02-10
297088;2021-05-04
170033;2019-09-10
116556;2020-10-08
118607;2016-11-03
18599;2015-12-11
232767;2022-09-02
239660;2021-06-18
212484;2019-07-16
81139;2018-05-16
154758;2019-09-28
169527;2018-01-02
39980;2021-01-05
394686;2023-04-14
200925;2020-06-20
130048;2017-08-08
319870;2022-02-12
241939;2021-04-02
177558;2018-09-04
51041;2015-10-07
394772;2023-10-24
332507;2023-02-18
209347;2022-01-30
256584;2020-06-18
254476;2020-10-16
142876;2017-03-03
164746;2019-06-05
404613;2023-08-09
121522;2016-05-03
376786;2023-02-02
140480;2017-04-11
149318;2019-04-13
175295;2020-07-15
316208;2021-12-03
377825;2023-04-15
173609;2018-08-21
213431;2019-10-10
263265;2020-11-10
304070;2021-07-15
112668;2018-09-14
213364;2020-11-03
113713;2016-10-04
308781;2022-08-06
166809;2018-01-10
231676;2020-06-03
374580;2023-03-06
385956;2023-09-02
167248;2017-12-09
321468;2022-03-05
344652;2022-06-21
388186;2023-05-31
287415;2021-08-03
289659;2023-09-20
250850;2020-10-06
413717;2023-10-11
135478;2016-12-11
227580;2019-10-10
393230;2023-11-03
346104;2022-06-17
56230;2017-09-07
23586;2019-06-06
397139;2023-07-05
139097;2017-04-21
206484;2020-05-19
20896;2016-12-10
343284;2022-07-16
287039;2021-07-03
152578;2017-04-12
152620;2017-09-08
237865;2020-08-20
71597;2015-11-03
301703;2021-07-16
155512;2017-08-03
313350;2022-03-11
263847;2022-06-03
81698;2017-09-05
132448;2017-01-06
21662;2016-01-02
189493;2019-02-01
149984;2017-05-09
366932;2022-11-08
576;2016-08-18
92589;2016-10-22
325048;2022-07-19
127963;2017-09-05
17548;2016-11-05
346666;2022-07-05
114050;2017-02-03
94222;2021-05-19
345388;2022-07-17
371125;2022-12-15
331969;2022-04-05
170750;2017-12-01
211060;2023-01-18
6528;2016-02-02
302204;2021-09-02
264328;2020-08-05
257028;2020-08-05
356149;2022-08-18
260748;2022-03-03
247639;2022-01-19
154678;2020-04-02
317568;2022-04-12
404278;2023-08-05
43973;2015-10-13
343248;2022-07-05
75529;2019-08-03
44550;2021-12-02
278333;2023-09-18
370052;2023-04-26
304268;2023-10-10
126054;2017-02-01
344458;2022-08-18
239672;2020-09-02
371361;2023-04-04
128083;2017-09-02
257620;2020-04-08
104466;2022-03-08
90668;2016-02-03
235532;2020-07-24
238516;2020-03-01
327725;2023-01-03
159851;2017-12-07
169674;2018-12-11
272427;2022-07-01
11372;2016-06-04
153958;2017-08-12
359256;2023-05-05
263155;2021-01-05
181257;2019-12-17
181763;2022-03-05
103050;2016-02-18
284174;2021-02-16
40602;2017-08-09
377146;2023-06-03
120619;2020-03-13
161865;2017-09-12
237442;2022-11-09
157956;2018-07-17
181955;2018-05-17
332733;2022-03-16
270879;2020-10-09
172862;2018-03-06
209478;2019-03-07
270555;2021-03-03
96588;2017-03-03
280222;2023-08-03
305761;2021-08-12
154873;2017-11-10
136720;2016-10-13
313470;2022-03-22
189213;2018-07-05
5501;2018-11-07
387885;2023-08-10
241725;2021-01-01
265859;2020-10-06
368543;2023-07-05
238849;2021-01-05
182135;2018-10-05
295463;2021-11-23
306232;2021-09-02
160486;2022-08-20
46312;2022-07-05
173467;2018-05-03
248166;2020-07-03
27999;2015-12-13
61223;2019-05-03
249430;2020-08-14
204788;2020-05-09
352305;2022-07-19
96292;2016-07-20
276833;2021-12-18
406390;2023-08-03
233542;2020-10-20
352852;2022-10-21
341626;2022-06-08
48902;2015-11-17
162026;2018-01-01
16201;2016-02-03
357584;2022-09-20
252310;2020-04-02
215809;2019-06-15
404634;2023-11-03
146988;2017-05-03
364068;2022-12-15
30535;2016-03-11
43653;2016-10-20
260573;2021-12-11
405329;2023-07-04
351970;2022-10-05
96954;2015-12-22
218124;2021-07-24
353250;2022-10-12
321978;2021-11-03
214132;2019-11-07
240661;2020-10-10
304460;2022-01-25
189856;2019-05-08
141161;2020-12-01
237830;2020-02-02
273916;2021-01-07
231703;2020-09-02
108998;2018-04-03
58063;2022-09-06
301656;2021-08-03
167496;2018-01-10
305861;2022-02-01
34669;2015-12-02
161972;2020-09-02
155468;2018-04-12
207822;2019-06-20
247470;2021-08-04
120441;2019-08-03
335057;2022-10-18
54758;2016-09-06
287680;2021-06-26
347800;2022-07-03
64801;2017-06-15
314495;2021-10-14
364406;2023-08-03
268395;2021-01-01
386855;2023-06-21
389891;2023-10-20
225417;2020-08-05
246231;2020-09-04
24039;2017-06-03
305081;2021-12-22
105856;2017-02-07
321823;2022-09-22
300009;2021-05-11
5863;2018-09-04
202540;2019-12-03
170900;2020-06-23
378347;2023-06-21
161180;2018-10-12
326837;2022-07-13
112841;2016-08-18
234120;2022-03-03
219260;2019-06-04
294655;2023-07-04
96963;2017-06-20
131330;2016-09-04
147846;2017-05-03
375550;2023-06-06
396271;2023-06-08
81797;2015-12-16
109263;2023-07-06
247687;2023-10-04
144911;2021-02-12
48982;2016-09-06
155281;2018-01-17
4150;2016-09-03
145874;2018-09-20
253530;2020-11-04
157836;2017-09-02
194828;2020-08-18
411988;2023-11-03
91806;2017-02-09
219824;2019-08-03
197381;2021-10-05
191380;2021-04-14
352183;2022-06-03
349799;2022-12-15
175869;2018-04-03
38307;2017-11-21
215974;2020-06-03
403429;2023-07-04
146809;2021-03-09
249592;2021-06-03
100177;2015-11-13
60710;2020-05-05
411874;2023-11-04
276913;2021-04-02
324312;2022-04-06
31835;2018-05-03
181390;2023-06-06
278348;2023-04-11
258503;2022-01-01
179344;2018-04-03
85729;2017-10-05
317858;2023-02-01
278951;2021-02-02
270040;2021-06-29
257763;2020-05-12
209879;2019-04-21
143081;2017-03-04
100431;2023-09-06
23024;2016-11-03
331821;2023-10-06
175346;2019-08-09
242835;2021-01-13
342679;2023-07-22
23517;2016-09-02
329127;2022-04-12
264030;2020-09-03
34163;2022-04-12
313084;2021-12-01
118107;2017-11-24
244973;2020-04-02
61950;2015-10-06
144914;2017-09-19
86015;2016-04-09
298720;2023-01-04
402638;2023-10-24
245085;2022-02-01
164996;2019-01-03
177811;2022-04-07
150863;2017-12-01
258669;2022-02-02
354522;2022-06-14
175408;2018-11-10
40913;2017-01-03
178295;2018-10-05
359560;2023-06-03
227141;2019-09-03
229596;2020-12-16
119512;2016-11-03
191492;2018-10-14
192168;2019-05-21
401822;2023-08-22
10358;2021-05-20
293586;2021-04-15
271994;2021-04-02
243622;2021-04-08
247443;2022-07-20
333777;2022-03-03
339546;2022-03-03
61384;2017-03-03
43753;2015-11-03
324510;2022-11-03
105586;2020-06-03
33002;2016-01-02
104099;2016-06-08
392523;2023-06-22
269177;2020-08-22
72123;2016-07-19
146455;2023-01-19
58749;2015-11-04
275582;2020-12-10
149480;2019-07-18
176115;2018-07-04
233706;2020-01-19
344019;2022-04-12
190616;2020-12-05
367209;2022-12-02
198420;2020-12-03
390302;2023-05-16
122501;2018-04-03
334166;2022-02-09
341232;2022-04-05
50834;2016-04-05
186772;2018-10-06
150041;2017-11-03
160584;2019-06-11
220581;2020-06-03
224093;2019-09-03
337704;2022-05-22
395253;2023-09-20
220978;2020-01-03
243583;2020-04-07
170420;2018-03-06
390236;2023-05-19
307731;2022-01-19
45706;2017-02-11
168079;2018-02-01
140902;2017-05-09
373230;2023-06-21
370447;2022-12-22
174180;2022-07-06
241519;2021-12-04
226760;2020-05-13
274986;2020-08-22
156227;2019-03-12
76524;2021-04-15
148307;2017-05-02
411800;2023-10-17
137239;2016-12-20
263310;2020-06-23
22897;2016-02-12
377963;2023-02-15
314414;2021-08-12
12125;2019-10-19
253063;2022-07-05
327171;2023-05-06
182800;2018-05-16
268610;2020-10-20
255993;2021-11-09
212866;2021-08-27
195777;2018-11-21
373736;2023-02-04
273615;2020-11-05
389428;2023-07-11
407418;2023-08-16
191716;2019-08-03
182105;2018-10-10
148472;2020-09-08
192216;2019-11-05
135981;2021-01-19
188468;2019-12-03
243570;2021-12-01
390860;2023-05-09
264530;2021-03-03
261595;2020-07-21
345036;2023-02-01
269192;2022-11-03
143583;2021-03-23
264910;2021-03-16
220709;2019-06-04
145518;2020-08-19
167123;2018-02-03
369972;2023-04-07
406117;2023-10-14
225615;2022-04-23
58127;2016-04-06
182631;2019-10-04
274575;2021-06-12
14847;2017-11-03
145031;2017-05-17
91753;2017-02-09
153100;2018-01-09
162396;2018-02-01
219128;2020-06-03
310522;2022-08-20
68229;2016-07-15
60322;2016-03-03
99940;2017-02-02
191395;2018-07-20
128873;2017-06-03
360977;2023-03-07
93393;2018-01-05
390361;2023-06-03
368215;2023-04-04
88656;2017-03-10
354130;2022-09-08
41074;2019-03-06
177240;2019-03-05
1242;2018-10-04
23068;2018-03-07
179842;2018-05-03
50712;2018-06-12
196760;2018-12-17
344577;2022-12-01
231194;2019-12-04
189407;2023-06-03
138914;2017-08-12
133869;2016-10-13
275992;2021-09-18
168170;2018-01-02
166122;2018-03-08
294329;2022-06-21
287157;2022-12-16
125297;2016-08-15
309343;2021-12-01
270779;2020-11-03
93821;2016-04-14
165750;2022-03-08
137301;2018-06-20
369833;2023-02-11
239006;2020-10-06
121443;2016-05-14
329052;2022-01-01
194528;2019-11-14
313342;2022-06-03
252470;2020-05-05
129060;2016-06-22
277046;2021-06-03
260768;2021-10-12
310117;2023-08-03
111446;2016-04-02
284514;2021-12-01
274932;2020-12-02
290209;2021-10-21
401933;2023-09-05
162785;2023-01-17
110375;2016-06-04
91466;2016-11-04
389036;2023-06-03
226117;2022-10-13
23424;2021-04-03
255864;2020-09-18
214332;2019-05-07
251882;2023-08-03
221791;2022-03-23
164697;2022-04-16
220500;2019-08-06
85561;2018-09-06
112108;2016-01-21
340836;2022-04-21
324545;2023-04-04
385170;2023-10-04
246312;2020-04-08
321013;2023-04-05
150917;2017-06-03
378136;2023-02-02
144783;2021-07-09
354855;2023-02-01
218163;2019-08-20
203935;2018-12-12
268178;2020-08-01
51145;2015-10-06
35702;2021-08-12
161516;2019-07-12
239491;2021-10-13
203715;2019-03-20
262568;2021-02-02
232048;2019-12-17
155124;2019-03-12
43912;2021-12-04
142167;2017-06-13
403677;2023-07-07
364421;2022-12-02
197987;2019-04-12
37637;2016-05-04
284712;2020-12-01
224309;2020-01-22
189122;2018-07-03
59051;2017-05-17
88581;2018-02-13
294252;2021-06-03
244096;2020-04-14
398015;2023-07-05
222103;2019-09-03
98528;2017-11-03
235913;2020-03-10
66729;2015-10-13
405434;2023-10-05
330254;2021-12-01
96691;2017-02-03
236355;2019-12-25
326809;2022-05-10
185257;2018-12-21
351746;2022-11-03
295300;2022-01-22
184011;2020-05-13
363157;2023-09-02
134286;2017-05-03
72166;2017-04-04
128758;2017-01-06
150542;2017-05-03
361537;2022-09-20
118807;2020-09-11
68260;2023-03-03
65442;2015-12-02
302223;2023-03-03
349972;2023-01-17
28092;2015-12-15
416918;2023-11-03
103563;2016-03-03
144599;2017-08-11
319964;2021-10-05
39719;2020-08-14
219885;2019-09-19
289050;2022-10-04
269844;2021-11-03
262749;2020-09-18
140092;2017-08-09
112761;2017-12-14
80801;2022-07-15
383327;2023-06-14
202034;2019-06-06
137066;2019-02-12
86632;2022-03-08
337951;2022-06-10
396091;2023-06-20
221606;2019-07-03
52519;2016-08-11
245756;2021-03-09
264254;2020-11-05
308985;2023-04-18
274223;2022-01-12
279515;2022-04-20
329431;2022-01-31
287350;2021-12-01
236127;2020-02-09
277038;2023-02-15
276419;2020-11-03
359006;2023-02-01
259481;2020-10-10
81793;2015-11-03
360741;2022-11-03
251617;2020-05-08
96751;2016-01-09
274404;2021-10-21
268822;2020-07-09
43691;2017-01-05
204587;2019-07-07
188665;2019-01-18
277625;2021-05-21
214675;2019-07-23
420294;2023-11-03
107064;2016-10-21
403891;2023-08-10
192405;2020-03-03
154952;2018-10-16
285902;2021-02-02
197168;2018-10-11
327524;2022-06-09
294136;2021-07-06
300348;2021-07-14
191481;2020-04-02
164081;2017-09-18
69655;2016-12-06
149164;2017-10-28
264921;2022-01-12
345256;2022-07-16
187667;2018-09-02
193495;2019-03-05
264727;2023-08-15
342445;2022-12-01
315947;2022-03-08
250767;2021-05-05
49904;2017-01-13
316560;2022-07-05
134699;2020-03-03
136768;2016-09-20
90073;2021-07-24
376986;2023-05-03
252281;2020-05-05
294221;2021-04-13
119919;2018-10-04
316645;2022-02-17
327008;2022-06-04
151395;2017-06-06
131606;2017-03-07
369208;2022-12-01
352105;2022-12-01
408345;2023-08-03
379796;2023-04-15
143563;2017-06-20
129624;2016-11-17
300803;2021-08-25
327257;2021-12-17
107222;2016-07-22
84841;2015-10-22
218197;2019-08-25
18483;2016-08-03
104404;2016-11-16
5741;2016-12-01
87672;2016-05-20
193483;2020-01-09
139237;2018-04-03
121712;2016-05-21
37025;2015-10-14
201652;2019-02-17
37379;2016-01-05
264700;2022-10-11
131102;2016-09-06
301046;2021-07-03
216853;2020-12-16
147142;2017-08-03
104216;2016-01-08
299007;2021-10-19
203306;2020-06-03
338838;2022-08-03
400521;2023-10-18
139541;2018-09-06
372476;2023-04-02
49684;2016-05-04
190605;2018-07-06
212642;2021-02-27
247736;2020-06-09
229016;2019-10-18
175067;2018-04-04
274997;2020-09-02
284152;2021-02-02
402393;2023-06-15
218112;2019-12-03
64431;2020-07-07
190249;2021-03-25
232683;2020-03-12
244679;2021-03-18
10591;2016-08-13
281180;2021-02-03
46264;2021-05-11
55147;2016-09-06
233901;2020-07-09
290321;2022-02-01
284865;2021-12-17
169024;2019-08-09
218445;2023-02-17
146486;2017-06-06
211112;2019-11-05
398368;2023-08-08
300880;2021-12-01
45052;2016-08-16
337091;2023-07-06
142877;2017-01-03
108525;2016-01-15
117818;2022-06-16
219266;2019-09-17
290548;2023-06-08
32076;2021-03-13
317263;2022-03-03
397734;2023-06-23
355224;2023-03-03
259629;2021-09-02
237962;2020-05-21
268205;2020-08-08
230781;2021-05-04
395516;2023-07-18
82842;2016-12-06
390825;2023-08-25
52651;2015-10-06
182675;2022-05-03
191472;2019-12-20
166644;2018-12-14
145367;2018-10-06
290401;2022-03-10
134441;2016-09-02
86051;2015-12-18
33559;2015-10-06
279786;2022-02-01
131903;2017-03-07
211496;2019-04-17
167166;2018-08-14
289286;2022-07-06
372853;2023-05-03
68492;2020-06-12
176943;2019-06-04
368494;2023-05-12
392014;2023-10-12
252495;2020-05-07
100964;2022-02-19
139708;2017-02-02
276278;2020-11-03
7570;2015-11-03
365686;2023-06-13
158385;2017-09-19
242414;2020-05-07
195045;2018-09-04
411500;2023-09-05
321882;2021-12-14
100930;2016-12-16
334033;2022-05-03
26214;2016-02-02
306521;2021-07-20
178494;2018-09-04
48081;2019-08-06
360415;2022-11-02
102366;2015-12-03
400433;2023-07-05
313729;2021-08-03
77103;2019-10-22
371864;2022-12-01
308916;2021-08-05
155019;2018-04-18
381537;2023-02-01
399223;2023-05-24
345621;2022-07-15
306520;2021-06-08
316019;2022-02-01
161224;2017-11-16
283576;2020-12-01
108700;2016-10-04
176543;2018-04-21
246290;2021-06-12
171096;2019-09-06
92247;2015-10-10
170239;2019-07-16
369023;2023-01-03
268251;2021-04-17
96273;2017-10-07
133868;2016-11-03
215982;2020-02-04
20775;2019-04-02
26757;2018-11-14
379189;2023-04-07
155781;2019-07-20
171078;2017-12-19
300417;2021-05-24
362310;2023-08-03
211824;2019-04-09
121825;2019-06-25
141573;2018-02-02
199491;2020-09-10
303507;2023-05-12
185167;2018-05-23
45219;2015-12-17
296981;2021-08-07
397058;2023-05-24
284055;2021-02-14
7101;2018-10-16
403134;2023-06-21
93385;2020-11-17
402176;2023-09-02
349398;2023-01-03
326677;2022-04-02
172775;2017-12-20
106667;2019-06-01
277639;2021-02-02
49162;2015-12-02
393434;2023-04-19
87968;2017-08-03
166258;2017-10-13
138582;2016-11-03
296708;2021-05-08
178454;2022-02-08
200304;2019-06-20
145191;2018-04-11
366550;2023-02-22
144145;2019-11-05
16081;2016-04-21
149142;2018-07-10
254976;2020-06-23
165445;2023-05-24
272071;2020-10-13
24978;2019-05-10
350944;2023-10-07
186616;2019-04-03
138438;2019-02-01
215783;2019-12-17
183292;2018-10-04
265447;2021-04-08
37455;2016-03-05
115920;2016-05-04
264024;2020-09-10
193925;2021-08-25
309396;2021-06-22
192165;2018-09-04
157028;2018-02-01
56663;2016-04-15
35142;2019-08-07
373755;2023-01-03
239321;2022-09-15
305216;2021-07-06
217934;2019-09-03
237887;2023-08-22
278433;2021-04-02
120900;2016-05-03
154764;2017-11-14
135888;2017-01-03
69294;2018-05-09
184009;2018-05-03
188747;2019-02-05
124415;2016-05-21
119510;2017-02-04
172102;2018-11-06
181021;2018-11-21
226539;2019-11-05
391248;2023-06-16
119927;2018-01-02
263133;2020-07-15
315074;2022-04-06
48138;2016-01-14
162945;2017-09-08
299520;2021-06-08
359798;2022-12-01
205103;2020-05-22
287676;2022-04-23
83663;2016-05-03
196902;2018-12-09
360457;2023-02-08
266330;2021-01-09
272408;2021-02-13
134047;2016-10-12
125393;2022-02-19
330693;2022-12-01
103053;2016-09-08
232168;2023-02-03
292414;2021-10-26
341584;2022-07-16
253305;2020-06-03
187906;2018-09-04
274054;2020-11-03
117812;2016-04-19
68267;2018-11-03
391481;2023-09-19
222218;2020-07-10
29327;2019-10-09
78301;2020-12-01
242526;2022-10-04
104338;2016-05-05
192034;2020-05-13
201158;2019-07-03
318167;2023-07-24
62688;2016-06-07
250496;2021-01-01
413384;2023-11-03
234618;2022-12-01
351354;2022-07-05
254482;2020-05-05
270646;2021-03-20
144150;2017-01-19
31357;2016-08-10
256878;2020-05-20
232153;2020-12-01
197362;2019-03-05
221027;2019-09-18
135076;2017-08-16
174512;2019-04-04
215215;2022-09-07
257267;2020-09-10
82992;2023-10-14
62530;2016-10-11
30380;2016-08-05
177160;2018-03-07
160745;2022-03-08
149845;2018-03-06
138554;2023-02-21
154732;2017-08-01
169298;2018-01-05
197255;2019-03-13
124064;2019-09-19
335176;2022-02-01
97000;2017-06-13
6825;2017-11-07
213996;2023-10-17
164797;2018-08-21
121622;2019-12-13
207243;2021-04-02
348738;2022-07-05
206547;2019-06-14
209938;2021-01-07
262855;2022-05-03
339390;2022-03-04
244429;2021-05-18
385012;2023-08-08
227901;2020-11-11
80701;2016-07-08
165418;2018-05-03
148796;2017-04-12
281104;2022-04-13
325615;2022-01-04
265280;2020-10-20
100401;2016-01-02
325902;2022-04-23
212517;2020-08-06
184802;2021-04-03
309890;2021-09-02
107527;2016-10-21
59960;2017-12-01
384132;2023-07-06
336040;2023-10-04
376382;2023-01-10
169796;2018-06-05
390047;2023-04-07
59532;2019-09-19
155524;2017-08-03
183355;2022-12-15
290381;2021-04-03
206596;2019-12-04
384768;2023-02-21
318882;2021-09-17
321696;2022-12-14
379213;2023-06-14
217946;2021-05-06
391449;2023-09-12
350429;2022-11-09
350789;2022-06-14
26268;2020-12-09
238846;2020-05-05
113667;2019-04-03
87748;2015-12-12
54514;2015-10-16
360378;2023-11-03
223503;2022-09-20
201989;2019-07-05
192264;2020-05-19
268779;2021-02-02
352364;2022-08-11
330606;2023-06-14
65836;2021-09-07
23469;2015-11-12
350217;2022-10-20
364024;2023-10-05
178779;2018-09-04
240279;2021-11-03
264815;2020-08-05
295459;2022-05-24
61877;2022-09-14
184528;2020-05-06
276478;2020-11-10
157862;2018-08-03
177749;2023-04-14
29067;2015-10-24
216294;2019-10-08
218307;2019-06-04
375111;2023-03-07
213457;2019-04-10
192163;2018-10-04
114413;2018-03-15
43189;2017-08-31
192110;2018-09-04
22469;2016-01-12
102067;2016-12-01
186393;2021-02-13
214464;2019-07-03
239016;2020-06-03
32622;2016-06-24
264068;2022-05-12
131543;2020-11-18
397024;2023-06-03
141279;2020-10-16
162347;2017-11-15
246018;2020-08-05
88381;2016-03-09
264124;2021-04-09
255190;2021-06-19
357674;2022-08-10
68046;2016-01-02
89451;2021-01-05
233450;2020-08-07
40499;2016-03-11
38739;2017-07-19
46171;2017-02-01
386071;2023-09-06
294706;2021-04-02
329234;2022-02-11
149855;2019-02-01
108105;2016-02-02
112492;2018-12-14
306576;2021-07-10
386759;2023-09-05
280656;2021-09-23
380237;2023-04-04
88150;2020-07-03
143362;2017-09-05
173121;2020-08-18
212529;2019-05-05
318057;2023-08-22
244457;2022-12-09
102570;2015-12-19
360650;2022-09-13
210456;2020-05-15
23791;2015-12-03
283852;2022-09-02
99029;2018-06-06
303971;2021-12-09
64266;2016-02-02
191200;2019-05-14
149303;2017-05-06
318747;2021-11-03
238922;2020-08-18
350739;2022-07-05
177759;2018-05-10
191288;2018-09-18
100133;2016-07-18
390586;2023-06-20
388546;2023-05-23
330111;2022-05-03
159031;2017-08-09
304793;2021-10-19
56068;2019-12-21
108217;2017-08-03
262676;2020-06-10
242988;2020-03-03
189884;2018-08-03
138000;2017-12-07
1012;2019-07-12
119136;2017-09-06
270628;2020-08-05
399379;2023-08-08
401940;2023-06-14
364587;2022-12-20
19917;2016-10-08
308732;2021-06-15
379217;2023-02-14
315096;2023-10-10
131957;2017-09-19
184233;2019-07-03
164604;2020-04-15
109923;2017-05-03
244694;2021-08-25
174982;2018-11-07
7753;2016-04-02
219900;2021-03-03
32327;2017-09-13
113056;2016-12-03
323664;2023-03-17
356559;2022-10-23
214954;2019-10-08
209713;2019-04-23
96418;2016-04-09
315606;2021-10-12
252175;2020-04-02
358764;2022-09-06
10401;2019-06-04
253093;2021-01-19
248057;2020-09-02
88786;2017-08-03
270107;2022-01-04
49169;2021-01-12
340675;2023-04-25
186750;2018-06-15
161143;2017-08-31
381100;2023-02-04
87336;2015-11-05
152238;2019-07-03
367476;2023-05-04
347923;2022-05-05
85201;2023-05-25
192186;2018-09-19
386076;2023-03-16
231082;2022-04-05
364407;2023-02-21
212415;2019-04-02
153215;2018-07-03
303063;2021-10-19
279905;2020-11-11
237697;2020-08-05
386944;2023-05-31
143446;2021-09-17
218415;2021-01-12
329155;2023-08-08
366828;2023-02-23
229296;2019-10-24
368503;2023-01-12
301931;2021-07-07
55742;2015-12-02
323321;2023-06-03
51619;2015-10-06
314741;2021-12-16
412881;2023-11-03
171936;2017-12-12
171824;2018-07-05
385432;2023-05-16
212815;2020-11-10
305957;2023-08-15
129479;2016-09-07
226612;2019-11-15
105843;2020-03-05
8374;2021-11-20
55676;2016-08-12
333212;2022-03-03
111324;2019-03-07
152585;2017-07-13
37398;2017-02-03
311546;2022-03-19
189824;2019-11-05
2041;2018-01-12
223697;2019-06-12
323872;2022-01-23
289824;2021-04-04
133926;2016-09-06
51077;2016-10-12
139585;2017-03-03
134392;2023-07-18
300118;2021-08-07
313305;2022-04-15
355894;2023-10-04
270936;2021-04-24
311548;2022-08-17
150615;2017-06-03
325553;2022-02-01
253111;2020-05-12
403483;2023-06-23
294766;2021-06-03
61434;2018-10-20
258079;2023-04-08
317995;2022-02-04
375815;2023-08-09
132646;2018-05-09
290895;2022-03-03
165255;2018-05-17
150689;2017-07-04
193297;2018-11-04
306862;2022-03-15
355706;2023-07-20
303032;2021-04-16
365988;2023-01-05
160206;2017-07-18
81180;2018-11-03
86142;2017-02-14
111187;2016-04-02
98237;2017-09-19
285365;2021-08-03
24053;2016-01-02
166845;2019-12-04
5916;2017-07-04
209530;2021-01-08
249131;2023-06-17
282350;2022-09-06
372333;2023-10-10
260358;2020-06-18
330634;2022-03-22
378439;2023-04-02
339193;2023-10-17
126832;2016-06-14
90074;2015-10-06
216235;2019-10-12
160711;2020-03-03
241491;2020-02-04
246104;2021-02-02
182944;2018-06-07
351382;2022-10-04
343153;2023-06-21
176682;2019-08-07
280704;2020-12-01
38159;2015-12-04
93959;2020-09-10
255882;2021-03-10
198802;2018-12-11
251835;2020-05-19
390634;2023-04-07
381164;2023-10-19
21478;2021-07-16
413244;2023-11-03
162025;2018-11-13
268476;2021-04-20
141868;2017-05-03
264686;2020-11-03
178415;2018-03-03
191039;2019-05-14
167445;2019-02-20
198864;2019-02-09
172918;2018-04-10
96816;2017-08-03
335592;2022-06-17
62525;2022-05-17
178457;2018-02-13
117858;2018-10-20
223570;2019-07-04
346081;2023-05-03
241189;2020-06-12
151703;2018-04-06
368253;2022-12-01
123225;2018-06-13
387619;2023-04-15
201956;2019-10-05
96819;2019-06-06
32964;2019-06-04
121472;2021-08-03
348994;2023-03-04
338665;2022-03-23
90514;2015-11-14
95646;2016-05-20
224502;2021-01-01
164271;2023-09-02
330139;2022-06-03
188670;2019-01-17
116007;2018-04-03
136603;2017-04-15
235591;2020-09-08
239196;2021-09-17
91522;2016-03-23
173027;2018-01-02
298995;2021-10-13
10927;2022-03-03
397077;2023-06-24
208910;2021-04-02
199148;2019-04-04
244983;2020-03-17
44218;2017-07-06
300475;2021-05-07
154362;2019-07-23
144803;2017-09-02
181798;2019-10-08
175280;2019-05-22
228596;2020-01-25
7557;2016-04-07
39770;2015-11-05
383905;2023-03-11
296756;2021-05-11
142113;2017-10-14
87167;2015-11-17
128143;2019-03-20
414364;2023-10-06
222851;2020-09-02
271587;2021-08-15
281541;2023-03-15
248016;2020-07-03
88948;2021-05-11
375449;2023-02-22
319465;2023-02-15
186091;2018-09-04
306884;2021-09-11
80914;2015-11-05
281860;2021-07-08
102698;2016-12-03
52172;2015-12-02
130054;2016-09-21
184251;2018-11-09
5426;2018-05-08
410162;2023-09-02
346516;2022-05-17
176342;2019-12-03
146131;2017-02-09
354225;2023-02-02
333367;2022-12-01
174671;2020-11-11
134704;2016-10-04
114853;2019-02-05
58649;2016-02-02
119903;2020-03-18
220173;2019-07-04
186048;2021-06-18
400129;2023-07-04
54310;2018-01-02
108444;2015-12-09
262713;2023-02-08
283691;2021-06-23
383390;2023-03-30
327020;2022-05-03
310613;2023-09-02
278493;2020-11-13
363838;2023-04-19
272988;2020-10-08
195730;2018-09-08
71401;2020-02-12
226849;2019-10-06
227674;2020-03-03
292894;2021-10-08
364107;2022-10-19
303913;2021-06-17
221325;2020-09-18
380567;2023-05-03
246154;2020-05-19
321986;2021-12-01
152453;2017-12-01
58554;2016-04-13
103571;2017-01-03
246621;2021-01-12
386362;2023-10-04
63606;2018-04-03
207475;2023-04-04
104047;2016-01-08
346377;2022-10-20
395360;2023-09-20
80913;2017-06-20
145723;2019-01-08
53079;2021-09-07
307667;2021-07-20
162122;2022-01-06
225989;2019-10-20
278963;2022-05-03
83055;2017-06-17
243926;2021-06-15
275024;2020-08-21
135031;2016-12-01
51989;2015-10-06
319548;2021-09-24
244213;2020-02-20
330188;2022-09-02
143486;2017-09-02
250001;2020-09-18
299137;2021-06-19
158769;2018-02-07
169779;2018-02-08
283398;2023-02-01
347842;2023-07-05
176013;2018-05-03
99739;2020-07-16
341564;2023-01-03
278828;2020-12-19
233353;2020-03-10
33093;2017-10-15
104472;2016-01-02
126836;2016-07-31
49654;2017-06-03
57701;2016-06-15
93641;2015-12-02
138820;2017-02-05
157769;2017-08-31
286955;2020-12-03
198840;2021-06-15
133056;2017-05-03
266593;2021-09-09
360746;2023-01-05
142215;2019-10-05
302570;2021-08-10
60034;2016-02-06
269078;2020-10-18
342152;2022-06-08
33341;2017-05-16
232298;2020-10-07
154901;2019-01-16
31491;2016-05-04
129801;2017-09-08
305568;2022-03-03
131576;2017-03-03
153576;2017-11-10
78673;2022-09-13
343894;2023-09-02
310306;2022-12-09
101958;2018-02-06
117375;2016-05-03
168207;2020-04-17
80329;2015-10-09
363929;2022-10-06
226934;2020-11-03
225640;2019-10-17
38535;2016-03-08
211719;2019-05-14
409334;2023-10-04
388606;2023-04-06
259940;2022-12-13
124443;2017-02-07
245955;2021-08-06
205612;2019-02-13
124947;2016-12-16
151428;2017-07-04
291651;2022-03-03
150889;2018-09-18
98586;2016-01-15
334428;2022-07-12
232912;2021-03-12
44000;2016-12-01
273607;2021-04-13
25764;2019-06-19
248081;2020-08-05
233660;2021-05-08
306514;2021-06-03
289530;2021-04-16
106658;2022-07-05
326212;2021-11-10
333491;2022-03-08
4284;2019-02-12
254266;2020-10-10
289919;2021-11-03
369016;2023-02-10
118190;2023-10-18
259278;2020-06-25
110222;2018-11-13
289639;2022-11-08
311520;2021-08-05
176054;2018-05-17
272967;2021-09-07
241844;2020-02-18
304891;2022-10-06
154320;2019-02-06
164603;2020-04-08
396201;2023-10-05
260166;2020-08-05
188727;2018-11-20
57883;2015-10-06
190111;2020-09-11
204987;2019-04-02
140163;2022-11-03
148429;2017-05-05
148259;2017-06-14
141389;2017-03-06
65499;2017-05-03
262605;2020-08-05
261869;2020-10-21
154684;2017-07-04
339553;2022-09-13
287817;2021-03-03
224834;2021-09-21
320608;2022-02-01
327383;2023-04-08
89346;2020-12-11
107818;2016-01-12
247956;2020-09-18
95080;2023-01-04
197831;2018-11-14
317066;2021-12-16
263243;2020-09-02
240858;2020-03-01
308056;2021-12-21
65558;2016-02-10
260820;2022-10-04
132446;2016-10-08
364030;2022-10-22
381243;2023-03-03
179156;2019-09-05
363390;2023-01-10
258293;2022-10-05
250381;2023-10-24
112802;2022-09-13
179811;2019-12-07
277629;2020-12-01
19286;2016-07-20
317783;2021-09-21
144249;2019-08-07
98643;2015-11-11
135936;2018-09-06
104142;2017-02-09
260598;2020-07-15
232573;2021-09-10
186668;2019-10-04
178403;2020-02-04
188124;2022-01-22
84577;2015-12-12
136846;2017-09-20
171948;2018-03-08
263152;2021-05-11
381760;2023-01-19
207474;2019-03-20
16711;2019-06-11
410843;2023-11-05
228335;2019-08-20
79883;2021-03-16
279529;2020-11-03
287358;2021-01-09
30580;2016-04-02
332350;2022-05-19
215159;2019-05-10
279240;2020-10-21
382883;2023-06-13
229998;2021-10-05
214702;2020-10-16
368519;2023-05-27
286821;2021-09-18
191334;2019-03-19
357070;2022-08-03
75668;2017-08-16
162346;2022-06-08
204680;2022-12-10
354216;2022-10-14
187404;2018-11-23
229449;2021-10-16
370338;2023-01-03
273232;2021-08-03
259530;2020-08-05
319199;2021-12-01
115270;2021-11-10
323826;2022-03-10
323440;2022-02-17
233922;2022-04-08
281577;2021-05-22
95952;2015-12-02
218370;2019-06-05
79101;2019-07-10
258445;2021-07-08
190440;2018-08-24
271472;2020-09-08
181571;2018-07-19
378580;2023-04-02
99914;2015-12-03
310571;2022-02-12
103923;2016-06-08
203120;2019-02-01
108171;2016-08-10
179000;2019-04-19
192555;2019-01-04
197759;2020-07-22
321840;2022-01-21
160634;2020-10-22
324734;2022-10-19
203937;2021-04-02
328421;2022-02-09
321933;2023-11-03
134989;2022-04-05
72967;2016-03-08
146075;2018-10-09
48591;2015-11-03
299506;2023-01-12
158580;2021-02-05
104536;2016-01-02
351568;2022-08-20
328170;2022-02-01
300605;2021-07-18
204498;2020-08-06
165704;2017-10-14
241195;2019-12-20
162163;2018-04-12
99883;2016-07-06
210830;2019-04-16
135894;2017-02-14
282381;2022-06-03
400244;2023-06-03
248040;2021-01-15
180104;2019-09-11
361556;2022-11-04
323204;2022-09-13
45439;2020-09-08
331146;2023-09-22
2785;2018-08-15
307390;2021-11-17
308565;2021-07-03
317125;2022-02-04
53753;2015-11-14
173931;2018-01-09
265544;2020-12-01
114410;2018-04-13
220926;2021-09-04
71591;2020-01-02
74499;2016-11-03
240196;2021-09-08
351227;2022-10-11
400863;2023-05-11
6503;2015-12-08
315168;2021-09-24
167085;2018-04-17
228131;2021-03-03
22084;2016-01-02
325218;2022-05-03
204898;2019-03-03
193998;2018-11-25
150520;2019-08-03
209473;2020-07-17
106270;2015-12-09
191203;2018-10-14
327656;2022-05-10
335201;2022-09-20
312089;2023-06-20
320208;2022-03-03
3762;2016-02-02
118232;2016-07-20
245425;2021-06-03
138837;2019-04-13
217640;2022-01-20
137193;2018-06-05
46586;2018-05-03
350229;2023-10-20
313035;2023-09-02
361954;2023-02-10
264613;2021-07-16
222019;2019-08-13
246869;2020-12-01
384358;2023-03-24
128250;2016-07-27
167128;2018-01-02
36242;2018-03-07
379994;2023-02-01
313355;2022-03-03
173083;2018-12-14
117140;2019-12-03
111885;2019-02-19
302227;2022-09-02
195599;2020-08-07
79552;2015-12-02
126480;2017-01-01
29361;2016-09-06
395935;2023-09-08
313039;2021-12-09
142516;2018-01-10
153666;2019-11-14
167417;2018-02-07
311978;2021-07-09
180170;2022-01-06
380870;2023-03-03
96390;2015-11-11
273823;2021-05-11
72472;2020-02-04
385111;2023-07-22
48980;2017-12-08
396918;2023-06-03
84734;2016-09-07
256951;2021-04-10
174534;2020-06-10
137603;2016-11-16
282648;2020-12-08
220077;2019-11-05
357675;2022-08-06
186526;2020-08-18
64411;2016-08-09
128071;2020-08-06
52750;2015-11-14
123779;2016-05-20
179711;2023-08-10
180072;2019-11-07
252798;2020-04-16
194753;2018-11-25
289641;2023-08-15
130251;2018-11-15
180650;2021-02-02
341691;2022-06-03
16969;2018-03-13
397541;2023-05-25
241888;2020-02-04
301177;2021-11-03
46254;2017-10-05
232591;2020-02-11
278691;2022-12-01
223355;2019-11-08
112037;2016-06-03
128345;2016-08-10
114191;2016-12-13
151751;2018-09-04
73153;2021-02-03
175817;2020-07-10
221977;2019-11-05
378611;2023-10-05
365920;2023-03-03
393195;2023-04-13
320642;2021-11-03
57804;2019-05-03
34869;2017-08-12
36729;2019-05-14
29095;2016-05-14
290018;2022-05-21
104288;2016-02-02
358268;2022-10-13
38742;2015-12-10
59731;2015-11-03
63014;2022-07-13
304150;2022-07-08
190191;2018-07-19
354861;2023-02-01
307845;2021-07-24
305273;2022-02-04
320372;2022-08-09
392672;2023-08-10
368076;2023-11-03
371833;2023-01-03
218697;2020-01-25
102275;2016-12-02
347198;2022-09-07
407771;2023-10-05
174792;2018-10-13
401956;2023-10-05
290650;2021-03-12
171893;2018-11-03
196213;2022-07-19
199163;2019-07-19
132168;2016-11-03
394178;2023-10-04
345924;2022-12-09
317151;2022-11-09
142224;2020-02-14
285828;2021-04-20
188261;2021-02-02
42542;2017-05-19
188644;2019-02-15
66975;2016-04-05
146673;2017-05-16
343569;2022-03-15
224829;2020-12-02
137092;2017-09-15
358410;2022-09-02
160446;2018-04-04
137713;2017-07-04
395051;2023-05-19
153453;2017-05-04
202956;2018-11-16
15972;2015-10-09
44731;2016-12-14
164422;2018-04-10
181727;2020-03-10
193193;2021-12-09
187558;2021-01-19
190187;2019-03-05
120889;2017-11-18
105624;2017-12-08
48536;2015-11-19
91865;2016-11-09
110405;2016-05-07
287641;2021-07-03
245220;2020-06-04
374127;2023-03-19
395227;2023-05-03
11947;2020-03-04
106835;2019-10-08
311139;2021-07-09
321998;2023-06-03
110263;2022-04-26
201115;2019-08-03
163613;2020-03-05
240909;2020-04-02
262422;2020-05-08
302352;2022-02-03
322573;2022-04-02
126968;2017-12-13
259400;2020-06-03
170738;2021-02-02
167428;2017-12-20
362640;2022-10-13
105180;2016-05-14
16508;2017-11-18
381374;2023-05-16
125313;2017-09-13
257946;2021-10-06
27162;2018-12-04
190816;2019-10-15
228855;2020-08-19
206624;2019-08-10
398419;2023-06-16
322936;2022-01-23
56154;2020-10-07
215148;2019-09-11
286585;2021-09-24
157176;2019-04-11
308402;2021-09-17
269956;2021-08-20
82448;2017-05-03
192840;2023-01-10
57571;2016-01-02
115330;2022-11-03
39646;2017-05-07
214669;2021-02-16
230204;2021-08-10
341714;2022-12-01
11123;2017-11-03
188679;2019-03-06
307468;2021-08-03
256112;2022-01-21
15210;2018-06-06
352406;2023-02-01
109283;2018-10-17
327063;2022-12-01
311713;2021-08-19
147669;2017-03-03
62311;2017-01-19
233029;2020-01-21
358120;2022-12-14
266090;2021-05-15
7382;2017-12-14
46910;2019-06-05
301989;2021-05-04
121736;2017-01-10
114251;2016-09-20
220039;2020-05-20
148422;2018-12-01
100480;2015-10-06
337769;2023-06-22
296026;2022-06-11
64298;2015-12-08
309390;2021-12-01
255173;2020-07-03
285172;2023-02-01
123253;2016-08-05
299091;2022-08-03
251685;2020-04-02
385447;2023-04-25
118359;2018-02-02
261741;2020-05-07
405655;2023-09-05
114746;2019-08-03
317897;2021-09-17
345259;2022-07-05
7068;2016-03-03
356075;2022-12-14
269735;2021-05-04
419771;2023-10-20
113580;2018-01-02
41099;2015-11-14
232166;2022-02-04
1190;2016-01-17
85456;2016-12-01
408334;2023-09-02
393855;2023-09-05
326272;2021-12-04
96598;2015-12-02
190584;2020-06-03
313730;2021-09-02
194717;2020-08-06
170351;2018-07-03
22413;2016-06-03
234672;2022-08-09
283765;2021-06-12
237709;2021-09-02
51947;2015-12-17
252132;2020-06-17
101936;2020-10-09
240382;2021-09-02
327237;2022-11-03
312873;2021-07-23
59826;2015-10-14
317726;2021-08-11
229573;2019-10-11
214647;2021-09-09
401766;2023-08-09
302410;2021-10-05
146620;2021-08-27
229691;2019-09-03
185073;2018-06-03
382252;2023-04-05
368705;2023-01-17
174638;2018-06-05
193123;2018-10-04
304490;2021-09-17
182764;2019-03-09
105324;2016-11-08
396907;2023-09-05
56691;2021-10-05
140976;2019-03-05
190670;2019-01-09
296505;2021-04-29
212469;2019-09-03
225113;2019-11-05
54282;2019-10-11
95794;2019-05-17
266858;2022-02-03
242243;2020-07-03
238303;2022-10-11
287380;2021-06-03
236584;2020-07-21
136993;2016-11-12
289254;2021-03-07
21778;2017-06-13
209832;2020-12-01
148760;2018-06-05
118331;2018-09-04
227432;2019-10-08
193106;2018-10-10
323586;2022-07-16
305685;2021-07-15
56412;2018-03-06
98708;2019-12-03
247847;2020-07-07
220619;2020-09-02
234125;2021-04-02
228923;2022-07-07
360732;2022-09-07
228891;2021-05-14
170892;2021-07-17
133267;2023-07-04
149267;2018-05-03
258077;2020-08-11
342527;2022-05-26
255924;2020-07-03
36579;2016-01-20
347720;2022-05-24
202262;2020-01-02
124901;2017-03-15
229417;2020-07-09
138390;2019-06-21
249710;2022-01-11
180500;2018-09-06
78106;2016-02-11
242382;2020-05-05
129137;2022-07-05
170787;2018-01-12
80722;2023-05-25
369137;2022-10-20
115210;2016-08-10
129902;2016-09-09
207464;2019-04-07
149156;2017-05-18
396274;2023-09-20
181921;2018-07-04
249333;2020-12-03
205070;2022-01-18
292200;2023-06-08
61563;2015-12-03
134333;2016-10-19
91577;2016-03-03
21119;2016-02-02
147967;2017-11-08
275101;2021-01-20
176801;2018-07-12
209639;2022-04-05
168638;2018-04-03
348947;2022-08-03
360682;2023-09-06
168823;2019-07-03
17111;2017-07-21
300844;2021-04-17
244044;2020-05-15
172197;2019-08-21
173172;2018-02-10
156139;2018-11-03
353405;2022-08-03
156795;2018-02-15
403747;2023-07-19
114083;2020-11-03
4535;2023-10-17
377383;2023-08-18
95505;2016-08-16
259935;2021-01-01
145000;2017-03-14
262529;2021-06-04
171376;2019-05-16
207325;2021-10-13
324099;2023-07-13
26846;2018-03-14
400252;2023-07-21
33155;2017-03-07
228193;2021-11-11
236353;2022-02-10
191323;2021-05-25
374237;2023-04-06
166466;2017-12-01
245951;2022-02-02
251588;2021-01-01
380310;2023-08-09
117898;2019-11-05
307185;2021-11-05
141838;2019-12-05
168068;2018-02-03
181531;2019-01-09
294004;2021-11-05
179771;2018-04-18
268882;2022-03-17
160071;2018-03-06
107368;2016-01-21
327259;2021-12-01
317343;2021-11-03
284795;2022-04-05
174112;2018-01-09
39708;2016-04-13
70619;2016-01-02
233995;2019-12-06
43017;2017-02-16
292062;2021-04-03
248813;2022-09-22
290649;2021-01-05
89249;2021-03-03
125381;2016-10-23
16981;2016-12-08
290954;2023-08-08
221960;2019-09-03
188800;2018-12-01
340453;2022-07-20
317923;2021-09-19
359387;2023-03-03
364506;2023-01-03
191333;2018-08-16
72214;2016-04-12
119330;2016-07-08
151854;2018-10-04
137814;2016-11-05
195428;2019-01-10
66681;2017-08-15
334672;2022-04-26
190491;2018-10-10
180766;2018-05-03
377970;2023-04-04
378077;2023-05-16
302054;2021-06-16
222749;2021-07-22
406821;2023-08-08
168161;2019-04-10
369693;2023-03-03
178477;2021-05-07
173613;2018-11-03
346021;2023-06-07
38494;2017-05-11
201866;2019-04-17
120882;2016-12-03
285967;2021-09-02
373513;2023-02-21
166918;2018-06-05
64669;2018-11-17
138172;2019-09-03
7186;2016-05-13
166624;2019-11-05
207096;2019-06-19
201892;2019-05-18
300793;2023-07-12
135481;2018-11-07
128877;2018-02-15
268775;2020-10-22
64766;2015-11-13
5526;2018-08-14
168214;2023-02-02
151494;2019-05-07
86762;2021-01-12
150085;2017-05-03
294790;2021-10-20
260177;2020-06-18
173974;2020-07-15
246594;2020-04-22
215931;2019-06-12
369220;2022-12-07
16599;2018-04-12
76715;2021-11-05
242459;2022-07-16
71024;2017-02-01
239420;2020-03-19
300980;2021-06-03
144541;2017-02-21
36533;2023-08-03
347554;2022-05-28
237575;2022-10-04
315421;2021-09-22
130427;2017-07-12
155585;2018-08-11
169445;2020-10-06
356191;2022-11-03
413983;2023-10-07
158976;2020-09-02
235445;2020-04-08
22568;2015-10-06
293289;2022-05-03
79566;2018-10-06
182048;2019-01-16
301414;2022-08-16
77072;2018-01-05
262591;2020-12-01
25095;2018-04-10
254063;2020-12-10
380676;2023-04-22
264693;2022-01-11
258429;2020-05-22
310411;2021-08-24
253990;2022-12-14
203176;2019-01-01
159127;2017-09-19
127472;2016-10-11
187409;2022-03-09
290032;2021-02-02
250936;2021-07-13
11044;2019-02-13
349704;2022-10-18
98621;2021-09-19
202268;2021-03-03
188076;2018-07-17
171661;2018-08-14
91632;2016-10-12
303089;2021-07-03
303368;2021-06-15
191672;2020-12-01
76670;2017-11-07
13739;2016-03-09
264668;2020-08-05
311828;2021-10-21
207594;2022-09-20
158988;2019-02-02
219859;2020-10-06
337867;2022-05-22
6543;2015-10-06
46241;2017-10-10
370640;2023-01-03
42219;2016-10-04
44499;2017-04-05
175345;2018-06-05
75956;2020-02-14
203376;2023-08-03
51412;2019-10-08
46764;2015-10-16
219513;2020-09-02
348285;2023-10-04
353953;2023-01-04
335865;2022-07-13
110194;2018-02-07
276127;2020-10-09
191630;2018-09-06
243218;2020-01-14
398690;2023-06-07
285139;2021-03-23
79512;2018-02-06
16462;2015-11-18
131954;2016-08-03
211816;2019-05-03
196827;2018-10-05
2768;2018-12-11
407904;2023-08-03
128461;2017-03-08
328665;2022-04-02
170852;2017-12-01
177058;2018-12-07
159616;2017-10-05
88743;2016-11-03
47607;2020-02-05
196366;2018-10-04
204617;2019-03-12
19012;2015-10-06
382005;2023-03-03
410165;2023-10-10
253739;2021-03-11
374395;2023-01-14
385232;2023-10-13
201482;2021-11-03
315350;2021-08-25
172813;2018-04-03
198837;2019-03-05
50227;2015-10-08
33754;2023-04-02
134661;2018-01-03
331211;2023-02-03
304163;2021-06-04
395969;2023-06-13
233140;2019-12-17
320516;2023-03-14
390277;2023-07-04
53726;2016-08-11
16625;2016-02-04
120972;2016-05-21
54566;2023-08-18
199954;2018-10-11
293967;2021-12-19
317473;2022-03-03
167991;2021-11-10
339006;2022-05-17
310702;2021-08-21
306015;2023-01-10
109628;2016-05-04
342082;2022-04-07
121674;2022-08-03
214442;2019-12-03
136440;2018-02-03
171159;2018-09-05
325558;2022-12-13
107071;2016-01-05
220779;2021-04-07
75843;2018-05-08
281869;2023-03-08
178293;2021-05-06
144621;2019-05-07
165913;2018-02-07
41044;2015-11-03
135018;2017-12-01
107849;2016-03-04
214610;2021-04-09
355530;2022-11-05
176451;2019-06-12
229961;2020-10-11
208037;2019-12-03
389895;2023-10-17
127592;2016-07-19
35380;2015-10-15
120142;2017-04-18
26414;2015-12-02
288602;2021-04-27
354779;2022-08-18
5449;2018-01-06
396537;2023-07-15
251817;2020-06-03
214157;2020-03-17
177695;2023-01-04
289514;2021-04-08
391029;2023-11-03
254083;2020-08-05
138321;2016-11-25
380608;2023-10-04
207502;2019-12-05
212875;2021-11-11
361588;2023-04-20
269201;2020-11-03
163379;2017-10-20
262655;2020-07-09
45556;2015-10-21
166494;2022-07-21
63486;2016-05-19
295145;2021-03-04
377515;2023-06-14
318902;2022-04-05
104160;2017-10-13
238444;2020-11-03
133842;2017-04-05
281011;2021-09-17
201677;2021-02-09
25288;2022-09-02
390182;2023-11-03
168300;2018-06-15
169608;2018-03-13
287142;2021-07-06
23726;2016-04-08
320054;2023-02-02
190507;2018-07-21
151776;2017-06-06
15571;2015-10-09
108602;2018-07-03
113390;2016-04-05
407109;2023-09-02
69380;2017-03-18
194349;2019-07-04
12573;2017-07-12
79625;2015-10-06
282501;2021-02-09
121110;2016-09-02
107679;2017-01-10
26422;2016-02-13
205651;2019-03-16
333447;2022-08-18
60337;2015-12-10
140933;2016-11-16
109492;2017-01-20
407393;2023-10-10
197863;2019-04-23
319005;2022-11-03
353214;2022-08-05
79402;2018-09-04
149421;2018-03-15
314243;2022-08-03
46288;2016-08-19
370829;2023-06-03
324229;2022-01-04
309199;2021-08-03
265938;2022-01-18
345792;2022-07-12
129175;2017-02-07
215858;2019-05-23
136108;2022-11-15
182336;2019-02-01
293514;2021-07-03
240459;2023-03-08
175311;2018-02-01
161360;2019-12-10
71297;2016-11-15
403665;2023-09-20
270735;2020-10-20
302463;2021-07-15
365380;2023-05-03
149451;2017-09-16
177384;2018-09-04
249614;2020-06-03
228969;2021-10-05
210205;2019-10-19
270331;2021-03-06
185626;2018-07-03
266995;2022-03-18
206718;2019-02-12
176615;2021-11-16
207880;2019-01-16
129355;2016-07-05
43700;2020-06-03
364865;2023-08-15
14708;2015-10-09
252155;2020-07-07
142353;2019-02-21
234933;2019-11-12
197183;2023-07-06
235262;2019-12-13
4469;2016-10-21
329956;2022-01-04
325419;2022-02-08
274464;2020-09-02
148040;2017-04-04
174725;2022-06-03
155056;2017-11-14
71518;2015-11-05
242215;2022-09-20
236970;2020-11-03
205726;2020-03-10
66653;2018-07-04
89852;2017-12-07
333879;2022-01-08
294321;2022-03-03
21501;2015-11-03
319018;2021-10-28
188735;2021-02-09
167501;2017-11-27
45891;2022-10-04
53181;2017-02-11
389924;2023-07-05
24756;2017-11-04
334716;2022-03-10
218199;2021-11-18
348701;2023-09-02
231716;2020-10-13
233993;2020-03-04
216213;2019-10-09
17335;2016-06-03
59388;2017-03-08
238873;2020-08-05
313308;2021-09-22
375551;2023-03-03
156736;2017-11-07
104668;2016-07-20
307940;2021-12-22
233966;2019-10-16
148564;2018-11-07
84671;2017-06-03
311310;2022-04-07
130412;2018-04-03
25005;2017-07-19
59844;2017-07-04
277518;2021-03-03
44865;2018-02-02
121707;2018-01-03
143568;2019-06-12
263896;2022-01-19
109196;2018-07-20
372862;2023-06-14
54335;2016-01-19
294755;2021-06-15
255885;2020-09-02
177286;2018-10-04
153677;2019-10-22
35303;2023-09-07
318314;2022-05-12
204372;2020-12-09
258318;2020-12-01
297162;2021-09-17
331536;2023-01-03
67071;2016-02-04
136421;2018-06-14
101239;2018-05-15
196578;2023-10-11
248135;2021-04-24
360627;2022-11-03
206786;2022-03-08
182190;2021-02-04
185745;2018-08-09
20758;2018-06-15
299453;2022-02-09
301535;2022-12-15
326386;2022-01-14
156859;2023-04-07
162023;2022-05-07
140390;2016-12-01
220182;2020-10-06
363109;2023-06-13
50843;2015-11-12
105867;2019-01-01
179254;2018-05-20
368535;2023-08-03
87093;2020-08-05
210258;2020-10-09
360323;2022-09-08
353687;2022-08-05
365526;2023-10-05
242737;2020-04-05
234796;2019-11-05
227108;2019-10-15
346166;2023-02-01
286539;2021-04-02
397473;2023-07-08
263513;2020-09-08
252318;2020-04-14
103856;2019-10-15
296200;2021-07-08
245855;2020-02-19
186058;2018-08-05
176174;2018-02-13
243634;2021-09-22
257036;2020-09-03
41598;2018-01-05
148370;2019-10-10
61522;2016-07-05
121264;2018-03-06
325374;2021-10-14
153968;2017-08-03
119596;2019-01-01
163725;2018-06-06
245434;2020-04-02
367956;2023-05-16
389017;2023-05-03
164375;2019-08-15
336795;2023-04-22
80580;2017-08-18
56571;2017-08-08
341847;2022-07-19
66782;2017-01-03
304307;2021-10-28
351772;2022-10-04
338493;2023-01-03
240795;2020-03-03
293611;2023-02-17
11022;2015-11-07
211664;2021-05-05
321974;2021-11-18
220745;2020-07-03
173692;2017-12-12
14829;2016-09-02
299268;2022-10-04
299916;2022-02-11
15410;2016-11-22
271404;2020-09-16
268201;2020-10-22
118592;2017-07-18
347981;2022-06-21
304559;2021-06-17
96236;2016-06-03
365500;2023-02-17
237991;2023-03-21
129323;2016-07-05
174092;2020-10-15
231477;2020-02-11
245237;2020-11-12
300582;2022-04-19
364781;2023-02-07
90069;2020-12-10
370244;2023-07-07
287343;2021-10-16
295368;2021-08-04
109275;2018-12-15
183766;2019-03-06
88068;2017-04-06
236421;2023-08-03
50599;2020-02-04
5448;2019-07-09
42925;2016-03-03
58965;2016-07-07
322513;2021-11-13
176476;2020-05-21
184464;2019-01-12
321867;2022-06-09
110739;2017-02-08
245079;2021-03-11
145998;2017-02-02
247427;2021-03-11
188652;2018-08-03
165919;2017-12-14
107459;2016-08-12
209619;2019-03-07
120400;2017-05-23
184221;2018-06-05
242105;2020-10-06
72755;2016-11-16
226759;2020-02-04
207819;2021-08-10
234599;2019-11-21
106607;2018-01-13
145076;2019-08-03
272954;2022-02-15
182483;2018-11-20
365366;2023-06-14
63693;2017-09-09
291103;2021-01-12
302704;2023-01-10
97435;2015-10-09
20905;2022-12-20
398161;2023-07-04
87225;2017-12-01
219909;2020-06-10
231169;2021-07-15
383107;2023-02-08
224053;2019-11-05
203398;2022-02-18
316377;2022-02-01
143676;2017-08-22
23205;2016-08-04
365525;2022-10-18
166832;2022-05-05
242997;2020-02-20
155498;2017-05-10
115824;2018-11-15
106103;2015-12-12
155694;2020-12-12
312508;2021-09-24
68543;2015-12-08
191665;2019-01-01
393193;2023-06-07
225225;2019-10-11
287916;2021-03-20
151069;2018-01-02
94556;2018-09-11
240343;2021-03-03
145265;2017-03-21
279304;2022-08-09
393974;2023-05-13
234093;2020-05-05
310935;2021-09-23
334880;2022-11-03
256275;2020-06-03
347752;2022-04-12
332725;2022-06-07
343787;2022-04-15
156796;2018-02-15
350942;2023-04-13
393786;2023-05-05
165752;2018-02-13
196476;2019-12-03
272570;2021-02-11
237728;2021-05-06
243049;2020-07-07
116287;2016-06-11
140769;2017-03-09
60007;2015-11-03
330474;2022-12-17
354917;2022-07-05
249458;2021-03-23
414312;2023-10-10
80812;2016-10-04
234778;2021-10-26
102961;2016-12-13
75091;2016-06-03
134410;2017-05-03
67509;2020-11-03
65147;2015-11-02
305635;2022-06-03
187203;2018-06-08
45013;2021-01-01
90005;2016-05-14
54020;2016-02-12
369499;2023-04-02
14059;2015-11-12
9296;2022-11-15
232052;2019-11-12
51695;2015-11-10
63054;2017-07-04
26789;2016-01-10
50545;2020-04-02
149375;2017-09-02
323784;2022-01-11
411165;2023-08-16
148342;2021-08-25
107494;2021-07-06
401027;2023-07-04
43075;2021-02-02
144938;2018-08-14
107286;2016-03-03
199706;2022-12-16
65394;2016-03-15
231065;2019-09-19
94823;2021-01-07
310173;2022-07-22
329389;2023-09-07
395224;2023-10-07
224604;2019-12-03
214430;2020-08-13
162947;2017-10-20
232968;2020-08-05
362676;2022-09-22
312252;2022-01-04
402662;2023-10-10
286556;2021-08-19
383440;2023-02-09
218261;2021-10-06
182991;2021-09-11
265998;2021-02-04
280825;2022-01-05
373289;2023-03-09
400730;2023-06-03
282008;2021-12-21
342483;2023-08-18
153063;2019-01-02
237139;2020-09-05
206839;2019-03-14
183497;2018-08-16
15010;2021-06-04
133541;2018-08-22
49055;2017-04-18
244074;2020-12-01
273770;2023-08-03
155526;2017-06-20
112855;2016-11-03
282913;2021-04-20
292006;2021-03-16
267594;2022-03-15
154235;2018-01-09
158650;2017-07-15
357169;2022-09-02
306154;2021-08-06
110740;2018-08-09
106000;2016-11-18
187862;2018-07-25
294730;2021-10-20
244972;2020-04-02
127683;2017-12-01
318505;2022-10-04
296226;2022-03-26
255483;2020-07-03
40718;2020-07-03
208235;2023-02-01
107909;2016-08-03
19370;2022-07-22
374941;2023-03-03
34634;2016-03-03
303189;2021-06-23
31582;2017-06-03
37721;2017-10-18
242113;2020-02-06
74340;2016-02-07
22599;2023-11-03
154523;2017-08-09
135068;2017-02-04
27364;2016-06-08
207944;2020-10-20
379006;2023-06-03
367421;2022-11-18
217451;2019-07-19
273265;2020-10-10
161727;2018-06-13
287385;2022-07-05
51146;2018-12-11
323263;2022-06-07
84675;2023-01-03
174450;2018-01-13
394888;2023-04-18
157934;2018-10-12
171045;2020-04-21
288714;2021-06-15
178381;2018-12-13
335234;2023-04-05
86263;2019-11-15
177404;2019-03-05
293110;2021-03-05
153299;2021-05-04
228711;2021-05-05
254475;2020-05-15
297701;2021-05-04
260089;2021-08-03
358431;2022-09-20
165019;2018-11-09
335964;2022-07-05
54379;2017-09-08
232984;2021-03-23
388849;2023-07-19
240716;2021-08-03
187301;2018-12-07
166234;2019-09-11
292431;2021-07-16
79579;2016-05-14
368098;2023-03-04
141602;2020-06-09
8253;2019-09-17
204888;2022-08-10
314826;2022-02-01
359746;2022-12-01
208714;2019-04-21
145344;2017-02-02
353106;2022-09-03
280793;2022-03-03
74999;2018-05-10
190974;2018-09-18
112524;2020-12-17
347369;2022-06-03
57950;2016-07-22
243852;2020-06-20
126528;2017-10-14
315796;2021-08-11
37462;2020-12-04
332929;2022-01-27
179397;2019-08-22
24430;2016-11-16
130026;2021-08-18
291411;2022-03-16
278825;2020-11-03
238861;2021-06-10
285737;2021-03-21
375193;2023-04-06
21833;2017-12-14
208016;2020-04-10
159199;2023-07-05
300387;2022-03-04
145247;2020-12-03
219905;2023-05-19
284271;2022-01-07
213644;2019-06-02
293921;2021-11-03
4125;2015-10-15
23505;2016-04-12
254724;2021-02-09
227863;2019-11-05
302161;2021-11-03
144375;2018-01-11
182488;2018-05-24
133195;2018-04-12
388289;2023-05-18
102968;2017-01-19
17269;2016-03-15
42965;2015-11-13
377171;2023-09-07
248975;2021-09-23
374391;2023-08-18
173567;2022-08-19
102722;2016-01-07
232011;2020-06-04
52317;2018-08-03
6053;2021-02-02
394700;2023-05-03
209086;2019-02-05
354734;2022-11-23
190160;2019-01-01
257687;2022-09-08
298903;2022-04-02
283741;2021-06-15
319486;2022-01-08
225507;2020-04-07
69730;2016-12-14
205993;2019-06-04
192435;2018-09-18
376842;2023-04-19
324626;2021-12-08
281166;2023-01-03
46817;2015-12-12
326277;2022-04-19
194317;2020-05-13
131585;2019-09-03
309371;2021-06-22
334077;2022-01-07
131122;2016-07-19
153950;2022-01-07
78248;2022-05-13
138150;2018-06-14
339002;2022-07-23
241728;2021-04-27
324355;2022-01-04
334253;2022-02-16
408568;2023-08-09
245638;2021-09-22
231710;2020-09-11
195073;2019-02-01
321145;2022-07-12
108428;2017-05-17
153564;2021-06-03
113500;2019-08-07
320981;2022-05-11
1132;2019-11-19
224184;2020-05-09
274226;2020-08-05
164426;2017-11-07
223674;2021-10-05
150749;2017-06-03
319220;2023-06-07
403921;2023-08-10
315295;2021-10-08
36873;2016-06-16
263535;2021-02-02
347519;2022-05-17
366988;2023-01-03
26312;2016-04-12
134401;2016-08-23
75001;2016-03-16
397103;2023-07-04
44105;2015-12-11
290220;2024-02-01
91897;2016-06-01
376711;2024-02-01
150133;2017-08-03
220109;2020-03-03
53757;2024-02-01
255180;2020-05-05
164543;2019-07-19
242018;2020-05-06
357810;2022-11-01
311694;2024-02-01
126494;2017-08-01
74786;2017-03-03
407909;2024-02-01
13321;2021-01-01
361684;2022-12-01
98419;2017-04-01
25554;2024-02-01
62632;2018-10-09
15016;2024-02-01
303270;2021-09-02
105780;2015-12-18
249508;2021-02-01
108601;2017-08-22
176504;2018-04-08
202020;2019-12-01
386472;2024-02-01
392568;2024-02-01
240357;2020-02-11
399941;2023-07-04
234017;2024-02-01
9082;2021-06-01
77769;2024-02-01
213753;2023-10-18
251045;2020-12-10
344548;2024-02-01
321154;2022-01-18
394392;2023-07-16
209040;2021-06-22
312853;2021-08-03
241374;2024-02-01
305456;2022-03-23
60763;2017-12-01
50232;2016-03-08
227266;2024-02-01
62339;2018-11-01
267482;2021-07-06
79341;2024-02-01
157870;2021-05-13
47067;2023-05-23
364508;2024-02-01
261700;2024-02-01
81645;2024-02-01
178419;2021-05-01
393394;2024-02-01
310479;2024-02-01
272414;2020-11-03
317361;2022-04-13
324611;2022-01-01
210271;2022-05-11
385332;2024-02-01
303425;2021-06-10
389971;2024-02-01
412748;2024-02-01
220394;2020-03-01
279244;2020-10-21
319584;2022-09-02
145378;2018-01-02
226363;2022-03-03
263636;2021-01-01
385087;2024-02-01
332448;2022-11-17
60871;2016-11-11
126434;2016-08-06
370526;2023-08-01
409789;2024-02-01
394382;2023-08-01
223010;2020-05-01
1951;2019-02-01
217813;2019-08-26
154213;2018-05-16
396227;2023-07-11
199694;2020-04-02
30279;2017-07-04
420833;2024-02-01
191156;2024-02-01
203781;2021-05-14
262153;2024-02-01
133898;2016-11-08
110924;2016-09-06
134384;2024-02-01
92611;2017-05-01
95629;2017-11-01
272992;2024-02-01
280624;2020-12-04
78000;2024-02-01
299464;2021-11-10
376548;2023-01-03
205708;2019-08-03
358787;2023-02-01
243112;2024-02-01
12423;2016-04-02
82379;2021-12-01
83550;2024-02-01
34543;2024-02-01
188237;2021-11-04
8552;2015-10-08
303441;2022-11-15
108503;2016-06-01
246218;2022-03-03
222794;2021-06-11
157937;2018-03-01
394756;2023-08-01
290726;2022-06-01
356005;2024-02-01
377552;2023-11-01
193021;2019-04-10
279030;2024-02-01
13800;2015-10-09
138542;2017-04-11
63295;2024-02-01
82136;2016-04-09
251806;2024-02-01
364003;2022-11-03
250163;2023-08-03
34732;2017-02-01
174964;2018-06-15
365273;2024-02-01
414252;2024-02-01
228912;2021-05-25
400274;2023-10-18
407733;2023-12-01
302319;2023-07-07
138320;2018-06-20
64128;2015-11-12
65715;2021-07-01
351320;2024-02-01
226080;2020-10-06
272339;2024-02-01
252243;2022-03-01
264082;2020-07-10
331214;2022-05-10
415715;2024-02-01
256231;2024-02-01
419507;2024-02-01
187131;2021-12-14
401233;2024-02-01
400089;2023-06-03
187776;2019-03-05
92390;2016-12-01
318141;2021-11-23
221762;2024-02-01
86813;2024-02-01
420339;2024-02-01
66380;2023-12-01
172514;2019-08-01
68287;2024-02-01
67691;2016-08-01
112704;2024-02-01
154024;2017-08-07
381532;2024-02-01
57632;2018-11-14
95585;2017-11-01
144843;2018-01-01
158287;2018-01-01
287574;2021-02-02
256416;2021-03-09
180346;2022-07-01
175395;2020-03-07
108583;2016-08-24
192967;2018-08-14
9992;2021-01-01
111046;2016-12-01
68643;2024-02-01
48462;2024-02-01
160183;2017-08-20
316965;2024-02-01
410334;2024-02-01
66904;2017-03-01
129336;2017-02-10
292898;2021-03-16
310668;2023-03-18
358372;2023-01-04
207843;2019-11-01
366799;2024-02-01
132957;2017-02-01
307820;2021-09-07
90335;2017-11-01
233746;2022-03-30
305819;2023-05-10
407877;2024-02-01
321249;2022-10-01
389565;2024-02-01
417596;2024-02-01
105381;2016-01-02
262600;2021-12-10
302457;2022-12-01
230735;2024-02-01
197072;2019-12-03
64887;2016-06-18
391491;2024-02-01
90583;2021-02-01
227165;2019-08-07
122994;2018-02-13
314785;2021-08-13
285982;2022-07-05
404396;2024-02-01
247878;2022-07-01
122585;2024-02-01
270942;2021-11-01
361124;2022-09-03
421197;2024-02-01
262254;2020-10-21
151527;2024-02-01
278705;2022-01-04
6851;2024-02-01
79575;2016-10-01
99660;2015-10-10
239190;2021-05-15
267902;2024-02-01
330427;2024-02-01
330678;2022-04-13
304170;2021-08-15
107100;2016-11-11
206889;2019-02-07
183918;2024-02-01
261206;2022-09-10
415537;2024-02-01
103099;2015-12-02
364337;2023-01-13
338675;2022-06-04
190718;2019-01-01
305496;2022-03-01
371741;2023-03-22
18959;2016-09-01
254033;2024-02-01
335319;2022-12-01
228141;2019-11-24
128638;2017-07-01
171656;2018-12-04
364177;2024-02-01
169910;2018-04-11
317866;2021-09-02
19365;2015-10-07
53437;2019-05-01
129204;2016-09-02
403912;2023-07-11
11154;2024-02-01
253362;2022-09-01
337972;2022-07-22
344610;2024-02-01
33162;2024-02-01
321095;2022-02-01
65741;2016-03-01
95435;2016-06-01
25362;2017-04-06
151437;2018-02-01
251635;2023-01-01
351626;2024-02-01
55648;2024-02-01
218318;2019-12-06
385174;2023-10-06
51355;2016-02-01
42321;2022-11-01
251263;2021-01-19
97142;2017-09-01
94233;2017-07-01
349835;2024-02-01
236865;2020-10-07
414800;2023-09-20
327204;2022-02-08
114588;2017-03-14
308196;2022-03-03
227547;2020-02-04
67491;2015-11-10
102664;2016-09-02
42274;2016-05-01
262239;2020-06-03
326163;2024-02-01
178062;2018-10-09
275857;2024-02-01
407472;2024-02-01
92813;2020-09-01
247351;2021-03-23
21922;2017-02-10
269023;2023-07-01
5568;2022-05-03
38543;2024-02-01
55652;2015-10-06
37564;2016-09-01
348254;2024-02-01
214858;2019-10-05
275115;2020-10-21
153980;2018-08-01
4397;2016-05-17
153701;2024-02-01
108282;2016-01-05
123481;2021-03-03
225139;2021-12-07
331175;2024-02-01
311609;2023-08-01
335820;2023-02-08
140065;2017-09-06
30903;2017-09-01
377402;2024-02-01
138940;2017-10-07
264087;2021-05-01
137247;2016-10-21
292269;2024-02-01
400255;2024-02-01
251545;2020-07-15
422183;2024-02-01
326776;2024-02-01
227740;2022-11-01
26931;2016-12-01
119202;2017-02-01
207602;2019-10-04
76059;2019-05-01
103810;2024-02-01
284261;2020-12-01
360496;2024-02-01
157324;2017-08-03
386484;2023-10-04
175552;2024-02-01
325164;2022-03-01
296745;2021-04-06
144289;2018-03-06
396945;2024-02-01
33689;2016-01-15
169918;2018-07-12
66165;2019-08-01
358811;2023-02-08
282766;2021-08-01
390304;2024-02-01
241322;2020-09-08
394543;2023-05-11
232714;2024-02-01
169743;2021-12-01
401819;2024-02-01
128127;2017-01-03
277342;2024-02-01
72370;2018-08-15
47691;2024-02-01
358089;2023-10-24
238851;2021-05-15
266139;2021-12-14
221264;2022-10-05
104048;2017-02-01
177026;2018-02-01
261251;2020-11-01
254865;2021-08-01
61598;2018-05-18
139260;2016-12-29
140121;2021-06-01
251106;2020-05-05
258391;2024-02-01
359783;2022-09-23
105963;2019-01-16
189527;2019-03-01
371761;2023-01-03
123183;2020-03-01
30010;2016-01-01
94709;2024-02-01
383421;2024-02-01
57034;2024-02-01
399173;2024-02-01
158193;2017-11-07
170042;2018-09-04
319012;2023-10-01
26535;2016-10-01
287963;2024-02-01
302656;2022-11-01
220230;2024-02-01
360903;2024-02-01
187318;2024-02-01
304207;2022-10-18
68474;2016-10-01
17295;2022-07-27
306598;2024-02-01
315408;2021-09-08
261756;2020-11-19
97095;2024-02-01
92185;2016-06-01
247363;2020-07-11
280105;2020-12-10
68667;2016-05-17
117453;2018-07-01
416557;2024-02-01
165735;2020-06-10
190773;2024-02-01
14700;2019-08-08
296354;2021-03-20
157127;2024-02-01
414477;2024-02-01
283668;2024-02-01
260226;2021-09-09
230648;2020-01-02
205779;2022-01-01
356542;2024-02-01
278038;2021-11-03
224320;2023-09-20
254355;2021-07-27
102273;2016-04-01
383124;2023-03-14
70766;2024-02-01
88125;2016-06-01
26820;2024-02-01
335951;2023-03-03
356127;2023-03-16
412549;2024-02-01
158186;2017-06-17
346223;2022-06-03
96225;2024-02-01
76996;2017-03-01
289166;2023-05-19
270200;2022-05-01
33987;2023-04-01
77506;2016-02-12
401769;2024-02-01
128999;2020-02-04
359920;2024-02-01
237492;2021-03-01
145499;2017-06-03
177047;2022-06-01
279254;2020-11-17
167061;2018-04-07
217341;2020-07-01
50247;2017-12-01
316309;2023-07-04
265415;2021-02-09
76251;2024-02-01
303896;2024-02-01
63952;2016-04-12
143825;2017-06-03
273130;2021-07-03
53215;2016-02-11
386046;2023-06-07
413568;2024-02-01
118678;2016-06-05
9560;2016-05-01
236553;2021-02-01
272666;2024-02-01
401319;2024-02-01
137485;2018-01-04
158679;2024-02-01
30625;2017-03-01
359951;2022-12-08
7763;2017-07-12
325771;2023-05-03
274022;2023-03-18
227343;2022-01-01
376934;2024-02-01
124862;2023-07-18
286237;2021-09-01
73654;2016-05-21
169411;2021-02-17
63890;2016-07-12
90134;2017-06-14
207244;2020-07-16
402859;2023-08-03
112129;2021-06-01
136510;2017-01-04
186994;2023-11-03
98451;2017-04-01
204698;2024-02-01
332142;2022-01-01
348401;2024-02-01
288276;2021-03-03
108077;2023-09-05
92470;2016-10-20
299743;2024-02-01
254332;2022-08-18
128478;2020-05-19
214086;2024-02-01
58420;2018-03-01
309444;2022-07-07
407593;2023-09-20
172391;2021-02-01
334179;2022-03-08
118796;2019-02-01
384969;2024-02-01
296241;2021-08-17
265285;2022-02-11
44187;2024-02-01
173864;2020-09-01
224468;2021-06-01
81170;2021-12-01
327562;2024-02-01
46167;2017-11-01
343418;2024-02-01
40035;2022-07-01
330037;2022-04-15
157476;2017-07-31
267712;2021-08-01
353276;2022-10-11
250298;2021-04-07
133363;2017-02-01
290543;2024-02-01
380688;2023-10-21
89745;2016-06-01
115715;2016-06-01
411151;2024-02-01
254527;2020-06-03
140322;2017-12-01
218070;2019-06-27
372683;2024-02-01
113671;2024-02-01
189445;2020-10-01
271789;2020-11-21
255736;2021-08-01
207876;2020-02-07
201778;2021-12-01
73435;2017-07-04
310072;2022-09-02
84962;2024-02-01
318247;2022-05-01
191279;2021-10-14
208336;2019-06-21
206169;2021-01-06
198335;2019-01-06
198031;2021-07-01
213884;2019-06-16
406444;2023-08-05
336726;2023-04-01
242149;2020-05-05
5805;2016-04-20
22845;2019-10-05
2919;2015-11-18
184229;2024-02-01
364252;2024-02-01
283120;2021-05-01
283887;2022-06-01
327825;2022-07-05
77554;2021-08-18
155429;2018-02-07
227495;2019-08-15
204482;2021-07-06
48326;2019-12-17
95343;2016-12-01
373691;2024-02-01
187434;2018-08-02
276256;2020-11-04
170454;2020-09-02
91155;2016-10-01
142646;2020-11-10
173463;2018-01-02
34518;2016-02-01
300195;2024-02-01
358475;2024-02-01
407869;2024-02-01
205892;2019-12-03
273223;2024-02-01
266923;2022-08-14
76176;2017-02-15
156423;2017-10-05
361540;2023-09-21
155043;2018-10-10
381360;2024-02-01
54280;2016-10-01
411515;2024-02-01
381797;2024-02-01
326128;2022-08-12
189587;2018-11-01
353559;2024-02-01
161658;2018-02-01
139350;2021-07-01
368406;2024-02-01
176469;2020-12-10
18857;2024-02-01
417049;2024-02-01
340412;2023-01-03
214516;2020-05-01
255758;2024-02-01
361146;2022-12-07
99048;2024-02-01
161877;2018-02-01
199423;2020-01-01
420042;2024-02-01
144734;2017-11-03
414900;2024-02-01
252325;2020-11-10
39490;2020-07-09
416453;2023-10-04
22128;2024-02-01
198368;2024-02-01
248550;2024-02-01
5408;2019-04-04
286233;2024-02-01
356348;2022-11-24
267914;2020-09-08
331833;2022-02-01
243050;2024-02-01
341663;2022-07-26
185410;2019-10-04
348757;2023-01-12
418395;2024-02-01
101180;2016-11-01
233049;2019-11-05
59583;2021-06-01
172950;2024-02-01
399676;2024-02-01
243651;2022-07-07
349362;2024-02-01
203161;2021-06-08
377129;2023-06-03
394848;2024-02-01
171725;2019-06-18
59467;2019-07-17
7852;2023-04-01
87550;2016-09-01
198730;2018-11-09
400877;2023-07-06
1851;2024-02-01
47005;2024-02-01
5272;2017-01-01
139117;2024-02-01
39012;2015-12-02
92141;2016-06-01
300578;2021-06-15
2312;2021-03-01
240145;2021-06-08
321828;2021-11-16
88887;2024-02-01
87419;2018-03-14
66770;2022-12-01
101432;2018-06-01
118324;2018-05-03
95327;2016-06-01
3471;2024-02-01
284758;2022-08-03
11816;2020-10-24
270311;2024-02-01
331936;2022-12-01
404000;2024-02-01
418761;2024-02-01
349770;2024-02-01
251706;2022-10-01
227026;2024-02-01
125141;2024-02-01
237719;2024-02-01
260989;2021-09-17
62387;2016-02-02
91497;2018-03-06
74628;2015-11-21
404088;2024-02-01
160965;2018-05-01
329685;2022-04-02
161422;2019-08-01
109111;2016-06-01
157867;2024-02-01
313626;2022-08-25
395010;2024-02-01
335123;2022-12-01
30362;2018-07-10
380064;2023-07-01
149848;2019-06-04
205204;2020-03-01
418093;2024-02-01
131314;2016-10-16
93939;2024-02-01
409751;2024-02-01
154772;2018-01-14
67906;2020-09-01
228428;2019-09-04
213379;2021-06-01
274993;2020-08-13
288684;2021-07-03
223016;2021-04-01
318330;2024-02-01
291315;2024-02-01
402161;2023-09-06
279006;2022-03-03
139038;2017-01-07
7133;2017-04-08
261995;2021-04-23
31807;2018-06-01
275567;2021-06-11
238196;2021-07-01
22801;2015-11-10
300637;2021-11-03
80699;2015-10-08
227785;2020-06-17
273898;2021-05-01
2331;2024-02-01
379182;2023-05-01
135001;2016-09-20
92205;2016-12-10
5763;2022-08-01
232688;2022-01-01
30733;2017-01-01
191507;2018-11-03
254421;2020-07-01
139141;2016-12-14
49164;2017-05-03
246249;2020-04-02
86023;2018-05-01
407000;2024-02-01
418396;2024-02-01
184769;2024-02-01
88992;2024-02-01
248757;2021-04-02
186553;2018-07-03
326130;2023-04-04
310811;2024-02-01
212595;2022-02-01
185084;2022-12-01
167769;2022-05-11
194500;2021-05-04
402642;2024-02-01
171215;2019-02-06
281191;2022-09-06
399762;2023-08-03
298063;2024-02-01
273452;2024-02-01
330306;2022-05-03
147145;2017-03-30
97375;2019-06-07
87348;2016-09-01
313582;2022-04-20
161086;2017-11-01
334917;2024-02-01
420585;2024-02-01
278566;2021-08-21
66062;2022-06-01
11658;2017-08-01
261893;2020-11-01
378481;2024-02-01
249077;2024-02-01
344870;2024-02-01
406750;2024-02-01
340971;2022-12-20
97977;2016-10-01
413093;2024-02-01
95004;2016-06-01
364133;2023-02-03
393536;2023-08-08
332879;2022-06-01
331356;2022-01-05
119965;2016-12-02
248876;2021-06-15
230334;2019-09-04
417366;2024-02-01
207018;2021-09-07
201113;2024-02-01
107691;2024-02-01
311202;2023-01-20
149726;2017-06-13
322014;2024-02-01
337490;2024-02-01
398563;2023-06-03
220110;2019-08-04
144435;2018-04-01
12851;2016-01-06
365059;2023-01-03
342941;2022-10-04
411622;2024-02-01
272106;2021-03-01
419439;2024-02-01
355604;2022-09-10
399194;2024-02-01
246463;2020-07-22
71479;2017-11-01
113031;2017-09-02
344700;2022-05-19
143355;2017-01-03
207040;2019-02-01
248532;2021-10-16
216355;2024-02-01
264130;2021-04-14
333660;2022-08-23
79516;2024-02-01
74221;2024-02-01
67097;2024-02-01
21888;2022-07-05
262513;2021-03-24
123045;2018-11-01
145780;2017-11-18
51432;2016-08-16
382406;2023-03-23
17204;2018-02-13
359113;2022-10-04
247743;2021-01-19
363856;2024-02-01
362284;2022-10-05
262080;2022-04-01
275698;2024-02-01
166149;2018-01-01
259320;2022-07-01
174071;2018-01-03
53121;2020-06-01
291876;2021-01-19
172272;2019-07-01
156500;2019-10-15
400022;2024-02-01
189776;2018-11-06
293171;2022-02-15
333592;2023-04-11
126234;2016-09-15
303965;2024-02-01
251307;2022-10-18
232744;2021-03-01
416811;2024-02-01
235774;2024-02-01
175884;2019-08-07
315517;2024-02-01
31251;2016-08-01
43669;2019-08-01
124420;2022-03-01
118220;2016-05-21
140749;2022-10-01
106876;2018-05-03
389784;2024-02-01
115467;2018-03-01
77876;2016-12-01
278962;2021-03-25
378829;2024-02-01
249121;2024-02-01
185648;2018-11-21
40113;2024-02-01
383698;2023-03-04
61167;2015-12-09
290324;2022-08-01
125707;2019-06-01
184417;2023-01-01
210967;2021-07-13
250538;2024-02-01
298596;2021-06-10
72271;2024-02-01
157491;2024-02-01
408273;2024-02-01
388200;2023-06-16
367429;2023-05-09
245967;2020-09-02
71750;2017-06-01
17588;2023-09-02
382420;2023-03-11
91275;2016-07-06
200642;2024-02-01
244647;2022-04-08
50739;2017-05-16
379058;2024-02-01
86593;2024-02-01
302359;2022-09-13
140690;2024-02-01
374712;2024-02-01
276734;2024-02-01
171913;2019-09-01
184061;2019-07-01
141309;2017-01-03
268282;2020-10-13
83637;2016-03-03
372991;2023-03-01
231063;2021-12-01
135216;2016-10-19
106586;2024-02-01
383860;2023-08-01
145484;2017-02-01
191105;2019-01-16
30812;2022-06-01
49967;2017-10-01
309381;2023-05-06
233789;2022-04-01
231483;2020-01-01
29661;2020-08-01
327176;2022-02-05
201738;2021-09-01
204903;2018-12-11
271368;2021-06-17
195301;2024-02-01
365187;2023-09-20
22353;2018-12-01
12408;2020-12-01
185243;2019-03-01
223269;2023-06-01
30697;2016-01-16
44067;2015-10-06
72512;2017-07-11
160272;2017-09-02
4731;2024-02-01
220145;2024-02-01
208567;2024-02-01
295074;2023-10-06
274805;2024-02-01
347485;2024-02-01
279934;2020-11-03
247798;2024-02-01
111812;2016-02-20
220202;2019-12-03
251523;2020-03-07
275435;2021-11-01
254901;2020-06-16
414455;2024-02-01
75270;2016-07-06
206331;2024-02-01
312065;2021-10-10
43467;2017-04-01
59987;2017-01-13
46347;2016-10-04
325611;2023-04-11
137443;2021-02-01
279788;2021-10-05
205092;2019-01-01
374002;2023-10-01
81750;2015-12-22
119373;2016-06-16
398863;2023-10-01
76599;2024-02-01
215836;2020-09-01
398076;2023-08-22
339284;2024-02-01
125507;2019-04-03
17712;2017-01-01
159622;2023-02-01
381008;2024-02-01
403419;2024-02-01
369677;2023-01-18
248714;2024-02-01
73727;2019-06-01
65025;2016-04-01
27785;2024-02-01
65328;2017-02-03
313996;2022-02-01
408003;2024-02-01
70953;2018-02-01
407833;2024-02-01
281979;2021-04-09
103824;2023-04-01
294288;2021-10-05
151790;2018-02-17
129400;2018-04-01
324178;2024-02-01
226705;2020-04-21
45150;2024-02-01
388702;2024-02-01
404281;2024-02-01
310995;2024-02-01
274045;2024-02-01
218444;2019-08-20
33636;2016-03-01
63937;2016-02-09
229397;2021-09-01
202206;2021-04-08
260949;2024-02-01
252078;2021-09-03
2631;2024-02-01
173502;2018-03-07
172349;2018-05-22
257409;2024-02-01
116419;2019-06-04
381157;2023-06-13
280974;2024-02-01
19897;2017-05-01
281569;2022-04-02
25850;2015-11-17
354714;2022-09-02
292521;2021-05-19
134575;2017-01-01
38185;2024-02-01
229230;2021-05-14
45337;2015-12-02
307484;2024-02-01
402896;2024-02-01
140847;2020-08-01
141489;2019-11-01
264539;2022-01-04
363054;2024-02-01
170652;2024-02-01
272502;2021-03-03
146047;2018-03-14
211896;2019-09-03
154014;2017-11-03
82895;2024-02-01
192807;2024-02-01
340838;2022-03-12
37056;2020-09-01
993;2020-04-01
43231;2015-10-07
148585;2020-08-05
307790;2021-08-12
270819;2024-02-01
281689;2021-09-21
46957;2019-05-21
163806;2024-02-01
384039;2023-08-01
155706;2017-06-03
22668;2016-10-01
370023;2024-02-01
411729;2024-02-01
7714;2021-04-01
289118;2021-02-19
334704;2022-07-12
176975;2018-04-03
322882;2024-02-01
83367;2018-01-03
225858;2021-07-09
323381;2022-01-04
276625;2022-07-01
263791;2021-05-04
58560;2017-06-01
370324;2024-02-01
329200;2021-12-07
230922;2019-10-04
239135;2020-03-01
416426;2024-02-01
318625;2021-08-24
173055;2021-04-01
349432;2022-07-05
327057;2022-05-24
187343;2019-06-01
214646;2020-06-04
116491;2017-09-01
230242;2019-10-04
377254;2023-05-10
404344;2023-08-03
397553;2024-02-01
115243;2017-08-03
260865;2021-08-03
327850;2024-02-01
288120;2024-02-01
274544;2020-12-03
300956;2021-05-20
283667;2024-02-01
326904;2022-01-18
374220;2023-11-01
299866;2023-05-26
271898;2021-09-08
206655;2019-10-18
357987;2024-02-01
30978;2017-02-01
244191;2020-08-20
134768;2021-08-18
124107;2016-05-04
308273;2024-02-01
65939;2024-02-01
271218;2020-08-19
96199;2016-06-01
184655;2018-08-19
320652;2024-02-01
389288;2023-06-08
194924;2018-11-11
58188;2018-05-01
314287;2021-10-17
292019;2021-08-11
90010;2016-08-03
381285;2023-02-14
255719;2023-01-10
179429;2018-05-03
296081;2022-05-25
152118;2019-01-01
396814;2023-05-23
159445;2017-07-07
311324;2024-02-01
28948;2021-06-01
6932;2024-02-01
254426;2020-07-23
222179;2019-08-03
406520;2024-02-01
199730;2019-01-08
109348;2020-06-03
335288;2024-02-01
136396;2019-09-19
138196;2017-01-04
206198;2019-06-04
223701;2019-09-10
122036;2018-07-01
351758;2022-06-07
247024;2020-04-02
306399;2021-12-01
254388;2024-02-01
91164;2016-10-01
84189;2016-07-01
253411;2024-02-01
175539;2018-06-05
37443;2018-02-02
853;2016-01-03
400380;2024-02-01
371983;2024-02-01
103498;2016-02-04
252485;2020-05-05
243186;2020-09-19
83177;2016-05-07
388369;2023-06-17
8078;2024-02-01
113414;2016-05-07
300871;2022-09-08
134242;2016-10-04
246711;2020-05-05
89508;2021-12-09
299663;2021-05-25
136647;2024-02-01
6926;2020-05-01
178838;2018-03-06
383623;2023-04-05
17540;2024-02-01
328524;2024-02-01
139288;2017-03-03
260963;2020-06-03
419482;2024-02-01
212197;2024-02-01
168729;2023-06-01
370880;2024-02-01
387697;2023-09-01
393331;2024-02-01
251156;2022-11-08
277018;2024-02-01
155320;2018-08-01
39707;2017-02-11
139749;2024-02-01
63228;2017-12-01
358954;2023-12-01
40716;2024-02-01
77727;2024-02-01
273628;2021-03-01
255138;2020-09-18
396225;2024-02-01
243770;2020-02-04
238577;2021-01-01
41627;2023-06-01
146955;2018-04-05
251054;2021-10-06
80346;2016-03-01
242841;2021-03-04
358464;2023-08-01
64305;2017-01-03
86625;2018-11-15
58850;2019-07-19
117064;2024-02-01
411388;2024-02-01
256526;2024-02-01
356323;2022-09-20
358830;2024-02-01
317647;2023-01-22
54387;2018-11-01
399158;2024-02-01
318098;2024-02-01
174679;2024-02-01
244562;2024-02-01
275048;2020-08-18
61275;2018-02-01
172969;2019-04-09
321515;2023-02-01
137444;2024-02-01
202086;2020-09-01
248769;2022-01-04
312662;2022-09-01
22981;2024-02-01
309139;2023-07-19
378984;2024-02-01
199109;2024-02-01
367720;2024-02-01
237129;2024-02-01
108666;2021-09-03
139326;2017-04-08
77701;2016-11-01
226367;2024-02-01
132908;2023-04-01
340449;2023-01-01
12727;2024-02-01
37453;2024-02-01
369916;2023-08-03
213454;2019-04-02
20838;2016-02-18
330166;2023-02-01
128773;2019-10-15
230712;2019-11-24
88371;2024-02-01
348968;2023-08-17
19546;2015-11-03
384729;2023-06-07
336355;2022-10-18
348734;2024-02-01
421190;2024-02-01
332814;2022-05-01
216385;2023-08-03
421453;2024-02-01
318021;2024-02-01
165662;2018-06-07
153466;2018-09-01
80552;2024-02-01
42272;2016-05-01
78306;2022-04-01
114852;2016-10-01
134271;2021-05-28
167776;2024-02-01
46387;2017-07-12
302407;2024-02-01
1139;2024-02-01
129114;2016-11-03
127041;2017-03-03
258138;2024-02-01
122328;2016-05-03
1481;2016-10-01
115455;2024-02-01
372635;2024-02-01
51752;2016-07-21
80385;2018-02-01
182669;2019-01-01
346958;2024-02-01
392159;2024-02-01
73712;2021-04-06
103823;2018-05-16
330120;2024-02-01
276905;2021-04-14
103229;2015-11-10
86809;2017-03-15
182173;2019-07-01
393561;2024-02-01
306580;2024-02-01
422508;2024-02-01
262724;2021-07-03
86931;2016-07-13
172099;2018-12-01
273145;2024-02-01
43907;2024-02-01
169780;2018-04-03
99055;2023-07-01
169185;2022-02-23
233120;2021-07-06
343375;2024-02-01
283316;2021-06-01
225686;2021-12-01
101905;2024-02-01
215216;2024-02-01
201176;2018-12-01
298997;2023-02-01
346824;2024-02-01
342194;2022-08-03
184801;2024-02-01
414910;2024-02-01
239054;2020-02-07
295523;2021-04-20
178234;2019-02-12
160355;2018-12-01
312033;2023-10-01
202153;2021-09-01
126344;2016-08-15
129305;2018-01-02
343932;2022-08-03
155960;2019-02-07
210265;2019-02-20
357473;2023-08-01
134863;2017-09-19
166858;2022-01-01
59082;2016-11-01
215062;2020-12-15
1253;2018-09-01
171608;2017-12-20
109487;2017-11-14
143479;2017-12-01
144642;2018-06-01
89000;2016-07-01
406599;2023-10-10
7089;2020-11-01
227482;2020-12-01
251200;2021-06-15
272395;2024-02-01
366025;2022-12-15
71483;2021-04-13
409390;2024-02-01
88703;2016-08-01
171163;2019-06-01
1234;2017-01-01
162535;2017-08-13
378269;2024-02-01
291268;2021-10-13
210223;2024-02-01
21149;2015-10-09
339446;2024-02-01
378263;2024-02-01
324463;2024-02-01
327244;2022-03-22
153214;2019-04-10
248247;2023-05-09
361114;2022-10-21
379816;2024-02-01
414907;2024-02-01
148568;2019-09-05
34244;2017-07-01
307774;2022-12-08
415550;2024-02-01
50248;2024-02-01
259528;2020-07-09
357734;2024-02-01
247582;2024-02-01
390966;2024-02-01
396959;2024-02-01
388696;2024-02-01
152876;2017-08-05
345071;2024-02-01
13350;2024-02-01
286724;2021-10-28
317873;2024-02-01
74393;2024-02-01
152909;2021-11-03
200384;2024-02-01
269645;2021-06-15
182395;2018-05-23
279128;2024-02-01
246060;2022-01-01
124101;2017-04-01
248588;2022-05-12
131937;2016-07-13
28181;2018-06-07
53206;2024-02-01
206813;2019-05-21
309263;2023-04-02
360365;2023-03-04
94568;2017-09-07
22050;2016-05-08
194479;2018-11-25
364491;2024-02-01
398550;2024-02-01
290542;2022-02-11
383797;2024-02-01
240990;2023-02-02
229575;2023-08-01
111713;2016-12-09
14221;2024-02-01
52507;2017-05-04
362236;2022-10-18
312230;2024-02-01
407037;2024-02-01
359288;2024-02-01
355742;2022-12-01
378378;2024-02-01
76418;2016-05-03
289164;2021-04-22
243897;2020-02-20
220309;2022-06-01
265835;2021-04-01
244327;2021-09-01
222243;2023-05-01
239257;2023-03-01
80650;2016-12-01
107785;2017-01-18
329331;2022-01-20
153876;2024-02-01
170706;2019-06-01
334656;2022-02-15
170647;2021-03-01
240003;2024-02-01
110249;2017-10-01
369098;2023-11-03
67242;2024-02-01
9357;2024-02-01
203530;2024-02-01
185448;2018-09-01
117802;2019-01-01
56134;2024-02-01
125299;2019-11-01
123503;2021-07-01
332613;2022-12-01
24752;2016-04-08
264755;2020-07-21
19036;2022-12-01
9287;2024-02-01
234089;2021-06-01
278959;2021-02-02
60183;2024-02-01
37730;2024-02-01
170101;2018-10-01
300020;2022-01-01
395960;2024-02-01
94034;2018-06-14
407594;2024-02-01
265086;2024-02-01
277465;2021-06-03
151118;2024-02-01
231869;2024-02-01
340186;2024-02-01
400447;2024-02-01
301196;2022-01-05
233739;2020-12-03
240420;2021-12-10
373159;2024-02-01
316330;2022-02-09
21383;2024-02-01
296112;2021-12-04
338136;2022-11-03
336992;2023-08-01
37509;2017-12-12
274266;2020-12-01
409511;2024-02-01
304532;2022-07-06
312104;2021-10-05
1457;2021-11-13
141098;2022-01-01
59052;2024-02-01
345745;2023-08-22
17731;2018-10-01
251350;2020-12-01
176556;2019-07-12
163361;2018-12-01
3776;2024-02-01
338901;2022-05-26
174339;2024-02-01
207390;2019-09-11
273224;2020-10-06
46185;2016-06-01
360880;2022-10-12
218735;2019-06-04
156694;2020-12-08
191685;2023-07-01
226334;2024-02-01
121847;2016-10-01
327803;2024-02-01
255589;2020-08-12
231595;2019-09-17
291120;2021-04-01
105431;2017-01-04
92948;2024-02-01
143302;2018-12-05
96186;2015-12-19
155016;2017-11-04
134093;2023-01-01
381723;2023-04-09
220321;2020-06-01
328682;2022-04-07
325124;2022-02-15
15009;2024-02-01
136567;2016-12-18
84693;2016-10-11
75439;2018-01-02
326503;2022-09-01
212984;2021-02-01
393572;2024-02-01
242920;2024-02-01
225552;2021-06-22
207588;2019-10-15
290345;2021-10-14
221199;2019-07-17
120927;2016-06-03
274669;2021-12-01
358927;2023-01-17
47895;2022-02-01
123017;2024-02-01
126744;2019-02-13
328758;2023-01-01
132497;2019-02-01
98282;2016-02-13
13728;2018-01-01
384841;2023-10-11
175089;2019-08-03
394648;2024-02-01
250885;2020-07-18
308978;2022-10-04
126752;2017-11-01
362576;2024-02-01
306778;2021-10-05
105375;2021-02-02
301123;2024-02-01
146723;2022-06-01
234466;2024-02-01
163776;2024-02-01
46531;2016-03-09
267908;2020-07-17
254510;2020-06-18
84154;2018-09-05
259030;2021-01-01
56762;2015-10-04
39872;2016-11-01
294897;2021-09-21
108203;2016-02-02
286394;2022-08-01
218607;2019-10-08
112980;2016-03-17
254756;2024-02-01
329880;2024-02-01
349886;2024-02-01
152089;2019-01-01
276610;2021-08-13
337934;2022-12-16
50911;2019-08-01
374171;2023-06-01
416368;2024-02-01
187992;2024-02-01
26918;2016-04-08
327610;2021-11-16
345738;2023-04-01
229745;2022-06-01
296323;2024-02-01
385461;2023-06-20
15012;2021-04-06
59042;2024-02-01
112049;2016-08-01
43777;2024-02-01
266477;2020-08-05
130476;2016-09-02
131046;2019-03-14
124668;2024-02-01
272899;2022-05-01
57470;2016-11-03
206994;2019-04-07
383517;2024-02-01
381310;2024-02-01
297610;2023-03-01
195087;2019-06-04
270463;2020-12-16
357609;2023-02-03
253436;2023-03-25
165140;2021-07-01
372396;2023-07-13
295809;2021-12-21
270812;2024-02-01
201020;2018-12-04
371930;2023-04-04
321244;2024-02-01
189779;2024-02-01
143097;2021-04-21
88950;2024-02-01
408466;2024-02-01
164931;2017-12-01
19307;2016-01-05
215480;2022-07-15
211704;2020-10-01
148455;2019-11-05
94956;2016-06-08
159564;2018-05-18
315592;2022-08-01
100857;2024-02-01
29699;2019-05-03
90897;2016-11-01
128012;2017-07-01
231847;2024-02-01
272924;2021-07-03
345181;2023-07-01
152441;2020-07-09
26446;2024-02-01
165308;2017-09-13
334697;2022-03-15
211157;2019-06-04
36283;2022-04-01
23543;2016-06-14
198888;2024-02-01
353898;2022-09-03
95427;2016-04-01
123800;2022-05-03
316333;2024-02-01
355104;2022-11-03
216302;2020-07-01
309460;2023-04-20
397710;2023-11-07
417367;2024-02-01
179497;2018-04-03
338040;2024-02-01
367285;2023-01-05
176582;2018-05-04
414423;2023-11-04
253947;2024-02-01
422447;2024-02-01
14158;2019-03-01
31558;2016-02-05
144573;2021-09-01
296290;2021-09-02
10255;2018-07-04
343535;2022-09-02
31965;2019-01-09
96410;2022-12-01
351265;2022-07-08
33262;2024-02-01
406172;2023-08-03
214224;2024-02-01
295260;2024-02-01
28751;2017-03-01
292962;2021-04-08
185016;2019-02-20
284635;2021-04-01
396193;2024-02-01
343288;2022-11-01
171463;2019-08-01
253090;2020-10-06
243829;2020-06-03
116288;2018-12-07
96375;2015-11-21
215782;2019-11-09
308581;2022-09-08
388724;2024-02-01
258500;2021-10-08
78642;2024-02-01
386274;2024-02-01
44482;2024-02-01
313647;2022-01-01
225725;2019-09-10
82756;2019-03-05
304752;2024-02-01
367655;2024-02-01
243002;2024-02-01
38397;2020-11-06
163063;2018-05-03
258486;2020-11-06
23577;2017-07-04
267052;2020-10-06
344531;2024-02-01
259726;2021-03-01
308632;2024-02-01
265570;2024-02-01
174944;2023-06-16
363278;2024-02-01
385405;2023-04-05
198391;2024-02-01
305227;2021-10-12
308301;2022-05-01
88996;2016-02-01
222341;2019-07-10
276627;2020-11-03
340200;2024-02-01
276363;2021-06-18
256012;2020-11-05
398791;2023-10-12
184964;2019-05-17
95530;2021-03-01
225816;2024-02-01
383592;2023-04-04
300783;2021-08-03
94048;2017-11-01
300163;2024-02-01
43680;2017-05-01
331828;2022-05-19
64331;2019-04-01
157326;2018-03-23
209651;2019-02-01
779;2016-08-09
53447;2024-02-01
3563;2017-05-03
245583;2020-05-14
268829;2020-10-06
192081;2020-10-07
262684;2020-08-13
185005;2022-11-08
244375;2021-08-01
136573;2016-12-18
137421;2017-06-11
12801;2018-12-08
110727;2018-10-17
164210;2024-02-01
145821;2024-01-01
351601;2022-07-05
268458;2020-07-08
217634;2022-03-03
14193;2024-02-01
132817;2017-12-01
145758;2017-04-21
35064;2017-03-01
404928;2024-02-01
319651;2024-02-01
109174;2018-11-13
313013;2024-02-01
221272;2020-01-01
329317;2024-02-01
381577;2024-02-01
254011;2022-02-17
243953;2020-04-02
352709;2022-09-04
121875;2018-02-01
152835;2017-11-03
19157;2016-03-04
222587;2021-01-05
374170;2023-04-20
52343;2020-04-01
385864;2023-06-20
26443;2016-08-01
320554;2021-11-03
331725;2024-02-01
142739;2017-01-10
316379;2022-10-05
21271;2016-05-01
161954;2019-05-09
126368;2024-02-01
208892;2021-10-05
165946;2017-10-11
151431;2019-09-04
292907;2021-04-02
117020;2024-02-01
99000;2023-04-01
400880;2023-05-19
32624;2024-02-01
226204;2022-06-08
288964;2022-09-21
47620;2017-06-16
19787;2017-04-01
265019;2024-02-01
71698;2017-11-01
242140;2021-12-01
389734;2023-10-01
324280;2023-02-01
7956;2016-10-09
310138;2021-12-01
415764;2024-02-01
238575;2020-03-01
340265;2024-02-01
188965;2024-02-01
96492;2016-06-01
363350;2024-02-01
280874;2021-01-01
104515;2016-11-17
7180;2022-05-03
31385;2015-11-13
372037;2023-04-19
112742;2017-08-03
114575;2016-11-03
215165;2019-09-04
390800;2024-02-01
108374;2016-12-01
206261;2019-01-15
182789;2021-07-13
200893;2020-03-13
236371;2022-02-23
72878;2024-02-01
120319;2016-12-02
378935;2024-02-01
373813;2023-09-02
317258;2022-10-18
199037;2019-01-05
296586;2024-02-01
91892;2016-03-16
155114;2024-02-01
236228;2021-05-01
4128;2018-01-05
207337;2019-07-03
185999;2018-09-18
204832;2019-08-13
297205;2023-09-01
133568;2024-02-01
66451;2020-01-01
222364;2024-02-01
133242;2024-02-01
243930;2024-02-01
23393;2017-05-01
311979;2022-02-01
320911;2022-10-08
56933;2024-02-01
223869;2021-05-01
146523;2023-11-03
208259;2020-06-18
144935;2017-02-01
182683;2024-02-01
239443;2021-06-22
393156;2024-02-01
152548;2018-01-01
252730;2022-04-05
390276;2023-08-03
224553;2021-06-25
305878;2024-02-01
89924;2018-05-08
409391;2024-02-01
171391;2019-04-02
311103;2021-12-07
359654;2022-09-08
248991;2020-05-31
286434;2021-03-03
218106;2022-07-19
119271;2016-12-01
249429;2020-08-22
201476;2018-12-04
215550;2019-07-16
113036;2024-02-01
189937;2024-02-01
135786;2018-12-01
319985;2021-11-19
348070;2022-06-07
233871;2022-03-03
301370;2022-12-01
197296;2018-12-15
163222;2021-09-02
91114;2016-01-05
228807;2020-02-18
301603;2021-11-03
75061;2024-02-01
246371;2020-04-02
33719;2021-10-07
39456;2020-01-01
60768;2015-11-17
253184;2020-05-06
240094;2024-02-01
217026;2019-06-04
296501;2021-11-13
351652;2022-11-16
190258;2019-07-18
25990;2015-12-02
327678;2022-02-13
77334;2021-02-19
121515;2024-02-01
232586;2019-11-05
176836;2019-11-07
103313;2016-02-15
4728;2019-02-07
92014;2016-11-09
13962;2022-06-01
238773;2020-06-11
173622;2018-08-03
68093;2017-11-01
91674;2023-07-19
45565;2024-02-01
95107;2018-01-04
209665;2024-02-01
30627;2021-08-25
336955;2024-02-01
103093;2016-02-02
260762;2021-05-04
193616;2024-02-01
340451;2024-02-01
352594;2022-12-01
154572;2020-10-06
80267;2021-04-21
196588;2019-11-05
231175;2024-02-01
28622;2024-02-01
148565;2021-05-13
183083;2024-02-01
121519;2024-02-01
103899;2016-07-05
410018;2024-02-01
189827;2019-01-02
255117;2020-07-04
288861;2021-01-13
286155;2022-08-01
366760;2024-02-01
351122;2023-03-03
44124;2016-07-01
135464;2017-02-01
1212;2018-09-01
155367;2017-07-11
258506;2024-02-01
49237;2017-09-02
74081;2023-05-01
134164;2017-10-17
301889;2024-02-01
298636;2021-09-01
44029;2024-02-01
30963;2017-02-01
68604;2021-11-23
71797;2016-07-03
345593;2022-07-11
260225;2020-11-01
188612;2021-05-11
367227;2023-01-03
197780;2023-11-03
103739;2016-02-16
183259;2024-02-01
129830;2016-11-01
167144;2024-02-01
48757;2024-02-01
94928;2018-12-12
361848;2023-02-14
184142;2018-08-03
313876;2024-02-01
174449;2024-02-01
87080;2018-08-15
285194;2024-02-01
26279;2024-02-01
329277;2022-09-02
79041;2020-04-02
392815;2023-09-20
125437;2016-11-03
121045;2024-02-01
180617;2021-09-02
310972;2024-02-01
16900;2016-03-03
6256;2023-06-01
260359;2024-02-01
194987;2018-11-11
182896;2018-06-12
383798;2024-02-01
277539;2024-02-01
137466;2017-04-01
17948;2015-11-13
300858;2024-02-01
250777;2024-02-01
52268;2018-04-10
327738;2024-02-01
112872;2016-12-09
330179;2024-02-01
353080;2023-07-19
97801;2016-04-12
152549;2019-02-01
271460;2020-09-04
249452;2023-03-03
177783;2018-05-20
245921;2020-11-18
244197;2020-05-15
78214;2024-02-01
365389;2023-11-01
200353;2024-02-01
239385;2020-07-17
226891;2024-02-01
31324;2016-03-03
122379;2020-09-02
399839;2023-11-01
330574;2022-02-23
322035;2021-12-01
253968;2024-02-01
341401;2024-02-01
183055;2018-05-03
283711;2021-05-01
120478;2017-12-12
30774;2018-09-01
13285;2016-11-01
419380;2024-02-01
370702;2024-02-01
145926;2024-02-01
24125;2015-12-02
375391;2024-02-01
160879;2017-09-19
42782;2024-02-01
219113;2019-08-13
339313;2022-05-24
292317;2021-04-04
178705;2022-03-04
306639;2024-02-01
112706;2018-06-01
169271;2019-02-05
408320;2024-02-01
132669;2024-02-01
3886;2015-11-18
394289;2024-02-01
386269;2024-02-01
353715;2024-02-01
66699;2024-02-01
13385;2015-10-20
170775;2020-08-15
252983;2024-02-01
198272;2019-02-01
198826;2019-01-01
61519;2017-04-04
93476;2016-06-01
146296;2021-02-01
359707;2024-02-01
391010;2023-10-04
91555;2024-02-01
47525;2024-02-01
179689;2018-06-17
418982;2024-02-01
339731;2023-06-22
101753;2018-04-01
200613;2018-11-20
126849;2017-07-01
280174;2021-10-05
244221;2023-01-01
411981;2024-02-01
110923;2017-03-03
170630;2019-04-02
136632;2017-04-04
18652;2017-10-01
311941;2022-07-15
292402;2021-05-16
384869;2023-04-05
114145;2016-03-19
35623;2024-02-01
191260;2024-02-01
292794;2024-02-01
72772;2019-06-01
400558;2024-02-01
107857;2020-09-01
234415;2020-01-05
227596;2022-09-21
410243;2023-09-02
143405;2017-04-19
59910;2016-11-01
290134;2022-02-01
245330;2022-05-01
241327;2023-01-18
351551;2022-07-06
361238;2024-02-01
66036;2017-11-01
65579;2017-02-01
226623;2021-08-03
91616;2016-06-01
363976;2024-02-01
6717;2021-08-01
4635;2024-02-01
87568;2024-02-01
320009;2023-04-19
393981;2024-02-01
151704;2024-02-01
65759;2015-12-04
307857;2021-09-21
342205;2022-06-17
404109;2023-11-03
183245;2019-07-01
121469;2019-06-01
158956;2017-08-08
171469;2018-08-01
116274;2016-09-01
63190;2016-05-01
1305;2022-04-02
123827;2020-12-22
327628;2022-02-13
207572;2024-02-01
390578;2023-09-12
112057;2020-07-03
108759;2016-02-02
38127;2020-12-01
346482;2023-07-01
206231;2020-04-01
197179;2018-12-02
343913;2022-07-01
137419;2017-09-22
94067;2016-08-20
41371;2024-02-01
43568;2016-06-15
155492;2020-09-04
178304;2018-07-07
20293;2024-02-01
302848;2022-06-22
407116;2024-02-01
36848;2016-06-10
5207;2017-01-01
408780;2023-09-02
315648;2022-02-01
191125;2019-07-05
119263;2017-09-12
24652;2016-03-11
192808;2024-02-01
262723;2024-02-01
116569;2024-02-01
205474;2023-05-09
340369;2023-08-05
121772;2016-05-10
311438;2021-08-10
79330;2022-06-01
65859;2017-07-04
107516;2016-02-29
95313;2021-10-01
388409;2023-04-02
303133;2024-02-01
336957;2024-02-01
422230;2024-02-01
364442;2022-10-05
242925;2020-08-05
121826;2024-02-01
258966;2022-08-01
317022;2024-02-01
9499;2024-02-01
5563;2015-11-03
416054;2024-02-01
124504;2024-02-01
73819;2024-02-01
396386;2024-02-01
40571;2018-03-08
372404;2023-10-10
49902;2019-03-19
260858;2024-02-01
304001;2024-02-01
144507;2024-02-01
123378;2018-08-01
265982;2022-04-22
370842;2023-06-20
17626;2017-12-01
301201;2021-06-03
66473;2024-02-01
38466;2016-01-15
292947;2022-02-03
310045;2022-01-08
122469;2024-02-01
196777;2019-11-07
257539;2020-11-17
145661;2017-04-19
256;2024-02-01
357420;2022-10-04
157751;2019-06-04
393378;2023-07-13
161005;2024-02-01
330098;2024-02-01
333817;2022-12-01
342203;2022-12-06
7233;2017-12-14
237274;2020-09-18
173715;2024-02-01
364247;2024-02-01
210823;2020-06-10
105407;2017-12-01
351238;2022-07-11
47990;2015-10-08
50771;2024-02-01
229457;2021-03-12
103437;2019-01-11
248713;2022-04-01
37340;2015-12-08
306999;2024-02-01
217230;2019-09-18
124259;2016-12-01
95393;2018-11-13
323846;2022-05-01
24349;2016-10-13
276994;2021-07-17
308574;2024-02-01
422170;2024-02-01
320469;2024-02-01
385021;2023-04-06
178731;2024-02-01
42952;2022-03-03
211819;2019-11-13
7772;2022-09-01
294668;2021-03-09
86663;2016-07-01
353200;2024-02-01
278921;2021-03-10
407530;2024-02-01
65740;2019-01-01
314717;2021-09-23
69276;2018-09-01
357345;2024-02-01
35190;2017-03-01
121461;2017-04-01
384603;2023-05-05
76849;2016-11-01
174616;2020-11-03
257614;2020-05-21
263553;2024-02-01
3631;2024-02-01
381015;2023-03-07
348134;2022-10-19
211387;2023-02-01
56782;2018-11-03
184036;2018-11-16
277815;2020-12-18
21562;2019-01-01
44698;2024-02-01
74381;2018-05-01
57758;2017-06-01
351721;2023-09-01
387610;2023-06-24
53025;2017-01-11
111165;2016-09-01
101356;2016-07-06
43893;2024-02-01
179479;2019-01-01
196733;2023-06-01
214508;2021-10-01
173236;2018-08-01
376089;2023-04-25
406067;2024-02-01
87377;2016-03-16
342419;2022-03-08
230566;2020-06-17
304144;2021-12-04
71806;2017-05-12
417169;2024-02-01
223819;2019-11-13
367771;2024-02-01
417438;2024-02-01
35286;2024-02-01
150705;2024-02-01
284550;2021-01-01
39653;2016-05-01
164971;2024-02-01
260758;2021-06-24
147203;2018-02-01
206789;2020-06-13
393532;2023-10-05
291569;2023-06-03
337570;2022-07-07
194421;2020-06-01
119590;2016-05-11
92143;2019-11-01
88637;2024-02-01
386930;2023-07-07
226097;2024-02-01
352716;2022-12-15
301891;2022-04-02
397736;2024-02-01
356108;2024-02-01
65787;2017-04-01
167645;2024-02-01
58184;2016-10-01
343586;2024-02-01
294531;2022-12-01
161792;2021-12-01
119576;2016-04-17
192364;2018-12-04
272370;2024-02-01
71;2021-04-01
361162;2022-12-01
243828;2020-04-12
32429;2016-09-01
18302;2016-06-01
136278;2017-10-04
403155;2023-07-21
7882;2015-12-16
42583;2016-04-13
375221;2023-08-01
17307;2024-02-01
227480;2024-02-01
7673;2018-03-01
310383;2022-03-01
224780;2022-10-01
348671;2022-05-14
346747;2024-02-01
218744;2019-11-10
380782;2024-02-01
419752;2024-02-01
319945;2021-11-13
240530;2021-05-06
165706;2017-10-04
172614;2018-03-18
157185;2023-01-03
206683;2021-02-05
80025;2022-12-01
250263;2020-08-06
183237;2018-11-07
373279;2023-03-03
268076;2021-04-02
279883;2022-12-01
331527;2024-02-01
380533;2023-02-01
128738;2018-01-01
207161;2024-02-01
325050;2022-11-16
171810;2020-10-06
30534;2016-04-01
43105;2016-01-02
371358;2023-03-01
123499;2016-12-01
251603;2020-05-09
345402;2024-02-01
120803;2024-02-01
9772;2021-02-01
315854;2021-11-09
315047;2022-08-01
23792;2017-07-01
125543;2024-02-01
85477;2016-11-01
143960;2024-02-01
53219;2016-08-01
54666;2024-02-01
111692;2018-09-01
354151;2024-02-01
404858;2024-02-01
68236;2022-10-01
208679;2019-07-03
138435;2024-02-01
352100;2023-01-03
103622;2024-02-01
418719;2024-02-01
305763;2022-01-01
172360;2020-04-01
1291;2017-08-01
379850;2024-02-01
380112;2023-10-18
139505;2017-06-01
5703;2018-07-01
3297;2017-05-01
49866;2018-09-01
41592;2024-02-01
326702;2021-12-15
91020;2016-10-01
400092;2023-05-23
178227;2024-02-01
48266;2016-07-01
21262;2017-08-01
253502;2022-11-04
366569;2024-02-01
416754;2024-02-01
244263;2021-01-06
343640;2024-02-01
35277;2019-01-01
269260;2024-02-01
151280;2018-12-01
98838;2016-04-12
35310;2018-06-01
422495;2024-02-01
87112;2022-02-01
191299;2022-01-01
156679;2024-02-01
62821;2022-09-01
285582;2023-12-01
246308;2020-04-02
2097;2024-02-01
76415;2024-02-01
418774;2024-02-01
127128;2016-06-03
120091;2021-04-08
193424;2021-09-09
5548;2019-11-01
285353;2021-04-22
90377;2017-11-01
96324;2020-05-01
244518;2020-05-17
105922;2020-08-21
123729;2024-02-01
2636;2022-05-01
2210;2024-02-01
131507;2018-05-03
194537;2019-05-03
200786;2023-01-14
271855;2021-12-01
167313;2020-07-03
156622;2024-02-01
389611;2023-08-23
28034;2016-12-01
163383;2021-01-01
399766;2024-02-01
402929;2024-02-01
416086;2023-09-20
69046;2017-03-01
242673;2020-07-18
394677;2024-02-01
75261;2017-12-01
189740;2019-04-02
367752;2024-02-01
61146;2015-10-08
27360;2017-01-13
185887;2024-02-01
115135;2019-01-01
73365;2024-02-01
358167;2023-01-01
357379;2022-12-01
414054;2024-02-01
138483;2024-02-01
129787;2016-08-25
335349;2023-05-11
56064;2024-02-01
373852;2024-02-01
12010;2015-11-13
80690;2015-10-06
369779;2023-02-13
201613;2018-12-06
26553;2016-08-01
355255;2024-02-01
28525;2024-02-01
317067;2022-03-03
72121;2018-04-03
68181;2020-10-01
297269;2021-06-15
290280;2021-03-03
266442;2022-10-04
204474;2020-06-05
157051;2018-02-14
374555;2024-02-01
167060;2024-02-01
150447;2017-07-01
307352;2024-02-01
121731;2016-08-05
130354;2018-01-17
403588;2023-07-04
255830;2021-06-09
314273;2024-02-01
183912;2020-07-07
78911;2024-02-01
176222;2019-10-01
129481;2019-01-01
363891;2022-10-04
295357;2021-04-08
412122;2024-02-01
172685;2020-10-01
272012;2022-04-05
2818;2016-09-01
99349;2024-02-01
405324;2024-02-01
302224;2021-08-04
36410;2021-10-05
86943;2015-11-12
259475;2020-11-01
193973;2021-12-14
180202;2018-06-05
139056;2017-03-03
365006;2023-02-03
169418;2017-12-01
295040;2023-03-03
343622;2022-05-03
69583;2024-02-01
58050;2022-03-01
387377;2023-03-21
228180;2021-01-01
41164;2024-02-01
60750;2024-02-01
316089;2024-02-01
53224;2016-05-01
291910;2021-04-21
370974;2023-08-01
259669;2020-08-07
85013;2016-04-01
369273;2022-12-13
183130;2019-06-01
289742;2024-02-01
272767;2021-09-02
167583;2018-07-17
258673;2020-08-09
59045;2024-02-01
284636;2022-12-01
252348;2020-06-18
403407;2024-02-01
77529;2016-04-12
177443;2021-06-17
108082;2017-11-01
190365;2024-02-01
418806;2024-02-01
3451;2024-02-01
131718;2017-08-01
163872;2018-01-01
161902;2019-05-14
109973;2024-02-01
293939;2021-06-03
85225;2015-10-07
70760;2024-02-01
17378;2016-06-03
181134;2022-12-06
64291;2016-04-01
304951;2021-07-03
272434;2020-09-02
413375;2024-02-01
146850;2018-05-01
209696;2019-02-05
251516;2020-11-03
392271;2024-02-01
96392;2017-10-05
320506;2024-02-01
341030;2022-10-01
146387;2019-08-01
97561;2016-02-01
347376;2022-06-07
394492;2024-01-01
359163;2023-02-17
316578;2024-02-01
365496;2023-03-23
207818;2019-12-17
309174;2021-09-10
90302;2024-02-01
256365;2021-11-13
264007;2020-07-07
325417;2023-04-04
378456;2023-06-07
126065;2016-08-16
110218;2017-05-18
34648;2017-07-20
316446;2024-02-01
250171;2020-04-18
238246;2021-11-01
147966;2024-02-01
290162;2024-02-01
138412;2018-01-01
50301;2019-11-01
408730;2024-02-01
412099;2024-02-01
93214;2016-06-01
287568;2020-12-18
375199;2024-02-01
270083;2024-02-01
126645;2018-06-05
148104;2018-02-01
334493;2022-06-17
332002;2023-05-01
206330;2024-02-01
108611;2017-06-20
156027;2018-11-01
278507;2024-02-01
186887;2018-08-03
107608;2024-02-01
362193;2022-12-01
372128;2024-02-01
17139;2016-01-19
241989;2020-11-10
106084;2024-02-01
374132;2023-01-14
143860;2020-02-04
303461;2023-10-17
275695;2020-11-05
52926;2024-02-01
90521;2022-07-01
4139;2023-04-01
277515;2020-11-03
313628;2021-10-16
200822;2019-02-01
88375;2017-11-01
323911;2024-02-01
115772;2016-06-01
29507;2017-06-01
123241;2024-02-01
186209;2019-07-01
395392;2023-09-20
33531;2018-03-01
360876;2024-02-01
999;2024-02-01
186966;2018-11-20
87262;2019-04-01
421270;2024-02-01
172156;2020-08-12
360234;2024-02-01
373750;2023-07-01
9102;2024-02-01
116871;2024-02-01
119044;2017-09-01
386401;2023-06-03
101680;2024-02-01
15418;2018-02-01
239481;2024-02-01
319105;2021-10-16
113696;2016-07-05
136518;2023-10-17
207693;2024-02-01
367512;2023-01-10
198726;2024-02-01
323042;2022-01-13
134426;2018-09-18
295840;2022-03-01
210280;2019-05-19
309443;2021-09-17
254905;2021-03-03
200007;2019-12-01
265099;2021-10-14
83713;2018-05-01
334624;2023-01-01
11937;2024-02-01
190716;2021-08-01
324618;2024-02-01
316124;2023-09-08
255365;2020-04-16
138972;2017-09-05
421573;2024-02-01
421600;2024-02-01
292573;2024-02-01
4950;2021-06-15
345282;2024-02-01
238676;2021-07-28
100292;2019-02-01
79932;2024-02-01
18086;2016-09-01
341785;2022-06-12
358548;2023-09-21
91501;2021-09-11
78774;2021-03-01
125359;2018-09-01
401283;2023-10-04
335316;2022-12-01
163812;2020-11-05
38911;2019-05-14
22555;2021-04-01
262535;2020-10-01
260528;2024-02-01
410126;2024-02-01
372831;2022-11-11
90064;2022-12-01
30370;2015-11-12
384856;2023-05-16
209557;2019-04-21
131445;2017-06-03
336991;2023-04-01
89536;2016-06-01
318863;2024-02-01
248831;2021-04-22
84293;2016-08-18
34187;2017-01-03
89281;2017-11-01
400068;2023-06-16
210528;2021-04-01
177523;2024-02-01
352166;2022-07-19
132366;2016-11-19
126004;2017-01-11
232455;2020-07-03
389663;2023-04-19
56372;2015-12-15
422299;2024-02-01
1523;2019-05-03
238931;2023-12-01
160629;2022-02-03
389077;2024-02-01
165214;2019-04-01
348117;2022-07-08
421370;2024-02-01
116209;2017-05-01
148126;2017-05-03
407080;2024-02-01
175204;2019-01-01
227857;2021-10-01
141027;2018-05-18
355056;2022-07-05
163085;2017-11-12
372906;2023-08-01
342589;2024-02-01
416109;2023-10-04
348252;2023-01-01
200356;2024-02-01
73817;2024-02-01
261817;2020-08-05
401948;2023-10-05
114386;2022-08-01
23077;2016-01-12
103680;2017-04-01
163178;2024-02-01
335756;2023-08-01
293258;2024-02-01
180676;2021-08-03
234787;2024-02-01
369763;2023-07-01
45096;2021-08-01
57953;2020-08-01
231789;2020-09-08
262174;2022-07-15
407993;2024-02-01
46397;2017-04-08
162002;2018-10-04
147638;2017-04-04
154835;2017-12-01
215570;2023-05-05
24509;2016-02-02
51280;2024-02-01
113243;2019-03-01
137453;2017-12-01
128406;2018-06-01
269761;2022-07-19
107048;2016-08-18
368178;2024-02-01
79829;2024-02-01
344574;2024-02-01
172439;2018-02-06
64539;2024-02-01
49263;2015-12-10
166969;2018-09-01
414100;2023-10-14
232144;2024-02-01
314363;2022-02-01
266126;2021-05-25
173408;2019-01-01
370368;2023-06-07
17259;2019-09-01
411418;2023-11-04
156917;2019-02-09
253521;2020-05-05
229028;2023-10-01
356839;2023-10-17
382718;2023-10-06
195872;2021-11-25
418663;2024-02-01
206080;2020-07-03
350381;2022-07-05
8912;2021-08-07
406937;2024-02-01
318858;2021-11-05
220873;2019-06-06
216312;2019-06-04
416973;2024-02-01
129920;2016-08-03
71868;2024-02-01
192592;2019-07-03
250353;2020-04-08
13457;2018-06-06
419904;2024-02-01
102943;2020-11-01
110658;2017-02-01
215315;2022-02-01
81223;2024-02-01
284466;2022-12-01
277501;2021-02-16
299279;2021-08-03
102457;2016-02-16
117196;2018-03-07
221988;2024-02-01
346702;2022-11-11
43594;2016-12-01
370045;2024-02-01
184870;2020-07-04
56747;2024-02-01
344994;2024-02-01
6214;2024-02-01
100795;2022-11-08
311757;2021-08-06
368887;2024-01-01
265028;2020-12-01
349547;2023-08-01
394966;2023-04-18
169163;2020-02-01
100532;2019-07-12
310219;2021-06-10
33100;2020-07-01
320798;2022-01-01
83793;2024-02-01
350507;2024-02-01
301098;2024-02-01
397719;2024-02-01
26341;2021-01-01
24818;2017-02-08
333864;2023-11-01
139443;2020-04-01
372477;2024-02-01
6673;2022-08-01
177593;2020-09-18
75534;2024-02-01
212952;2024-02-01
125110;2017-04-01
151445;2022-11-01
323251;2022-01-08
189781;2022-12-01
385913;2023-04-05
101700;2016-01-13
309201;2024-02-01
121886;2017-10-01
186016;2019-07-10
165108;2018-12-01
384415;2024-02-01
194101;2024-02-01
276318;2022-12-03
199977;2019-11-05
397588;2023-09-07
317747;2022-01-18
242752;2020-02-18
245858;2022-03-17
285235;2021-09-01
96700;2018-03-01
237271;2021-05-01
367445;2023-05-03
237592;2024-02-01
308224;2023-08-01
412336;2024-02-01
171964;2017-12-25
296394;2021-09-02
142650;2024-02-01
224120;2023-01-03
241094;2024-02-01
28118;2024-02-01
147713;2024-02-01
372382;2024-02-01
367102;2023-10-07
317057;2022-02-01
201157;2021-07-01
281564;2021-02-02
255664;2020-06-23
118179;2016-07-13
349267;2024-02-01
1537;2016-06-01
29455;2018-12-05
387390;2023-03-23
410560;2024-02-01
326916;2022-11-11
201542;2019-07-23
254593;2020-08-21
330828;2022-12-01
45065;2024-02-01
170794;2018-01-17
374408;2024-02-01
222885;2024-02-01
322226;2021-11-23
165599;2018-09-04
395749;2023-09-05
363241;2024-02-01
328535;2024-02-01
147864;2017-03-08
416074;2024-02-01
308125;2024-02-01
207778;2023-10-05
201404;2022-02-12
298093;2022-08-18
213270;2023-01-01
258523;2024-02-01
236963;2020-06-03
163277;2017-08-15
383325;2023-11-03
147288;2018-09-01
377002;2024-02-01
28876;2017-01-01
418995;2024-02-01
366050;2023-04-08
377035;2023-11-01
387556;2023-07-01
197451;2018-10-12
175167;2018-01-17
182355;2024-02-01
279298;2020-11-03
28810;2019-05-18
145906;2017-02-18
6971;2024-02-01
178046;2020-11-21
346054;2024-02-01
103867;2016-12-01
223862;2020-10-07
36027;2020-02-01
225668;2024-02-01
316406;2022-05-03
140107;2016-12-10
396054;2024-02-01
330207;2024-02-01
39010;2017-02-11
129218;2017-02-16
54854;2024-02-01
309940;2024-02-01
57628;2024-02-01
287078;2024-02-01
227975;2019-08-15
295293;2021-08-25
244186;2020-04-12
410003;2024-02-01
373917;2024-02-01
342488;2022-07-08
392200;2024-02-01
348566;2024-02-01
7080;2024-02-01
28072;2015-11-03
257340;2021-09-03
14606;2024-02-01
225094;2022-09-02
337423;2022-03-17
307233;2024-02-01
409151;2024-02-01
58706;2019-12-01
406019;2024-02-01
56536;2024-02-01
5322;2020-06-24
52625;2015-11-10
290584;2024-02-01
101520;2019-08-01
199734;2018-11-22
316468;2022-04-02
31354;2016-01-02
372258;2024-02-01
292387;2021-03-25
285585;2021-03-01
339637;2023-02-03
150326;2024-02-01
144862;2019-06-04
64862;2024-02-01
32720;2017-07-04
31175;2015-11-05
65369;2017-03-01
14886;2018-09-01
158645;2021-01-01
326391;2021-10-19
86578;2019-05-10
39549;2016-01-07
156546;2019-04-02
182402;2024-02-01
200148;2024-02-01
276601;2021-07-03
264767;2021-06-01
10477;2016-10-01
160963;2019-11-07
189467;2018-12-01
11727;2016-11-01
364618;2022-12-08
145552;2019-09-19
223916;2021-10-15
212340;2020-04-02
62718;2018-05-10
301099;2024-02-01
3419;2016-12-06
141260;2017-09-01
372425;2023-07-04
151771;2019-08-01
410947;2023-09-02
391196;2023-07-01
336329;2022-11-03
266530;2020-08-11
205547;2019-07-16
288799;2023-03-16
165345;2017-11-10
93770;2016-09-01
23699;2018-07-20
349713;2023-07-01
162692;2018-01-02
163971;2024-02-01
155646;2021-10-19
262610;2022-03-09
123974;2021-10-01
274573;2022-04-08
212844;2020-12-10
339315;2024-02-01
79455;2018-08-07
87607;2018-05-01
102314;2016-11-01
73306;2017-12-01
280977;2021-11-01
354237;2023-06-23
6919;2016-10-15
290180;2022-11-01
125522;2024-02-01
224933;2019-08-22
78549;2024-02-01
364734;2024-02-01
267764;2020-10-08
330547;2024-02-01
226945;2019-08-23
148490;2017-07-04
186735;2018-10-13
336658;2023-03-01
299886;2021-08-01
170396;2021-04-01
276359;2024-02-01
275173;2024-02-01
27397;2018-05-03
320022;2022-04-06
53822;2024-02-01
25392;2024-02-01
354477;2024-02-01
418062;2024-02-01
67980;2015-10-06
14379;2016-10-01
21010;2016-03-03
97149;2024-02-01
243170;2020-08-01
254843;2021-04-01
161935;2020-01-01
213655;2020-06-01
7134;2016-09-01
265554;2020-12-01
218175;2019-11-14
136569;2016-10-14
356532;2022-09-20
47586;2016-03-01
168735;2024-02-01
157755;2018-05-01
15590;2016-12-07
94638;2015-10-17
330405;2022-03-03
34196;2024-02-01
352960;2022-09-13
163280;2022-04-01
198096;2019-07-17
166445;2024-02-01
24988;2021-03-18
209923;2019-12-10
336616;2022-10-01
410426;2024-02-01
251083;2020-11-01
146661;2024-02-01
208065;2020-06-04
58487;2017-11-01
148921;2017-09-05
239176;2024-02-01
266755;2024-02-01
4783;2024-02-01
255330;2020-07-07
247660;2020-08-05
321610;2022-11-04
300131;2023-02-22
286201;2021-02-02
335454;2022-07-01
90166;2017-08-10
284167;2021-04-01
299013;2024-02-01
40022;2018-12-01
268190;2020-11-04
318483;2021-09-02
85327;2016-11-01
231466;2024-02-01
400959;2024-02-01
346092;2024-02-01
233096;2022-07-12
5776;2016-04-02
180239;2024-02-01
69310;2022-10-01
289201;2022-10-07
86803;2016-09-06
155732;2019-07-01
293705;2021-08-01
16301;2024-02-01
228946;2024-02-01
337524;2024-02-01
265021;2024-02-01
78983;2018-04-17
335046;2023-01-03
162983;2024-02-01
288229;2024-02-01
238669;2021-02-18
146489;2017-04-04
326578;2024-02-01
99941;2020-05-01
263794;2021-02-02
372892;2024-02-01
185694;2021-06-15
104535;2024-02-01
257073;2020-07-09
341457;2024-02-01
308430;2024-02-01
195584;2019-03-05
420241;2024-02-01
245163;2020-06-12
162446;2017-10-12
113648;2024-02-01
203201;2019-02-05
355866;2023-08-08
357459;2024-01-01
28820;2024-02-01
47206;2018-02-01
361182;2024-02-01
124426;2017-05-01
66864;2024-02-01
409130;2024-02-01
300614;2024-02-01
66632;2018-05-01
331365;2024-02-01
223366;2019-11-01
421779;2024-02-01
151596;2018-02-01
391482;2024-02-01
244380;2024-02-01
40557;2024-02-01
257391;2021-06-01
56676;2024-02-01
253438;2022-05-03
143132;2018-01-04
354341;2022-07-05
121400;2017-02-09
207158;2024-02-01
20880;2016-10-01
266291;2021-09-01
78264;2024-02-01
414139;2024-02-01
404083;2024-02-01
299903;2024-02-01
416470;2024-02-01
386551;2023-09-05
394125;2023-05-25
410501;2024-02-01
176914;2018-02-01
32147;2017-12-01
75982;2024-02-01
35637;2022-07-01
295938;2021-09-02
278132;2024-02-01
343601;2022-04-05
148808;2017-03-03
281451;2020-12-11
69674;2019-01-01
196556;2024-02-01
191798;2018-12-01
19002;2018-03-01
275762;2024-02-01
333259;2024-02-01
163895;2019-06-08
367606;2024-02-01
260803;2020-11-01
18973;2019-08-03
84315;2016-05-03
234006;2019-11-19
251007;2020-09-10
77938;2018-07-12
253518;2020-12-01
65264;2018-01-01
409351;2024-02-01
54058;2017-10-01
142130;2024-02-01
166981;2018-01-17
330281;2022-02-12
101878;2024-02-01
124996;2024-02-01
147018;2019-06-01
419427;2024-02-01
394815;2023-07-05
110058;2017-12-01
141408;2020-01-03
378240;2024-02-01
205091;2019-02-01
134278;2019-07-16
325430;2022-01-18
381944;2023-11-03
168001;2019-07-03
3203;2024-02-01
128515;2016-08-31
266283;2021-10-26
273956;2021-10-12
228137;2024-02-01
327963;2022-12-01
312233;2022-05-01
101572;2020-10-20
389981;2024-02-01
293439;2022-12-13
267554;2020-09-18
106773;2016-07-20
283599;2021-05-11
297908;2023-08-01
9862;2017-02-01
303030;2022-12-06
95312;2019-07-01
74820;2021-06-08
235458;2022-10-04
253540;2024-02-01
220714;2019-10-15
68264;2021-07-01
340806;2024-02-01
323613;2024-02-01
292047;2022-08-23
41827;2024-02-01
284351;2021-02-04
143042;2017-07-04
328154;2024-02-01
206820;2024-02-01
211033;2020-07-09
143145;2024-02-01
103676;2016-03-01
32994;2024-02-01
321261;2021-11-16
25036;2023-12-01
55594;2022-10-01
349171;2022-10-11
384382;2024-02-01
136850;2016-10-04
84253;2024-02-01
240321;2024-02-01
397760;2024-02-01
65629;2019-01-01
46542;2019-09-03
29410;2019-04-12
38997;2024-02-01
24767;2017-11-09
276480;2022-12-01
8877;2015-10-06
183677;2018-09-04
339915;2022-03-11
34933;2016-08-01
343590;2024-02-01
216225;2023-10-01
171851;2019-04-23
117521;2016-02-19
384835;2024-02-01
114819;2021-03-01
208828;2019-03-21
255317;2024-02-01
394205;2024-02-01
287785;2022-05-03
212980;2020-05-16
181914;2021-08-01
102648;2017-07-04
252350;2024-02-01
67053;2017-01-01
150251;2019-05-08
172519;2020-11-10
321684;2023-03-01
351633;2024-02-01
168650;2017-11-07
167983;2019-05-21
416304;2024-02-01
18753;2024-02-01
89817;2020-12-08
398041;2024-02-01
159954;2020-12-30
56559;2024-02-01
399532;2024-02-01
17747;2016-08-01
291517;2021-09-07
253153;2021-03-01
222011;2019-07-03
105009;2024-02-01
70946;2020-04-03
333762;2023-03-01
384970;2023-04-04
136956;2024-02-01
189191;2024-02-01
46877;2016-04-07
227594;2020-03-04
166296;2018-01-06
51707;2024-02-01
207427;2023-08-01
304615;2021-08-05
343169;2023-06-03
71636;2016-04-07
1263;2019-04-01
288387;2024-02-01
135922;2016-12-11
285052;2024-02-01
217131;2021-03-10
332102;2024-02-01
372025;2024-02-01
310565;2022-07-23
165057;2017-12-07
321673;2022-10-06
314336;2023-03-07
149412;2017-11-07
36841;2024-02-01
59164;2017-09-20
276707;2024-02-01
204430;2019-06-04
32860;2016-08-10
2738;2019-01-08
331232;2022-02-11
84670;2017-07-05
118374;2016-12-20
273404;2021-01-01
179303;2022-06-18
354814;2022-06-18
379312;2024-02-01
44288;2016-01-01
132267;2017-04-18
176467;2019-07-03
288328;2024-02-01
57104;2024-02-01
221180;2024-02-01
294795;2024-02-01
391287;2024-02-01
339084;2024-02-01
194765;2018-10-10
47310;2024-02-01
130880;2018-07-24
93753;2016-06-01
166398;2019-06-01
36560;2017-06-06
124707;2024-02-01
132023;2018-04-01
84446;2015-10-06
212187;2022-07-01
375436;2024-02-01
56626;2017-04-14
140061;2017-10-10
123242;2024-02-01
303869;2021-09-09
55454;2021-02-01
207459;2019-02-01
287774;2021-03-16
400491;2024-02-01
153572;2018-02-01
351157;2024-02-01
256101;2020-10-01
219095;2024-02-01
247196;2020-08-01
22313;2018-02-09
254223;2020-07-15
404555;2024-02-01
156291;2017-08-03
129113;2019-01-01
33714;2016-03-16
29060;2024-02-01
153510;2024-02-01
15506;2015-12-11
326524;2023-05-19
275641;2022-03-01
331893;2024-02-01
385358;2024-02-01
373980;2023-03-24
71074;2016-10-14
228720;2024-02-01
386477;2023-03-03
308458;2024-02-01
21476;2016-06-01
222862;2019-11-14
71450;2018-02-13
371388;2024-02-01
254708;2021-05-01
157642;2024-01-01
393139;2024-02-01
261535;2024-02-01
286002;2021-05-12
348354;2022-06-21
189761;2024-02-01
199044;2019-01-06
274072;2021-06-01
66417;2017-01-01
339124;2024-02-01
59357;2016-11-01
24559;2015-12-12
22057;2016-06-09
110635;2016-06-01
125725;2016-11-22
291364;2021-02-02
59119;2019-08-22
163187;2018-07-19
309858;2021-07-20
386414;2024-02-01
245733;2021-02-01
56373;2024-02-01
415385;2024-02-01
158686;2021-03-03
8774;2017-02-01
30811;2017-01-01
132197;2024-02-01
149667;2017-12-01
242539;2023-07-18
421176;2024-02-01
400775;2023-08-03
20369;2016-09-01
96453;2021-10-01
15369;2019-01-01
167701;2019-12-01
342495;2022-08-03
69150;2017-06-01
281122;2020-11-03
67108;2022-07-01
239670;2024-02-01
269450;2020-10-06
268044;2021-03-09
241705;2020-06-12
228371;2019-09-03
270902;2021-01-01
421958;2024-02-01
310272;2022-08-05
181078;2018-04-06
150597;2019-11-01
388686;2023-11-03
391650;2023-04-19
312113;2024-02-01
199738;2019-01-06
174217;2019-02-01
404403;2024-02-01
61012;2024-02-01
157570;2017-10-21
270618;2023-04-04
350850;2024-01-01
166671;2022-02-01
204243;2020-08-07
6556;2016-02-04
403871;2023-10-07
152073;2024-02-01
278145;2024-02-01
168251;2024-02-01
156117;2019-11-01
70498;2024-02-01
92481;2020-11-03
25835;2016-05-01
155018;2018-04-12
142694;2020-07-02
287191;2021-01-01
99503;2017-12-07
341788;2024-02-01
291857;2021-09-17
418324;2024-02-01
187475;2024-02-01
312028;2022-11-01
35497;2016-08-01
328397;2024-02-01
214615;2022-02-01
205684;2019-03-03
318282;2024-02-01
317564;2023-08-01
354262;2022-08-03
214020;2020-06-03
390900;2024-02-01
130637;2017-08-01
143368;2020-06-11
167641;2017-12-15
28357;2019-03-01
249991;2020-06-11
342272;2023-03-23
111036;2016-12-01
113246;2016-05-17
93323;2020-02-18
77743;2024-02-01
293695;2021-08-01
168067;2023-05-01
199270;2018-12-06
40518;2024-02-01
75233;2015-12-10
162433;2024-02-01
57047;2019-07-01
234899;2021-03-03
156075;2017-07-04
308730;2021-06-17
406979;2024-02-01
191831;2021-11-17
380672;2023-04-14
379424;2023-06-06
280157;2022-05-01
21328;2016-09-01
201961;2020-08-20
348698;2024-02-01
292318;2023-04-01
392721;2023-11-01
165669;2017-12-18
120765;2017-02-01
186080;2018-11-16
33292;2024-02-01
66875;2017-11-07
122197;2022-05-14
305824;2023-08-15
293324;2024-02-01
262502;2020-07-09
374969;2023-01-12
94958;2022-09-08
25604;2021-09-01
371354;2023-04-01
12003;2018-07-10
236172;2021-10-01
289519;2021-01-19
310342;2021-10-05
252519;2020-03-14
61677;2017-09-01
116812;2021-03-01
355479;2024-02-01
346899;2022-08-01
305234;2021-09-01
356770;2022-09-14
253743;2024-02-01
232846;2022-05-05
94336;2018-11-01
382745;2024-02-01
36169;2017-09-02
181894;2019-11-01
139566;2024-02-01
409818;2024-02-01
221851;2019-11-05
292624;2021-04-20
197741;2021-03-01
225926;2021-03-03
253396;2022-04-14
329573;2021-12-03
286574;2024-02-01
50845;2016-11-03
288837;2021-01-06
376100;2023-05-03
184426;2020-03-17
390242;2023-03-14
191345;2024-02-01
342090;2023-09-09
324462;2022-01-20
121878;2016-12-13
206467;2020-04-08
108955;2024-02-01
162268;2018-04-03
18855;2017-06-01
20822;2017-01-01
49860;2015-12-02
244015;2020-10-22
372950;2024-02-01
242087;2020-02-20
396512;2023-06-06
100963;2024-02-01
274594;2020-09-18
99891;2018-04-01
314557;2021-08-20
172968;2018-12-11
147398;2017-05-10
402993;2023-09-05
394803;2023-11-01
52076;2024-02-01
198568;2018-12-12
139098;2021-10-20
112816;2020-06-10
100304;2022-02-18
59761;2024-02-01
136182;2017-01-03
97028;2024-02-01
364021;2023-01-03
375035;2024-02-01
321658;2022-03-03
33407;2017-04-07
118308;2019-09-03
133997;2017-01-01
17142;2024-02-01
382423;2024-02-01
159710;2020-12-01
358650;2024-02-01
171101;2019-02-01
275085;2020-10-06
365194;2023-11-03
254845;2024-02-01
390196;2023-05-03
406124;2023-09-13
128531;2018-06-01
347934;2022-08-01
415549;2024-02-01
61732;2016-02-01
186120;2018-10-11
414080;2023-10-06
286447;2021-03-14
405464;2024-02-01
73982;2024-02-01
100382;2024-02-01
204092;2019-01-08
269171;2020-08-22
274315;2021-09-02
53165;2023-08-01
207312;2022-10-01
221239;2019-07-04
183378;2019-10-15
33652;2017-02-01
368877;2023-07-04
314406;2021-07-21
65729;2017-09-01
140748;2022-01-01
308854;2023-09-12
302888;2021-05-22
230267;2021-08-03
315274;2024-02-01
353085;2022-07-12
340184;2024-02-01
396636;2024-02-01
395012;2024-02-01
280516;2023-02-03
292341;2023-06-01
130816;2023-06-15
355930;2022-09-06
210541;2024-02-01
120821;2018-03-01
128893;2016-09-10
52120;2024-02-01
327625;2022-02-09
234140;2022-11-03
115889;2016-07-06
54101;2016-08-03
311060;2024-02-01
58659;2024-02-01
292433;2024-02-01
283073;2020-12-17
80231;2024-02-01
421378;2024-02-01
49594;2019-06-01
302894;2021-04-21
65714;2024-02-01
213785;2023-09-02
274980;2023-05-24
3670;2016-02-01
40210;2018-01-23
235644;2020-03-17
306439;2022-12-15
207958;2022-08-01
378085;2023-05-12
337796;2022-07-05
271098;2020-10-14
7190;2024-02-01
86925;2024-02-01
293342;2021-11-11
42980;2024-02-01
194122;2023-03-16
158046;2021-09-01
98478;2015-10-06
12618;2020-09-01
345908;2024-02-01
408074;2024-02-01
271306;2021-03-03
242654;2020-08-13
91704;2023-08-22
362927;2024-02-01
8099;2024-02-01
269040;2022-02-01
123688;2018-04-10
385318;2024-02-01
90412;2016-10-01
83056;2016-05-03
246302;2020-08-06
55666;2023-12-01
385434;2024-02-01
38773;2017-06-01
389392;2024-02-01
243538;2024-02-01
174390;2018-03-07
407504;2024-02-01
151166;2017-09-12
49919;2024-02-01
413784;2024-02-01
190078;2019-01-17
81984;2017-01-18
310863;2023-08-09
91356;2016-10-01
171035;2018-09-01
191104;2021-02-01
343085;2024-02-01
274367;2024-02-01
222973;2020-06-16
334079;2022-01-08
44656;2021-12-01
31772;2018-06-05
176047;2018-09-18
35144;2024-02-01
416053;2024-02-01
5004;2024-02-01
190372;2018-11-06
224185;2021-02-01
18041;2021-11-01
105779;2018-12-13
148447;2019-09-19
283237;2022-06-01
405475;2023-07-04
252542;2022-06-09
358877;2023-10-10
184116;2018-11-03
30777;2018-09-01
163424;2024-02-01
335079;2024-02-01
277812;2022-02-01
170534;2018-01-20
373451;2022-12-13
395246;2023-10-04
110607;2018-02-01
407003;2023-12-01
291928;2021-01-19
277621;2023-10-04
140223;2023-07-01
177039;2018-05-03
383265;2023-07-13
58963;2020-11-10
70081;2024-02-01
186852;2018-11-01
313678;2021-11-16
247682;2021-03-01
233885;2024-02-01
377263;2024-02-01
184562;2021-06-22
335906;2022-11-01
52783;2022-10-01
133542;2019-05-03
173767;2020-12-01
174160;2021-05-13
141277;2018-07-01
205549;2021-04-09
73189;2018-05-01
286673;2021-03-10
73440;2018-08-03
197071;2018-10-06
102356;2016-05-14
219357;2019-09-03
299712;2022-03-03
339330;2024-02-01
68352;2017-04-14
348774;2023-07-01
52223;2020-10-13
353745;2024-02-01
294063;2024-02-01
537;2015-12-15
305535;2022-08-01
251992;2020-05-05
53570;2015-12-02
413888;2024-02-01
237999;2022-03-01
274771;2020-11-03
223066;2021-08-01
64382;2019-11-08
149067;2018-11-01
183294;2018-12-04
302478;2024-02-01
45311;2018-05-18
181694;2024-02-01
258541;2021-10-26
410435;2024-02-01
417859;2024-02-01
104812;2024-02-01
320147;2024-02-01
215193;2024-02-01
417047;2024-02-01
86493;2024-02-01
297879;2021-12-01
338413;2022-02-08
298565;2021-06-11
285329;2021-04-17
212927;2019-09-03
83102;2021-07-01
70137;2019-09-01
198402;2019-01-01
214765;2019-06-11
40722;2021-04-01
186518;2018-07-31
304258;2021-05-27
180446;2018-05-09
184226;2018-07-18
282853;2021-01-01
156211;2017-06-21
143134;2020-01-01
380971;2024-02-01
211439;2023-12-01
167561;2019-07-01
273260;2020-10-13
23013;2022-09-01
90853;2016-12-01
31418;2018-09-01
342270;2022-06-03
164940;2020-06-13
409119;2024-02-01
232080;2021-03-01
293073;2024-02-01
173545;2018-01-02
112145;2017-02-01
253744;2023-04-07
359327;2024-02-01
153007;2018-01-02
221663;2020-11-03
247099;2021-02-01
51161;2024-02-01
367017;2024-02-01
1146;2017-06-01
49663;2016-05-12
12948;2024-02-01
290502;2021-02-02
264003;2022-06-01
277601;2020-11-04
137852;2018-02-01
376159;2023-01-04
205669;2019-03-17
364779;2022-10-04
146371;2020-11-01
404184;2023-09-20
287610;2021-12-01
290402;2021-12-03
54147;2024-02-01
341269;2022-06-21
275566;2022-02-01
377509;2023-02-08
355913;2024-02-01
258527;2021-10-01
442;2022-03-08
106057;2017-01-04
202562;2019-02-01
255452;2021-08-08
203871;2021-01-19
273313;2023-03-11
305402;2023-01-17
58067;2020-08-05
22342;2019-12-01
341831;2024-02-01
361499;2024-02-01
131377;2017-06-01
327346;2024-02-01
7790;2022-06-01
192066;2022-12-20
309424;2022-06-03
180158;2019-01-10
141189;2017-08-03
297543;2022-06-01
314011;2021-08-18
368109;2022-12-08
208914;2021-02-16
414595;2024-02-01
416492;2024-02-01
371541;2023-09-01
70974;2020-09-01
4008;2016-03-05
294398;2021-08-03
275636;2021-10-01
311052;2023-02-01
245516;2020-07-03
339146;2022-12-01
382508;2023-07-01
283564;2024-02-01
147444;2017-03-14
334232;2024-02-01
394162;2023-05-19
24807;2024-02-01
116273;2016-04-08
36119;2021-10-01
185713;2018-10-04
362570;2024-02-01
387218;2024-02-01
233233;2021-12-07
66057;2017-08-01
115192;2018-02-01
120595;2017-10-01
42143;2017-02-01
182644;2021-01-12
321503;2022-01-01
102735;2016-09-01
336433;2022-08-18
331371;2022-02-12
316887;2021-12-08
6249;2019-07-01
419216;2024-02-01
128468;2017-02-09
189178;2020-03-12
318441;2023-04-01
152094;2018-08-01
182011;2019-01-08
399876;2024-02-01
238665;2020-03-15
46662;2024-02-01
242609;2024-02-01
100385;2015-12-17
89632;2016-01-13
113948;2016-04-09
151835;2017-05-16
277952;2020-11-14
95372;2016-06-01
272000;2021-04-02
306415;2022-07-01
263036;2020-06-16
29614;2018-07-01
321260;2021-09-21
7143;2024-02-01
403144;2024-02-01
291844;2021-03-26
108865;2016-03-01
107808;2016-05-01
98903;2017-09-06
196666;2024-02-01
8345;2015-10-14
498;2016-01-01
258739;2020-07-21
398530;2024-02-01
410621;2024-02-01
62304;2021-07-01
163501;2017-09-04
341472;2024-02-01
352493;2024-02-01
379498;2024-02-01
291249;2021-09-17
209294;2019-02-07
181786;2019-08-13
370723;2023-01-14
28029;2024-02-01
406781;2024-02-01
113408;2017-03-03
45263;2024-02-01
40721;2024-02-01
113273;2020-08-05
412332;2024-02-01
291685;2022-04-01
144986;2020-08-01
55766;2021-09-01
2946;2015-11-13
220468;2019-06-13
31795;2019-03-01
224984;2021-05-01
323898;2022-02-02
372649;2024-02-01
15133;2018-01-02
50507;2023-08-01
376092;2023-03-14
410672;2024-02-01
308395;2024-02-01
126653;2016-07-21
19413;2024-02-01
403647;2024-02-01
114888;2018-09-01
421566;2024-02-01
330022;2022-02-01
192203;2019-02-01
128602;2024-02-01
188282;2018-07-26
287276;2022-04-01
77276;2024-02-01
103480;2016-05-11
7394;2015-11-05
411037;2023-10-07
121913;2016-11-01
177870;2019-08-03
286317;2023-04-02
194031;2020-07-16
416095;2023-10-20
331766;2022-02-01
242966;2021-04-03
76012;2024-02-01
108306;2016-07-05
342116;2022-11-05
100728;2017-02-07
391707;2023-07-03
295764;2021-09-02
83822;2024-02-01
106575;2016-09-06
335547;2022-07-05
15178;2023-02-01
112271;2016-02-19
64099;2016-12-01
376360;2024-02-01
87494;2022-07-01
413880;2024-02-01
159536;2017-08-08
127747;2016-11-10
108497;2018-10-09
306285;2023-02-07
54916;2024-02-01
331722;2024-02-01
298006;2021-10-19
279825;2021-03-01
421525;2024-02-01
212225;2019-03-21
195366;2019-11-05
407845;2024-02-01
365953;2024-02-01
223654;2019-07-10
421281;2024-02-01
235039;2021-12-01
410214;2023-11-03
336145;2023-12-01
43381;2016-12-01
132376;2016-08-20
362195;2024-02-01
165982;2017-10-04
359344;2023-09-02
63052;2023-07-01
367414;2023-01-03
68455;2024-02-01
39445;2022-08-01
224982;2019-08-06
255443;2021-11-10
402841;2024-02-01
138955;2018-08-01
222537;2021-05-15
45880;2023-02-01
10902;2016-09-10
271378;2022-08-01
410652;2024-02-01
179393;2021-07-01
135522;2020-03-03
177607;2019-02-15
116568;2019-12-01
211214;2019-03-28
361025;2023-06-20
95229;2024-02-01
334098;2024-02-01
306791;2022-10-04
359372;2022-10-19
27181;2016-07-05
302072;2024-02-01
299409;2021-05-06
246011;2020-07-23
382712;2023-04-06
273273;2021-09-11
14790;2022-06-01
126956;2017-10-04
146167;2018-02-08
244138;2023-02-07
256877;2020-08-05
102156;2019-01-01
287105;2024-02-01
300149;2023-04-19
143503;2017-04-04
130515;2017-02-01
78935;2017-07-01
85299;2016-11-01
57089;2024-02-01
148513;2017-09-06
47568;2016-04-02
379716;2024-02-01
227555;2020-01-02
347209;2024-02-01
103922;2016-12-01
10171;2024-02-01
148488;2017-08-09
411642;2024-02-01
288378;2021-08-18
119432;2018-10-01
389721;2023-04-04
107343;2016-05-03
190456;2019-04-24
318693;2024-02-01
361016;2022-11-03
175898;2018-01-10
276092;2021-08-10
95375;2016-06-01
378955;2023-03-21
199976;2018-11-03
406478;2024-02-01
45742;2017-08-01
387347;2023-05-12
336392;2022-08-16
325930;2023-02-01
158929;2022-10-01
398638;2024-02-01
352343;2024-02-01
219460;2019-09-03
417531;2024-02-01
140869;2019-02-01
137606;2017-07-22
366128;2024-02-01
70862;2018-07-01
97661;2016-01-05
341570;2022-11-05
400265;2024-02-01
408392;2024-01-01
212406;2021-04-03
167834;2019-04-02
414351;2024-02-01
131896;2024-02-01
53285;2015-10-22
297127;2022-06-04
304967;2021-08-01
390508;2024-02-01
337060;2024-02-01
421925;2024-02-01
219289;2021-08-06
90836;2020-03-01
347812;2023-01-17
207664;2024-02-01
395096;2023-08-08
3013;2022-08-09
101095;2024-02-01
360915;2024-02-01
214539;2021-03-12
3164;2016-02-13
418020;2024-02-01
313556;2023-01-01
47325;2016-01-01
369511;2023-07-01
107147;2018-05-05
226437;2019-10-06
266562;2021-10-07
397837;2024-02-01
246311;2020-04-02
71845;2018-03-01
168755;2018-10-01
133313;2018-03-01
157021;2020-01-01
106448;2018-10-01
316086;2022-06-18
404885;2024-02-01
296582;2022-07-13
65057;2024-02-01
407108;2024-02-01
398523;2024-02-01
36527;2020-08-01
251834;2020-12-16
402695;2024-02-01
62415;2018-11-01
317207;2022-10-05
366788;2024-02-01
10224;2016-08-01
386933;2024-02-01
192657;2018-10-18
392606;2024-02-01
393845;2023-07-04
359491;2023-10-04
215119;2019-12-13
30613;2021-09-01
97879;2018-03-13
398796;2023-10-13
198503;2018-11-09
25564;2022-04-01
121111;2017-08-03
366210;2023-04-01
77307;2024-02-01
378848;2023-03-23
397351;2024-02-01
96428;2016-11-19
263940;2022-03-17
101292;2021-02-16
65067;2016-04-02
419730;2024-02-01
388658;2024-02-01
288059;2021-10-05
108334;2016-08-18
43914;2024-02-01
421404;2024-02-01
134902;2024-02-01
64619;2024-02-01
95793;2022-06-01
114763;2024-02-01
21795;2016-03-01
107928;2017-06-03
13384;2020-08-19
157379;2017-07-11
131369;2021-07-01
279480;2024-02-01
309689;2024-02-01
763;2016-12-01
300683;2021-07-08
227607;2020-11-03
130307;2019-06-04
369087;2023-01-19
70520;2024-02-01
215901;2020-01-01
197117;2020-07-23
47133;2024-02-01
345758;2024-02-01
21906;2016-04-05
381885;2024-02-01
135404;2017-07-04
56093;2023-11-03
154018;2017-11-03
20520;2024-02-01
397199;2024-02-01
339391;2024-02-01
76614;2024-02-01
295673;2022-12-01
84849;2016-08-20
329284;2022-01-06
20405;2016-01-06
249273;2024-02-01
220472;2020-12-10
82758;2018-12-15
396990;2023-05-19
278938;2024-02-01
36969;2016-06-16
141471;2024-02-01
219539;2024-02-01
280760;2020-10-20
228894;2023-10-01
411196;2024-02-01
252410;2020-04-02
193558;2018-08-21
318000;2022-06-15
384502;2023-10-05
137236;2024-02-01
421199;2024-02-01
10655;2024-02-01
187407;2020-05-16
21248;2024-02-01
152849;2018-01-10
134162;2017-02-02
12255;2017-06-01
67075;2024-02-01
75535;2017-01-04
418545;2024-02-01
292875;2021-07-13
224022;2019-07-03
365830;2024-02-01
176577;2024-02-01
75294;2021-04-01
256090;2023-07-01
224122;2021-06-01
348887;2024-02-01
224755;2022-08-03
102484;2016-01-02
25311;2018-07-01
50920;2017-11-01
345102;2022-09-13
403107;2023-12-01
155913;2017-08-09
18049;2018-09-01
143538;2023-02-01
107615;2016-01-15
391060;2024-02-01
161365;2017-10-18
134214;2021-05-01
330293;2022-04-16
5390;2016-03-19
17469;2024-02-01
401001;2024-02-01
282335;2024-02-01
122844;2016-12-03
189613;2018-07-07
126348;2018-12-05
79792;2015-10-15
142294;2024-02-01
274101;2023-06-06
422092;2024-02-01
399678;2023-11-03
243319;2024-02-01
350717;2023-07-11
399269;2024-02-01
338559;2024-02-01
132911;2023-01-14
74782;2024-02-01
164589;2017-10-19
202903;2018-12-04
19909;2020-07-03
109804;2016-06-07
234680;2019-12-21
169312;2018-02-07
11;2023-08-15
249689;2020-04-18
402902;2024-02-01
195892;2019-04-01
363095;2024-01-01
285674;2021-02-05
62482;2018-05-05
179035;2018-07-03
89390;2016-08-01
35696;2024-02-01
28234;2024-02-01
400855;2024-02-01
347813;2024-02-01
106037;2018-10-11
2314;2022-07-01
168935;2018-10-01
230383;2021-07-03
284906;2020-12-01
266675;2021-07-03
418423;2024-02-01
347946;2022-12-01
100214;2015-10-07
157538;2023-02-01
4073;2024-02-01
300008;2021-07-06
376738;2024-02-01
291979;2024-02-01
167278;2018-02-01
94468;2024-02-01
393978;2023-07-18
206085;2020-01-07
410137;2024-02-01
419566;2024-02-01
209961;2024-02-01
156351;2017-06-13
126279;2017-08-01
183108;2021-02-01
198606;2024-01-01
43106;2016-08-05
320008;2021-09-07
395804;2023-06-06
151328;2017-07-18
358896;2024-02-01
351017;2024-02-01
134105;2018-06-01
61348;2024-02-01
395235;2023-08-03
38250;2024-02-01
70542;2017-07-01
400909;2024-02-01
95750;2022-12-20
256153;2020-11-01
252660;2021-11-05
242436;2021-12-01
349438;2023-08-22
135172;2017-05-03
104765;2016-01-20
410015;2024-02-01
104377;2020-08-05
214155;2019-07-09
200738;2022-01-04
302298;2021-09-01
295114;2022-06-03
311679;2024-02-01
307172;2022-11-01
350461;2022-09-01
93246;2016-01-12
28157;2021-03-01
115438;2017-05-03
213638;2024-02-01
68193;2024-02-01
393470;2024-02-01
353755;2022-12-01
368350;2023-08-01
112886;2016-03-05
368562;2023-01-03
85337;2016-01-02
79916;2016-04-12
227313;2024-02-01
316669;2022-09-09
186703;2018-11-15
100468;2024-02-01
388141;2024-02-01
187541;2019-09-01
324924;2022-12-01
314980;2021-09-18
138045;2022-01-01
145231;2019-07-12
262025;2020-06-03
107809;2016-05-01
419811;2024-02-01
173948;2017-12-16
81318;2019-09-01
33788;2019-10-01
140712;2017-01-04
113769;2016-08-01
418683;2024-02-01
45327;2021-06-01
403945;2024-02-01
350993;2023-08-01
255209;2023-01-10
116028;2017-01-04
331144;2024-02-01
361156;2022-10-04
353471;2024-02-01
408610;2024-02-01
12929;2015-11-18
380764;2024-02-01
191246;2021-11-03
170074;2023-04-01
372346;2024-02-01
213388;2021-11-01
196996;2018-11-03
140019;2017-01-28
408766;2024-01-01
145003;2020-03-03
19932;2016-02-02
18424;2022-06-01
377959;2023-04-11
3270;2018-01-03
237295;2023-04-04
227817;2024-02-01
30590;2024-02-01
90283;2017-11-01
170610;2023-02-01
143697;2018-09-04
276476;2024-02-01
111098;2016-05-03
11325;2018-01-18
42463;2016-05-01
70159;2016-12-01
2652;2020-09-01
168339;2019-04-09
109033;2016-02-03
86986;2019-05-22
326728;2022-02-22
97516;2019-04-02
214665;2021-07-03
288097;2024-02-01
185849;2018-10-18
146656;2019-08-03
399014;2024-02-01
52839;2017-03-16
363121;2023-04-04
290810;2021-02-19
2122;2024-02-01
160127;2018-09-01
130622;2021-08-17
280353;2021-04-01
189563;2018-10-04
13699;2016-03-01
144757;2017-06-08
290580;2024-02-01
295197;2024-02-01
2212;2019-05-01
252552;2020-11-01
286953;2021-06-01
223143;2023-02-03
82852;2016-08-03
298500;2024-02-01
315103;2022-04-21
193853;2020-07-07
130961;2017-07-04
284294;2021-03-01
178733;2018-11-03
22742;2018-11-21
362141;2024-02-01
257852;2024-02-01
387523;2024-02-01
242789;2024-02-01
365969;2023-04-07
291794;2024-02-01
17644;2017-01-01
138200;2018-04-10
388833;2023-08-01
25114;2024-02-01
12235;2016-10-01
115933;2018-02-07
402814;2024-02-01
290884;2024-02-01
154972;2023-05-01
197512;2019-03-19
245159;2020-11-05
2088;2024-02-01
375843;2024-02-01
372708;2024-02-01
21156;2017-08-09
304495;2022-06-01
267342;2023-02-02
195682;2024-02-01
45510;2024-02-01
192691;2023-10-01
313125;2022-02-18
49509;2015-10-08
127928;2017-10-05
405897;2024-02-01
393663;2024-02-01
64130;2016-10-15
402443;2024-02-01
262390;2021-08-24
195447;2018-09-04
142204;2017-04-02
37990;2024-02-01
79810;2016-01-01
313727;2022-04-06
90235;2015-10-17
225834;2024-02-01
80917;2023-05-05
267831;2024-02-01
130132;2017-06-01
180599;2019-03-12
299040;2023-06-01
263527;2020-09-01
195213;2018-11-03
310078;2021-12-16
419385;2024-02-01
48654;2021-04-10
259187;2024-02-01
180736;2022-11-11
138205;2019-10-04
377255;2024-02-01
2420;2024-02-01
297357;2022-06-15
144779;2018-06-12
281730;2021-03-12
108150;2016-07-13
88354;2021-08-01
301011;2023-11-01
217592;2019-11-05
312785;2022-08-01
121894;2017-06-03
342995;2023-04-13
396294;2024-02-01
191828;2022-04-01
234278;2020-12-01
8553;2024-02-01
301130;2021-05-04
268766;2024-02-01
197614;2024-02-01
208170;2019-08-15
49496;2016-07-19
337506;2023-08-01
12908;2024-02-01
296993;2022-04-06
171852;2018-10-04
109761;2016-06-03
415544;2024-02-01
282067;2024-02-01
414183;2024-02-01
202158;2019-06-08
264548;2021-12-01
26930;2018-10-13
76430;2021-09-01
136523;2024-02-01
62208;2024-02-01
59543;2016-12-01
45046;2021-04-13
50215;2019-03-01
279090;2024-02-01
322958;2022-11-01
346914;2024-02-01
156772;2017-09-19
165636;2018-10-08
316531;2024-02-01
93996;2017-04-01
33766;2016-12-01
8245;2023-04-02
49071;2015-10-20
177167;2018-07-03
365126;2024-02-01
91595;2016-09-01
339837;2023-11-03
110682;2024-02-01
356;2024-02-01
100444;2015-10-15
396178;2023-06-06
132808;2018-08-01
148969;2017-10-07
389680;2024-02-01
334517;2024-02-01
292070;2024-02-01
156722;2021-06-01
83127;2019-05-21
150348;2020-06-04
87714;2018-02-01
313394;2022-11-01
182535;2019-02-01
82403;2016-01-14
259391;2021-09-01
104575;2016-02-10
304652;2021-10-14
41094;2018-07-01
301362;2024-02-01
131673;2017-08-12
15812;2016-09-11
308241;2024-02-01
383354;2024-02-01
28653;2024-02-01
406506;2024-02-01
39304;2017-02-01
179105;2020-12-01
326659;2022-01-06
26660;2016-06-01
233058;2020-03-03
38539;2024-02-01
410101;2024-02-01
138765;2017-12-07
63584;2016-06-15
109706;2016-09-01
231944;2024-02-01
100540;2017-11-14
35003;2016-08-01
373294;2024-02-01
11183;2023-02-01
89211;2024-02-01
130773;2017-11-16
42436;2017-01-05
259253;2023-02-01
254103;2021-10-12
150819;2018-05-03
82111;2016-09-01
163426;2019-05-22
352249;2024-02-01
366482;2022-12-01
344600;2022-08-20
223254;2019-10-16
229080;2024-02-01
301499;2021-06-11
303275;2024-02-01
322586;2024-02-01
33285;2017-10-01
127644;2017-09-01
51128;2021-03-01
178362;2024-02-01
31111;2019-07-01
218669;2021-08-11
260881;2021-09-01
28506;2019-02-05
349538;2023-08-01
21418;2022-05-01
27316;2016-10-01
166825;2017-11-03
313687;2023-06-21
177072;2018-04-03
70398;2017-06-01
355286;2024-02-01
114467;2019-09-06
360542;2023-04-04
95061;2016-06-01
374479;2024-02-01
404527;2024-02-01
113084;2024-02-01
171252;2019-08-03
10855;2015-12-05
97299;2019-07-19
403423;2024-02-01
272857;2021-05-06
318176;2021-10-08
87114;2016-12-01
228389;2023-10-06
369983;2024-02-01
103130;2017-06-02
390746;2024-02-01
145825;2019-08-22
80259;2024-02-01
319428;2022-07-12
353888;2022-08-18
14777;2016-09-01
275801;2023-05-12
82310;2018-09-18
68559;2023-12-01
157902;2018-07-10
132587;2018-05-19
309534;2021-12-03
191092;2020-02-01
409961;2024-02-01
25635;2015-11-17
322794;2022-02-12
255116;2020-05-05
397045;2024-01-01
23162;2016-07-07
38732;2016-06-03
80582;2024-02-01
259892;2020-08-08
277704;2021-06-01
361497;2024-02-01
391556;2024-02-01
373375;2023-02-01
108069;2015-12-15
168849;2021-08-01
339893;2024-02-01
84227;2021-08-03
181567;2018-05-10
328501;2022-05-03
193824;2024-02-01
114185;2016-07-15
292101;2024-02-01
40459;2018-01-13
55506;2021-05-20
321685;2024-02-01
111378;2016-11-30
261497;2021-01-01
392438;2024-01-01
213741;2019-10-19
58738;2017-03-15
52478;2024-02-01
278026;2022-11-01
347957;2022-08-01
57928;2024-02-01
286222;2021-02-18
244340;2023-03-03
277598;2022-05-03
89374;2019-05-03
29801;2024-02-01
160783;2023-03-01
382513;2024-02-01
233916;2024-02-01
206346;2019-03-12
46164;2015-10-07
316057;2021-09-10
5445;2020-11-18
204251;2022-08-11
12937;2017-09-08
287178;2023-09-02
65459;2015-12-02
83100;2016-04-05
78446;2024-02-01
32856;2018-02-01
350108;2022-11-01
368216;2024-02-01
171882;2017-12-07
54565;2023-05-06
413696;2024-02-01
339544;2022-05-03
21708;2024-02-01
212633;2019-06-05
298990;2022-05-04
78225;2016-02-10
38703;2016-09-10
274194;2020-10-06
49260;2017-04-04
259516;2020-10-06
194842;2019-06-01
362261;2024-02-01
113241;2016-07-05
378986;2023-05-16
312056;2024-02-01
135727;2018-02-01
395202;2024-02-01
341416;2023-01-01
398618;2024-02-01
368509;2022-11-11
39102;2024-02-01
137916;2024-02-01
404365;2023-09-02
21241;2021-04-01
399698;2024-02-01
409711;2024-02-01
214379;2024-02-01
234291;2020-12-01
154032;2018-10-05
120880;2018-01-17
403576;2024-02-01
268255;2021-09-01
119895;2016-04-02
194396;2019-02-01
73576;2015-11-12
1238;2017-04-01
108756;2024-02-01
155174;2017-10-01
344885;2022-06-15
166600;2019-06-04
393364;2024-02-01
386149;2024-02-01
322136;2021-11-11
252009;2022-09-01
281301;2024-02-01
182569;2022-06-01
216816;2023-04-13
364076;2023-09-02
55392;2024-02-01
37417;2017-07-11
150073;2018-09-04
273294;2021-09-08
125424;2024-02-01
215246;2022-08-01
57336;2017-02-04
420750;2024-02-01
72688;2024-02-01
259866;2020-07-22
360135;2022-08-16
283146;2021-05-01
247336;2020-05-17
361255;2023-02-08
401192;2024-02-01
251814;2020-10-15
274950;2020-09-04
246912;2020-07-17
305211;2023-08-01
391983;2024-02-01
48506;2024-02-01
136819;2017-11-01
389661;2024-02-01
279607;2021-07-21
115449;2024-02-01
165862;2023-02-01
52379;2017-07-11
378164;2023-06-01
51447;2017-04-01
415249;2024-02-01
243612;2024-02-01
421086;2024-02-01
322939;2022-05-04
221084;2020-11-11
22617;2017-01-01
212593;2024-02-01
45892;2017-04-14
154308;2020-03-06
243503;2020-02-12
301470;2022-08-06
287354;2021-03-12
291311;2024-02-01
339062;2022-08-20
268384;2024-02-01
221400;2021-06-04
83784;2016-10-14
304619;2021-11-11
332612;2022-12-01
175015;2018-02-01
85758;2016-11-01
133039;2024-02-01
307143;2021-11-03
357807;2024-02-01
313794;2021-11-03
221169;2024-02-01
388291;2023-05-04
393237;2024-02-01
206910;2021-08-17
196409;2021-08-01
45120;2021-07-13
382287;2023-05-01
343331;2022-09-13
20297;2024-02-01
261031;2021-05-04
24048;2017-01-13
402194;2024-02-01
242186;2022-10-04
141944;2018-03-01
165830;2018-04-20
12119;2016-03-18
254634;2022-03-01
18089;2018-12-01
29820;2016-09-13
330996;2024-02-01
41803;2024-02-01
344742;2024-02-01
10511;2019-02-05
162953;2017-09-23
16428;2016-01-01
25225;2018-02-13
209438;2020-04-07
406434;2023-11-01
326875;2022-09-24
324100;2022-03-03
360338;2023-03-24
258247;2024-02-01
109586;2016-06-14
4253;2016-04-01
321557;2021-12-21
68389;2018-11-07
133962;2017-01-01
279469;2024-02-01
364841;2023-01-01
305938;2024-02-01
314334;2021-08-16
166371;2022-06-01
406344;2024-02-01
297969;2021-09-17
329617;2022-03-01
263759;2020-09-07
212739;2020-05-05
289881;2021-08-18
399834;2024-02-01
203905;2019-02-17
50282;2020-06-23
317977;2022-10-04
306226;2024-02-01
352152;2022-11-01
7869;2022-11-10
342682;2023-01-01
66444;2018-01-06
34282;2016-09-01
404888;2024-02-01
118524;2018-07-01
220101;2024-02-01
335987;2024-02-01
35986;2017-07-01
126018;2022-04-19
39651;2016-06-01
219947;2019-07-17
4288;2015-11-13
88377;2016-07-01
257301;2021-06-01
82349;2018-10-01
41219;2018-03-01
314762;2023-02-16
267102;2022-01-08
367943;2024-02-01
154508;2017-10-08
99289;2019-03-22
148325;2022-02-01
72499;2024-02-01
62692;2016-07-05
360307;2023-06-03
73921;2024-02-01
417623;2023-11-03
42864;2017-02-11
331819;2023-09-06
370585;2024-02-01
374095;2024-02-01
412589;2024-02-01
263537;2024-02-01
244426;2024-02-01
226451;2021-09-02
244994;2020-10-01
205347;2022-01-12
302461;2021-05-07
201958;2019-02-17
271463;2020-10-13
360426;2024-02-01
410626;2024-02-01
276267;2022-03-15
100406;2024-02-01
344160;2022-09-20
369593;2024-02-01
12425;2024-02-01
346510;2024-02-01
132447;2016-12-08
211827;2021-03-01
333804;2022-05-03
192692;2021-08-01
402408;2024-02-01
349897;2024-02-01
33361;2018-06-21
90496;2017-11-01
241794;2024-02-01
226856;2020-01-01
280848;2021-04-02
50364;2015-10-07
338336;2022-11-05
21853;2024-02-01
31486;2018-07-01
241046;2020-05-14
72299;2016-06-07
74596;2020-01-18
101382;2017-06-01
96120;2016-12-16
119696;2019-02-01
162486;2018-08-10
216787;2019-10-01
401902;2024-02-01
364220;2024-02-01
26420;2024-02-01
171704;2021-01-01
250102;2020-03-19
168093;2017-11-14
248280;2020-11-06
42996;2017-06-13
270093;2020-08-11
180534;2024-02-01
52009;2022-02-19
24542;2017-05-16
304765;2021-08-18
64340;2023-02-08
404781;2024-02-01
103793;2016-04-02
230543;2024-02-01
18328;2016-08-01
138298;2019-07-01
297753;2022-10-18
92044;2015-11-04
255340;2022-03-01
245028;2022-12-06
306316;2024-02-01
382421;2023-09-19
193603;2018-11-07
320560;2022-06-23
225914;2021-08-10
350743;2023-04-07
202374;2024-02-01
396712;2023-08-01
140220;2017-12-01
376174;2023-04-11
59324;2024-02-01
78370;2022-03-17
376841;2023-01-17
338527;2022-04-12
120476;2023-12-01
162534;2019-05-11
12300;2016-06-10
231112;2020-12-17
249913;2020-05-12
206274;2020-08-01
248261;2020-05-07
194613;2020-01-01
221297;2020-02-22
403497;2024-02-01
310959;2021-12-04
136380;2018-01-02
268889;2020-09-02
182558;2022-01-14
68868;2020-09-01
3055;2016-01-01
30801;2016-03-01
61431;2023-07-01
107499;2016-10-06
57482;2021-02-01
263952;2024-02-01
42957;2018-01-13
8536;2017-10-01
227080;2024-02-01
301789;2022-12-01
171498;2019-12-01
248659;2020-05-20
64953;2016-12-01
61848;2018-01-02
170911;2021-11-12
107457;2016-01-02
16196;2017-10-01
230317;2020-12-17
109277;2018-12-01
405496;2024-02-01
417396;2024-02-01
71091;2016-02-02
206902;2023-03-08
226809;2021-05-28
418557;2024-02-01
4277;2020-11-01
89811;2024-02-01
112312;2016-02-02
306557;2024-02-01
29674;2024-02-01
372943;2023-06-23
12745;2015-11-12
1300;2016-10-01
219580;2022-07-01
292831;2023-01-04
332949;2024-02-01
348048;2022-07-05
135824;2019-04-01
200190;2021-03-03
268604;2022-04-05
215741;2019-04-23
236070;2019-11-19
179079;2018-05-23
403225;2024-02-01
19798;2024-02-01
353505;2023-06-01
121761;2016-04-14
127171;2016-12-03
343977;2024-02-01
94218;2024-02-01
164710;2024-02-01
295848;2024-02-01
197171;2018-10-11
104977;2023-03-01
218925;2020-08-01
41360;2017-10-12
169751;2018-03-14
61086;2020-10-01
331089;2024-02-01
28054;2016-05-01
216272;2022-07-12
108780;2016-12-08
330199;2023-08-22
72517;2024-02-01
71675;2018-02-01
247898;2024-02-01
310593;2024-02-01
409689;2024-02-01
128856;2018-03-01
312989;2024-02-01
173894;2020-10-06
84495;2016-10-01
199938;2024-02-01
237598;2021-06-04
225973;2024-02-01
405751;2024-02-01
272276;2022-01-11
350340;2022-08-23
37924;2017-01-01
13816;2017-10-13
142076;2018-02-01
191726;2018-11-08
65373;2017-11-16
408076;2024-02-01
156172;2019-10-05
77635;2017-03-09
197542;2022-09-02
384952;2023-03-03
365854;2022-11-03
331531;2024-02-01
121375;2020-06-01
421721;2024-02-01
118647;2016-05-03
336311;2022-07-22
106018;2016-02-02
233502;2020-07-17
289025;2021-05-04
106466;2017-03-01
198746;2020-11-25
198406;2019-06-05
59793;2016-08-01
73830;2018-06-15
329510;2023-05-09
20465;2024-02-01
259395;2020-11-01
124098;2024-02-01
24120;2017-07-15
77859;2021-08-01
279138;2023-10-11
129026;2016-06-08
354169;2024-02-01
117991;2019-03-09
69331;2022-07-01
384195;2024-02-01
146794;2017-05-15
146977;2017-09-19
274320;2021-05-01
295825;2021-07-01
372538;2024-02-01
58573;2016-10-01
80549;2015-10-10
226870;2020-05-20
211697;2024-02-01
60137;2018-07-01
139225;2019-12-01
1115;2024-02-01
371173;2023-04-04
169745;2019-09-01
283362;2021-06-03
127598;2019-12-03
238093;2024-02-01
21969;2018-11-28
92206;2017-03-03
235495;2021-06-03
332063;2021-12-18
519;2018-08-15
365761;2024-02-01
136425;2016-10-15
197409;2019-11-13
96463;2016-04-05
304981;2021-10-07
221101;2024-02-01
326021;2024-02-01
416051;2024-02-01
20207;2017-03-01
11050;2016-11-01
296898;2021-09-02
12751;2024-02-01
334230;2023-04-01
105596;2017-03-14
12462;2024-02-01
134926;2018-11-03
422513;2024-02-01
30101;2020-04-01
313780;2021-08-19
124801;2024-02-01
182375;2018-09-01
48495;2024-02-01
301950;2022-04-02
40893;2024-02-01
91318;2022-01-01
331542;2023-04-04
125303;2017-08-01
157452;2018-02-17
71874;2024-02-01
162238;2019-05-07
348006;2022-10-01
274634;2024-02-01
18952;2017-07-01
262260;2020-10-20
49048;2017-04-01
193156;2024-02-01
104110;2019-08-01
319133;2024-02-01
49976;2017-09-01
278529;2021-12-09
85269;2016-11-01
64567;2016-04-09
89594;2016-06-01
105979;2024-02-01
208406;2024-02-01
47813;2015-10-28
23763;2016-10-13
57434;2024-02-01
179446;2022-02-01
368870;2022-11-11
370995;2024-02-01
254928;2022-05-01
344551;2024-02-01
263663;2021-05-01
131880;2016-11-15
378474;2024-02-01
194162;2019-03-15
291537;2021-04-13
394900;2024-02-01
130713;2016-11-01
297053;2021-06-13
161614;2018-05-01
115114;2024-02-01
216781;2021-12-01
206298;2024-02-01
99629;2020-12-01
374628;2024-02-01
124977;2024-02-01
373259;2024-02-01
172105;2018-07-11
133877;2020-09-10
421627;2024-02-01
211762;2019-05-07
295949;2024-02-01
326146;2021-10-26
227850;2024-02-01
87026;2016-05-01
11613;2023-10-11
303635;2021-11-18
243947;2021-08-01
335053;2024-02-01
86598;2018-02-01
405876;2024-02-01
383631;2024-02-01
58000;2016-04-01
395686;2024-02-01
421367;2024-02-01
332864;2024-02-01
339525;2023-02-01
342048;2024-02-01
160751;2018-07-01
395097;2023-11-03
379493;2024-02-01
312087;2023-02-17
338583;2022-08-03
406776;2024-02-01
192708;2022-11-03
396685;2024-02-01
359034;2022-10-11
343615;2022-06-15
353802;2024-02-01
286761;2020-12-11
353725;2024-02-01
99422;2024-02-01
63120;2021-12-01
317614;2022-01-01
50961;2017-06-01
308427;2024-02-01
321857;2021-11-03
186543;2020-03-01
116096;2016-08-01
84985;2017-01-03
330871;2022-06-01
302919;2022-04-05
382980;2024-02-01
146759;2017-05-17
274355;2024-02-01
181870;2021-05-19
387662;2024-02-01
239662;2020-05-01
379477;2023-08-03
305341;2022-03-08
163743;2019-03-05
212874;2020-03-17
381915;2024-02-01
295619;2021-11-01
241514;2021-08-19
60165;2018-06-06
225953;2024-02-01
248386;2021-05-04
331345;2022-11-09
246950;2020-12-08
71385;2024-02-01
373395;2024-02-01
19427;2017-05-18
411237;2024-02-01
57768;2023-09-01
359262;2023-07-19
327064;2022-08-01
28974;2018-08-01
206482;2020-03-10
327722;2024-02-01
204563;2020-07-15
208147;2021-02-09
197214;2019-09-05
402220;2023-09-13
50505;2016-04-02
359539;2024-02-01
190590;2019-02-01
20016;2016-12-01
249222;2020-10-09
281284;2024-02-01
8564;2019-10-09
197144;2019-05-09
318634;2022-01-12
119087;2024-02-01
263399;2020-06-16
414677;2024-02-01
321270;2021-10-13
379012;2024-02-01
240413;2020-09-18
197648;2024-02-01
217063;2022-10-05
412893;2023-08-22
277051;2024-02-01
20099;2016-05-01
16387;2016-07-01
141777;2021-05-01
383470;2023-03-14
136851;2016-10-06
166849;2020-10-06
132191;2017-07-15
240436;2020-09-12
61491;2015-12-02
205253;2019-04-02
408618;2024-02-01
135251;2024-02-01
62241;2024-02-01
170924;2017-12-08
77741;2024-02-01
41021;2018-05-15
176764;2018-02-15
372795;2024-02-01
136726;2016-11-03
69251;2016-04-01
362468;2022-12-15
115800;2016-06-01
296367;2021-06-19
211027;2020-01-02
280408;2021-04-15
69103;2018-02-01
149213;2024-02-01
373726;2023-04-06
410743;2023-10-10
14129;2024-02-01
413318;2024-02-01
198311;2023-03-01
3424;2016-09-01
232948;2023-12-01
294760;2024-02-01
257288;2024-02-01
10642;2017-03-01
20266;2024-02-01
48787;2021-05-04
403406;2024-01-01
9813;2017-02-01
17615;2016-04-15
171814;2018-12-01
280864;2021-01-09
103960;2017-11-15
341124;2024-02-01
117752;2016-07-01
113286;2018-10-16
339601;2024-02-01
174128;2018-07-01
413744;2023-11-03
116053;2017-09-01
149440;2018-09-01
115472;2024-02-01
54252;2018-01-04
84871;2020-01-01
246934;2024-02-01
385053;2024-02-01
275180;2021-03-03
35652;2016-10-01
335774;2022-02-01
380364;2023-06-03
3039;2016-01-01
144641;2017-09-12
228406;2021-05-01
148200;2017-06-03
357980;2024-02-01
180920;2019-08-01
120157;2016-06-30
292871;2021-03-18
32113;2016-11-01
386354;2023-06-03
255617;2023-12-01
243380;2020-11-07
20429;2024-02-01
151893;2019-10-17
252404;2021-01-01
260976;2024-02-01
239904;2021-05-01
388990;2024-02-01
108126;2024-02-01
132124;2016-10-04
223981;2019-08-03
269842;2022-03-01
282864;2021-08-06
258274;2024-02-01
280238;2024-02-01
241616;2020-09-08
299231;2022-08-01
24383;2024-02-01
412185;2024-02-01
315025;2024-02-01
353371;2022-09-08
291334;2024-02-01
33803;2017-06-01
375917;2024-02-01
230095;2024-02-01
17535;2015-10-05
234490;2022-05-03
160908;2017-09-02
356648;2022-08-18
257737;2020-12-01
39412;2024-02-01
130422;2019-07-03
152634;2018-06-13
139755;2017-07-04
325768;2022-10-21
318025;2022-05-10
296782;2021-06-29
41879;2024-02-01
409848;2023-09-12
182832;2020-02-06
99771;2015-10-07
300670;2021-04-13
253173;2020-06-06
295325;2024-02-01
420063;2024-02-01
61331;2016-11-04
191856;2022-12-01
349613;2023-01-05
337558;2022-10-05
406100;2024-02-01
164223;2018-02-01
189566;2019-01-01
10565;2016-10-01
298602;2021-09-01
188060;2024-02-01
363548;2022-11-10
291447;2024-02-01
200297;2018-12-01
212761;2021-07-13
315106;2024-02-01
412510;2024-02-01
316760;2023-02-09
387;2022-08-01
371058;2022-12-01
147863;2017-12-01
321781;2024-02-01
174213;2018-11-01
325984;2021-11-09
240920;2024-02-01
52876;2015-10-21
336838;2022-06-11
321042;2024-02-01
38089;2017-10-01
366176;2023-01-03
382259;2024-02-01
381286;2023-04-05
245192;2024-02-01
369926;2023-05-03
15766;2024-02-01
383819;2023-06-01
254202;2020-12-18
67973;2024-02-01
278918;2021-07-07
34166;2018-08-01
112346;2016-03-10
63561;2019-09-03
315734;2021-08-25
38608;2024-02-01
104580;2016-11-01
323969;2024-02-01
229957;2021-12-01
78643;2024-02-01
229784;2020-09-11
271864;2021-06-29
167210;2024-02-01
164545;2017-11-14
25685;2021-04-01
405671;2024-02-01
287855;2021-05-12
68814;2023-05-01
159097;2017-09-20
77558;2024-02-01
142931;2017-05-17
349519;2024-02-01
326327;2022-01-01
36839;2017-09-19
150270;2017-06-13
117587;2017-03-08
132287;2018-03-07
153013;2017-06-06
383564;2023-05-25
368213;2023-01-04
89359;2024-02-01
161745;2018-05-05
237326;2020-10-08
396498;2023-09-01
157949;2018-09-08
300416;2021-05-18
418856;2023-11-03
282920;2021-02-14
277743;2020-12-15
46541;2024-02-01
24019;2018-03-01
117813;2017-01-01
197869;2021-09-01
256347;2020-10-11
281151;2021-01-01
57247;2020-08-14
370018;2024-02-01
95920;2017-11-01
24155;2015-10-06
9282;2024-02-01
326642;2024-02-01
250439;2024-02-01
29706;2017-10-01
393958;2023-11-03
336689;2022-02-15
265238;2024-02-01
319594;2024-02-01
409497;2024-02-01
89954;2024-02-01
407163;2024-01-01
359944;2024-02-01
14106;2016-01-22
32314;2024-02-01
27415;2016-09-17
403816;2024-02-01
144531;2018-09-04
179442;2018-06-19
390379;2023-05-19
88797;2023-07-01
348477;2022-06-03
168695;2024-02-01
233786;2023-01-01
225469;2019-09-17
163024;2017-08-23
129864;2016-09-02
195300;2024-02-01
315171;2024-02-01
50195;2016-02-11
341875;2022-10-01
256829;2020-07-21
198754;2022-02-22
352178;2024-02-01
224601;2023-07-01
329511;2023-06-06
412547;2024-02-01
418031;2024-02-01
122218;2016-10-11
329247;2024-02-01
90751;2017-11-01
370885;2024-02-01
133591;2017-05-03
113655;2017-10-07
173053;2020-11-01
119997;2016-11-05
393531;2023-06-23
87803;2016-01-01
9454;2024-02-01
341011;2023-03-01
302854;2023-01-03
49682;2024-02-01
190016;2020-01-16
378653;2024-02-01
157395;2019-10-04
418736;2024-02-01
296253;2022-11-03
56959;2024-02-01
125498;2022-03-03
237836;2020-02-02
86831;2019-09-01
31514;2018-01-10
81526;2023-08-01
103121;2017-03-03
126346;2020-09-10
357611;2023-02-21
167829;2022-09-02
405095;2024-02-01
174047;2024-02-01
285616;2021-01-09
173459;2021-08-06
312660;2022-09-01
220664;2019-11-01
53937;2024-02-01
335248;2024-02-01
96802;2016-06-01
225128;2019-10-04
294530;2022-05-10
274230;2021-05-11
50288;2019-03-05
176548;2018-04-19
384109;2024-02-01
73499;2021-02-02
301410;2022-12-01
311148;2021-08-18
400713;2024-02-01
316132;2022-10-05
74096;2019-12-06
173758;2020-07-17
55707;2019-02-08
252245;2021-07-01
237826;2024-02-01
394066;2023-08-03
118805;2017-10-04
201583;2020-02-01
316224;2022-03-01
65658;2016-04-02
61226;2023-04-01
327737;2022-05-03
48333;2018-03-13
101518;2024-02-01
161871;2018-05-03
125272;2017-03-03
377596;2023-03-14
382799;2023-04-11
193589;2021-10-01
290013;2021-05-11
27837;2024-02-01
100819;2021-10-01
407757;2024-02-01
184545;2022-12-16
123226;2018-10-06
33733;2024-02-01
260662;2024-02-01
54473;2024-02-01
96165;2017-04-04
140072;2017-02-08
233679;2020-11-01
196648;2019-04-02
287397;2021-12-02
221693;2024-02-01
126741;2017-01-03
274808;2021-10-12
420853;2024-02-01
335285;2024-02-01
187333;2018-09-02
112522;2016-11-16
300955;2021-06-30
49852;2016-04-02
173111;2018-02-07
419272;2024-02-01
112526;2024-02-01
392133;2023-10-11
205049;2019-03-17
261380;2021-04-21
271096;2020-08-14
304756;2021-12-14
275512;2021-02-19
35669;2016-09-01
387511;2023-09-06
229420;2020-10-17
178061;2024-02-01
383370;2023-03-17
278993;2021-08-01
250039;2020-04-21
258428;2023-10-12
114179;2022-02-12
43355;2021-03-04
379358;2023-03-09
188857;2020-05-06
218491;2024-02-01
241887;2020-04-17
286822;2022-06-01
186854;2024-02-01
66942;2017-03-01
21129;2022-08-01
362298;2022-09-02
149057;2018-10-01
257154;2022-07-26
73865;2019-06-01
341643;2024-02-01
265873;2024-02-01
234153;2024-02-01
153472;2018-09-01
47774;2024-02-01
46935;2021-08-01
224455;2024-02-01
232386;2019-12-08
375753;2023-01-04
329587;2022-10-19
187094;2020-01-21
80856;2015-11-12
4302;2024-02-01
35896;2024-02-01
221658;2024-02-01
251871;2021-01-01
92424;2016-02-02
377668;2024-02-01
285848;2024-02-01
137249;2016-12-16
102815;2017-02-01
150547;2018-01-18
275321;2022-02-01
15000;2024-02-01
285824;2021-07-20
32290;2016-02-03
107517;2016-09-02
2548;2024-02-01
281271;2021-08-01
411738;2023-12-01
226150;2024-02-01
117848;2016-06-03
291178;2024-02-01
86287;2019-01-01
302532;2022-09-20
386925;2024-01-01
125364;2024-02-01
204814;2019-03-10
11015;2023-08-01
384776;2024-02-01
359298;2024-02-01
409091;2023-09-12
285588;2021-11-12
342374;2022-05-14
136865;2018-06-22
67537;2022-12-01
52086;2015-11-10
31822;2018-10-11
159935;2018-11-03
236942;2024-02-01
326820;2022-02-01
345675;2022-09-01
243756;2022-02-15
111712;2017-10-01
212061;2019-03-05
409074;2023-08-15
289963;2023-08-03
388877;2023-06-03
361994;2024-02-01
109964;2017-10-01
307955;2023-01-01
238689;2024-02-01
109421;2017-11-01
269758;2020-10-22
130604;2020-07-09
142106;2018-05-01
131049;2017-04-11
361459;2024-02-01
379168;2024-02-01
112302;2016-02-19
347717;2022-10-04
328117;2022-02-01
227237;2020-11-04
144293;2024-02-01
407589;2023-11-01
134228;2019-05-01
337659;2024-02-01
373288;2023-12-01
391264;2024-02-01
213902;2020-06-01
202495;2023-03-17
154011;2021-01-20
231756;2024-02-01
285529;2022-03-01
84957;2022-05-10
382514;2024-02-01
341604;2024-02-01
412970;2023-11-01
348047;2024-02-01
253310;2024-02-01
75252;2024-02-01
209447;2020-07-03
170761;2024-02-01
88045;2024-02-01
158962;2019-01-01
67597;2022-10-01
16143;2024-02-01
85287;2016-06-03
338829;2022-11-01
302812;2021-04-13
382274;2024-02-01
240894;2020-10-16
75574;2016-04-18
246576;2020-04-08
250066;2024-02-01
270652;2020-09-18
290568;2024-02-01
34351;2022-04-01
352591;2022-11-24
49900;2024-02-01
242610;2020-04-02
228085;2021-01-19
197810;2018-11-06
270129;2020-07-15
359811;2024-02-01
261434;2024-02-01
365196;2023-03-08
283651;2021-05-01
178980;2022-09-13
271444;2020-11-02
394022;2023-08-03
283451;2021-08-07
162876;2024-02-01
23928;2016-11-05
280835;2021-04-01
126865;2017-08-01
213818;2019-07-03
211826;2020-12-01
210771;2022-03-11
19215;2018-08-09
39413;2024-02-01
254433;2020-08-19
266840;2024-02-01
396767;2023-08-03
38998;2024-02-01
244776;2020-03-19
298155;2024-02-01
119177;2024-02-01
282479;2022-01-01
276348;2021-07-01
94106;2018-10-01
388973;2023-04-14
391864;2024-02-01
76790;2024-02-01
288933;2021-02-09
165960;2017-12-10
400064;2023-09-02
67444;2019-08-01
145660;2018-09-06
38115;2017-10-01
110525;2017-07-01
89278;2016-10-01
141943;2018-03-01
395876;2023-07-04
392130;2024-02-01
43946;2020-03-19
273159;2024-02-01
297087;2021-05-18
183755;2018-06-05
69826;2017-03-04
166931;2024-02-01
377616;2024-02-01
232691;2019-09-19
64370;2016-04-08
160970;2018-02-01
296177;2024-02-01
309946;2022-06-01
197007;2019-01-01
134910;2024-02-01
321622;2024-02-01
42733;2023-03-15
357986;2023-03-14
173628;2020-10-01
125686;2017-08-01
157532;2018-09-01
167602;2017-12-01
211257;2024-02-01
141289;2017-09-06
315802;2021-09-07
31565;2018-04-01
9566;2016-09-01
308153;2021-11-09
416244;2024-02-01
44748;2024-02-01
296418;2021-05-12
262472;2021-07-20
125186;2024-02-01
392444;2024-01-01
184656;2018-12-11
150842;2020-12-16
16726;2018-01-16
136733;2021-07-01
199852;2019-02-02
289683;2024-02-01
35212;2018-04-12
267360;2021-09-03
158818;2018-10-09
300099;2021-05-27
321222;2023-03-01
400025;2024-02-01
198699;2019-09-03
305469;2022-03-03
130839;2018-05-24
36392;2021-12-02
330898;2022-06-07
344341;2024-02-01
266534;2022-05-03
119526;2017-05-01
300799;2021-10-06
160077;2018-03-08
403707;2024-02-01
38379;2016-09-01
225711;2021-05-05
76088;2016-09-01
132449;2018-05-01
188946;2020-04-08
74145;2016-08-01
57323;2024-02-01
180375;2021-04-01
2107;2019-02-01
100748;2021-06-03
250871;2021-07-03
400158;2023-07-14
194619;2020-01-01
412262;2024-02-01
283793;2021-11-01
420252;2024-02-01
4781;2024-02-01
108641;2016-06-01
265109;2021-09-01
33040;2020-09-01
57095;2016-05-03
179554;2018-11-10
290990;2021-10-01
125391;2019-11-01
29203;2024-02-01
74254;2016-05-03
328867;2023-08-01
134443;2021-09-01
233520;2023-06-13
19473;2018-05-10
288677;2022-03-03
184195;2021-01-19
325618;2021-10-27
31307;2024-02-01
232142;2024-02-01
399903;2023-07-18
168467;2024-02-01
34259;2015-11-04
164517;2018-03-17
169320;2020-01-12
314255;2021-08-03
190212;2018-10-05
326709;2024-02-01
93896;2019-09-06
167927;2022-04-15
326678;2022-02-05
407038;2024-02-01
300442;2022-02-01
255072;2021-02-05
51014;2016-02-02
178507;2018-10-09
411434;2024-02-01
120869;2017-05-03
47332;2016-06-11
92079;2016-06-01
64830;2024-02-01
358922;2022-12-06
344300;2024-02-01
420514;2024-02-01
31221;2019-09-11
46509;2024-02-01
183749;2019-12-03
3649;2020-02-01
118601;2019-04-01
374790;2024-02-01
101858;2016-04-12
290747;2024-02-01
148281;2017-12-01
63735;2019-02-01
346864;2022-09-01
367911;2024-02-01
178631;2019-10-01
114857;2016-02-18
384671;2023-07-06
56066;2024-02-01
328357;2023-01-03
130460;2019-04-14
14585;2024-02-01
266942;2020-08-05
6834;2024-02-01
235798;2024-02-01
4656;2017-12-13
22162;2017-01-05
292583;2022-03-16
398781;2023-12-01
220179;2019-09-19
357836;2022-11-01
84289;2018-07-12
77134;2024-02-01
36764;2024-02-01
46107;2019-11-21
9286;2024-02-01
54471;2016-08-05
146529;2022-09-02
284344;2021-06-16
61550;2015-11-05
17783;2016-08-01
403404;2023-11-03
98484;2015-11-10
353621;2024-02-01
137234;2017-04-01
180790;2018-04-19
336027;2024-02-01
125775;2018-03-01
15669;2015-10-07
355219;2022-10-20
99551;2022-04-01
337173;2022-02-23
135943;2016-11-09
257919;2021-01-05
282976;2021-08-06
77144;2020-07-01
113553;2017-02-01
200856;2019-10-26
77563;2022-11-01
6606;2024-02-01
158170;2018-06-01
317743;2022-05-01
105331;2015-12-17
361746;2024-02-01
27953;2024-02-01
290948;2024-02-01
236480;2020-01-02
255954;2020-06-03
421746;2024-02-01
89271;2024-02-01
301704;2021-06-03
400528;2024-02-01
135536;2017-08-18
397548;2024-02-01
231258;2021-04-16
230295;2020-02-21
52897;2018-05-01
397875;2024-02-01
203956;2024-01-01
132499;2018-09-06
384810;2023-07-05
348595;2022-06-25
10863;2017-10-24
293182;2021-10-01
98617;2017-06-16
235702;2021-12-01
19577;2020-07-01
74942;2016-04-02
288461;2021-07-01
223391;2021-08-01
27220;2017-04-01
388742;2023-04-18
128746;2024-02-01
147084;2024-02-01
167950;2018-08-07
358264;2024-02-01
9293;2015-12-12
306826;2021-09-07
219496;2021-08-01
12054;2020-02-01
273877;2020-11-14
676;2018-01-01
134139;2021-11-03
196838;2018-12-05
113825;2016-05-08
102680;2016-02-13
3609;2016-05-04
264490;2021-06-03
291653;2021-04-02
141026;2017-10-17
179767;2020-12-01
222294;2019-08-10
357898;2024-02-01
155452;2017-08-09
340777;2024-02-01
195825;2023-12-01
190934;2019-11-07
155576;2018-08-01
299922;2022-12-01
249451;2020-11-14
198558;2020-08-01
325543;2022-05-19
222878;2023-06-06
252106;2021-01-05
56731;2015-10-08
179564;2019-02-01
36420;2019-07-01
324393;2023-06-14
127117;2016-07-12
71559;2016-05-03
256489;2020-05-06
136998;2020-12-04
148684;2020-03-03
154318;2018-10-11
404942;2024-02-01
343046;2022-04-12
76835;2021-09-01
208307;2020-06-16
189235;2021-12-01
78845;2024-02-01
228228;2022-01-01
265330;2020-07-03
196249;2021-01-19
395846;2024-02-01
297737;2024-02-01
346385;2024-02-01
263863;2024-02-01
54506;2024-02-01
36439;2024-02-01
162777;2019-11-14
343226;2023-02-01
32380;2018-02-01
295762;2022-03-17
364890;2024-02-01
184955;2020-03-06
364626;2022-11-17
255136;2024-02-01
165375;2019-06-20
327583;2024-02-01
85703;2024-02-01
352297;2024-02-01
60666;2024-02-01
41739;2016-12-07
247717;2022-06-03
69881;2017-07-06
94060;2017-01-03
200079;2019-12-01
206103;2020-08-05
380456;2024-02-01
305693;2022-09-01
420679;2024-02-01
409341;2024-02-01
22023;2015-11-04
415612;2024-02-01
342764;2022-12-02
416942;2024-02-01
88461;2018-12-01
50857;2018-03-01
169056;2017-12-13
299298;2021-06-08
158302;2023-03-01
187371;2020-08-01
81825;2015-11-07
421880;2024-02-01
317655;2022-01-14
150774;2021-03-16
127000;2017-04-11
296174;2023-03-03
308148;2022-05-01
270216;2021-03-12
311090;2024-02-01
265173;2020-11-01
152161;2022-02-01
178364;2018-11-10
85260;2022-06-01
4035;2024-02-01
18322;2017-12-01
218228;2019-08-18
303939;2024-02-01
234164;2022-05-27
350985;2024-02-01
208178;2021-10-21
97500;2018-09-01
143983;2017-01-03
396357;2023-09-19
208653;2020-11-11
231872;2024-02-01
83062;2017-03-21
367769;2023-01-04
253082;2020-10-21
144705;2023-03-23
88790;2020-01-08
292348;2024-02-01
259587;2020-06-23
396627;2024-02-01
401215;2024-02-01
101466;2024-02-01
381496;2023-05-04
176883;2018-07-04
402025;2023-08-17
153128;2019-06-01
289705;2022-04-02
322244;2023-06-07
58412;2016-04-06
361445;2022-10-10
227436;2021-08-18
196553;2018-10-04
114426;2016-04-02
328733;2024-02-01
348469;2024-02-01
207520;2019-10-08
361314;2024-02-01
400591;2024-02-01
309220;2024-02-01
135428;2017-08-22
396944;2024-02-01
124528;2023-04-01
134969;2024-02-01
333787;2022-06-03
103223;2015-12-08
54842;2019-12-01
72390;2024-02-01
164886;2021-03-06
120828;2018-02-03
364634;2024-02-01
39131;2024-02-01
42810;2024-02-01
129859;2024-02-01
167623;2019-07-04
314638;2022-12-01
242245;2021-10-01
77952;2016-09-02
334358;2022-04-21
9258;2022-07-07
200700;2024-02-01
207102;2024-02-01
330237;2022-08-01
82238;2016-07-01
191652;2024-02-01
155888;2024-02-01
117660;2016-03-03
276694;2022-09-01
366831;2024-02-01
336721;2022-12-01
178063;2020-03-01
200392;2023-08-01
378861;2023-08-01
74443;2023-08-22
62824;2020-04-07
330649;2023-08-01
361225;2022-09-10
123797;2022-03-01
27581;2020-09-01
46833;2018-03-01
116620;2024-02-01
151324;2018-09-01
4735;2017-01-06
247348;2020-04-03
318728;2024-02-01
16532;2020-01-01
268734;2023-05-11
31239;2017-05-01
283654;2023-02-21
304027;2024-02-01
94130;2024-02-01
92869;2018-04-11
153816;2019-08-01
358659;2024-02-01
218632;2019-08-04
261036;2020-08-20
152144;2017-11-03
124185;2016-10-15
101078;2015-10-08
145698;2017-08-22
367586;2023-04-04
85882;2016-07-01
238240;2021-07-01
83029;2019-08-01
22388;2017-11-03
216003;2019-05-04
2672;2021-05-01
124822;2024-02-01
51283;2016-08-01
386010;2024-02-01
413301;2024-02-01
93633;2016-07-01
229038;2020-04-03
406954;2023-08-03
296716;2021-10-12
275517;2024-02-01
189381;2018-07-17
220471;2019-08-03
214087;2020-03-17
173604;2018-02-07
316775;2022-01-01
49177;2024-02-01
177339;2019-06-05
385058;2023-10-11
390109;2023-03-22
236751;2024-02-01
186561;2018-08-07
147173;2018-01-01
416932;2024-02-01
220601;2019-08-03
128791;2017-06-03
158321;2017-12-01
343102;2024-02-01
84465;2023-11-03
45267;2016-06-03
143734;2017-06-03
348363;2022-11-08
78318;2024-02-01
377511;2024-02-01
204648;2024-02-01
189549;2018-11-03
98170;2017-09-01
397724;2023-06-16
26773;2017-08-01
49293;2016-02-04
400400;2024-02-01
91036;2016-04-06
83157;2024-02-01
337919;2024-02-01
257120;2022-05-01
52528;2024-02-01
244040;2020-05-21
11220;2018-12-04
84400;2017-05-09
222035;2019-12-01
124757;2019-09-01
157310;2017-10-17
238808;2020-10-09
13578;2016-02-13
87326;2020-02-01
390220;2023-05-03
420719;2024-02-01
408683;2024-02-01
313421;2021-09-09
203542;2020-03-11
24723;2023-11-01
143024;2017-10-05
72948;2017-01-01
131429;2024-02-01
95510;2020-10-16
176090;2018-04-08
393208;2024-02-01
199480;2019-01-20
19502;2016-07-06
48263;2024-02-01
95442;2016-06-01
281690;2023-08-08
101138;2020-10-01
125383;2017-08-03
410878;2024-02-01
235823;2019-12-03
407277;2024-02-01
298287;2024-01-01
205984;2019-02-14
242354;2020-04-08
95847;2016-11-01
129715;2018-03-06
266015;2024-02-01
401151;2024-02-01
256229;2020-10-01
236542;2020-06-03
180627;2021-11-11
306885;2024-02-01
161046;2018-03-03
91840;2019-08-22
259036;2023-08-15
176705;2018-08-07
221548;2021-10-21
71356;2016-10-19
185938;2021-05-01
51446;2024-02-01
325111;2023-10-18
29417;2016-12-03
300453;2021-05-04
284371;2021-09-21
57878;2018-12-19
350119;2024-02-01
317419;2021-12-01
146713;2019-02-12
261218;2024-02-01
56728;2024-02-01
75073;2024-02-01
343744;2022-12-14
182333;2024-02-01
77310;2024-02-01
27547;2016-06-14
369554;2024-02-01
396801;2024-02-01
257076;2021-08-06
185074;2024-02-01
72202;2017-07-18
336612;2022-06-01
413288;2024-02-01
381086;2024-02-01
406267;2024-02-01
379140;2024-02-01
111867;2016-02-04
200498;2019-01-16
306307;2021-09-22
92867;2024-02-01
310938;2021-09-21
162895;2019-08-03
190097;2019-06-14
94498;2016-12-01
304110;2022-05-21
42689;2024-02-01
370799;2023-04-01
267028;2024-02-01
201634;2020-09-02
237883;2021-02-05
329107;2024-02-01
106302;2020-10-14
134367;2017-12-01
393856;2024-02-01
90226;2021-08-10
390042;2023-09-09
336949;2024-02-01
406670;2024-02-01
203019;2024-02-01
290975;2022-03-01
67938;2020-06-03
240418;2020-08-05
349093;2022-08-05
108473;2016-02-17
164395;2017-12-01
134712;2018-12-18
187107;2019-06-01
57316;2017-04-01
109945;2016-01-20
397857;2024-02-01
390269;2023-05-03
384171;2024-02-01
157358;2019-06-20
301440;2021-08-01
206031;2024-02-01
229562;2024-02-01
194065;2020-08-13
58244;2020-08-05
404761;2023-09-12
58269;2017-01-11
345296;2024-02-01
92649;2015-10-20
401076;2024-02-01
60727;2018-07-10
217475;2020-08-01
44623;2019-04-23
186993;2018-05-18
155110;2023-10-01
87532;2016-08-01
32838;2016-10-01
420616;2024-02-01
230695;2023-01-13
364276;2023-02-01
77522;2024-02-01
81342;2024-02-01
118523;2018-09-01
7575;2017-01-01
272592;2022-02-03
324047;2023-03-03
347849;2024-02-01
184778;2024-02-01
381231;2024-02-01
283436;2020-12-01
89323;2016-10-01
142670;2017-10-05
367259;2023-08-01
145884;2022-02-04
62704;2021-01-01
299547;2022-11-10
177673;2019-05-01
47230;2024-02-01
107550;2016-04-02
12923;2015-10-06
31170;2018-01-01
230503;2021-04-06
28113;2018-01-01
285556;2021-05-04
123497;2017-06-06
416336;2024-02-01
22483;2016-03-06
322048;2021-10-06
384167;2023-03-03
422313;2024-02-01
195830;2023-03-07
52483;2024-02-01
334039;2024-02-01
123474;2020-10-01
111258;2021-10-19
5594;2020-11-01
27044;2016-05-24
198469;2024-02-01
397215;2023-06-15
146562;2020-05-07
375336;2024-02-01
130116;2017-06-06
339165;2022-02-15
253880;2024-02-01
360142;2022-11-17
385082;2023-08-09
129001;2019-11-01
8664;2018-03-01
182548;2020-05-01
377653;2023-05-01
161564;2020-04-02
81569;2021-04-01
132304;2021-05-04
60643;2016-12-20
377996;2023-02-01
10588;2024-02-01
81612;2019-07-01
396510;2023-09-19
10062;2016-10-01
314757;2021-09-02
109207;2016-01-02
102741;2017-12-01
153593;2024-02-01
364013;2022-10-25
339077;2023-02-02
35428;2017-01-01
188793;2024-02-01
39364;2024-02-01
247413;2022-07-01
141597;2017-05-20
101348;2016-12-20
381728;2024-02-01
250446;2020-06-07
242578;2023-07-06
340149;2023-03-15
123865;2024-02-01
139914;2017-12-01
172894;2019-09-01
408012;2024-02-01
96340;2024-02-01
211069;2020-08-05
221803;2019-11-05
52260;2018-01-01
33118;2020-08-01
257344;2024-02-01
197910;2023-12-01
364085;2022-12-17
62502;2018-05-03
372574;2023-02-03
411663;2024-01-01
90824;2016-11-01
370883;2024-02-01
276540;2021-04-02
45858;2018-01-01
224294;2023-10-11
79586;2016-06-01
83328;2021-10-01
233635;2020-06-03
266595;2021-04-06
329285;2022-02-22
268451;2022-10-05
317309;2024-02-01
350763;2022-11-01
322760;2022-01-23
19121;2016-02-19
326841;2024-02-01
416732;2024-02-01
148864;2022-07-16
393343;2023-06-03
203050;2024-02-01
270675;2021-03-26
166056;2017-10-13
199150;2024-02-01
192630;2020-06-03
22900;2015-11-05
161648;2018-05-01
399873;2024-02-01
210549;2020-10-01
207606;2024-02-01
185385;2018-09-05
54084;2024-02-01
374934;2024-02-01
154312;2024-02-01
189887;2020-04-02
105875;2018-08-10
106236;2018-05-17
108770;2016-01-31
299186;2024-02-01
251301;2020-07-09
30005;2016-01-01
148913;2019-10-01
294281;2024-02-01
288087;2021-05-01
139990;2018-01-16
3892;2024-02-01
339029;2023-07-04
374286;2023-01-19
53320;2017-10-01
362638;2022-10-04
45637;2016-09-01
398696;2023-07-04
342619;2022-11-08
62707;2024-02-01
88833;2016-02-01
291585;2022-04-01
52253;2021-08-01
317976;2022-01-20
157083;2018-05-16
313267;2021-10-05
100158;2016-09-08
12057;2016-06-08
326210;2021-11-17
373676;2023-07-04
181006;2018-11-13
83154;2021-08-01
387979;2023-05-18
141109;2024-02-01
304317;2022-01-08
38862;2016-09-01
293054;2023-07-01
30157;2024-02-01
297994;2022-01-05
239289;2023-12-01
340891;2024-02-01
69306;2019-01-01
166487;2021-08-11
119406;2018-03-01
120268;2016-04-09
77400;2015-12-02
374157;2024-02-01
190655;2018-08-07
33496;2018-07-12
392143;2024-02-01
294081;2021-03-10
242872;2020-05-05
230526;2020-11-01
388745;2023-11-03
415881;2024-02-01
248361;2021-11-03
335436;2022-02-04
154818;2017-07-15
269870;2022-09-13
84141;2024-02-01
351173;2022-11-22
34446;2018-01-01
403185;2024-02-01
278547;2022-02-22
80258;2020-01-07
326012;2022-07-19
115744;2020-06-01
372051;2024-02-01
43581;2023-06-01
226220;2020-09-01
213898;2020-12-01
308177;2023-07-04
295650;2021-08-01
156769;2018-07-01
372685;2024-02-01
251355;2024-02-01
385568;2023-04-04
51658;2020-03-01
377005;2024-02-01
369257;2024-02-01
166723;2018-10-01
195257;2024-02-01
102037;2015-12-15
63318;2019-05-01
307841;2021-08-18
413129;2023-11-01
355803;2022-11-01
57490;2022-09-09
64681;2015-11-03
28807;2016-08-01
271158;2020-09-09
60333;2016-06-16
95060;2024-02-01
272904;2020-12-08
119851;2017-07-04
118433;2016-10-01
288393;2021-10-09
145101;2024-02-01
37013;2020-06-01
414746;2024-02-01
183231;2020-09-01
153553;2018-02-08
96333;2016-09-10
281705;2023-12-01
225952;2019-11-01
317355;2022-04-20
173576;2023-03-11
183421;2018-10-09
409162;2023-09-06
244865;2024-02-01
304841;2021-10-05
358643;2024-02-01
39951;2024-02-01
120816;2016-05-12
95448;2017-01-01
107561;2016-12-01
385121;2024-02-01
372846;2024-02-01
344348;2022-07-05
145920;2017-05-03
243434;2024-02-01
259244;2024-02-01
120229;2016-07-19
103728;2016-10-14
204142;2024-02-01
52219;2021-03-20
238643;2020-12-01
317531;2023-04-04
249457;2024-02-01
231427;2019-11-20
58886;2017-03-01
351774;2024-02-01
19715;2015-11-07
383471;2023-04-06
365568;2022-11-03
8528;2022-10-01
237315;2022-12-01
408810;2024-02-01
355343;2024-02-01
144343;2019-01-09
147078;2019-01-02
265584;2023-04-01
170512;2019-06-04
70680;2019-08-01
74941;2024-02-01
217559;2020-07-21
217648;2021-01-05
344712;2024-02-01
325933;2024-02-01
269349;2021-07-06
249088;2020-10-01
247976;2022-04-01
152037;2018-02-02
399630;2024-02-01
69846;2021-09-07
188144;2019-05-09
141908;2023-02-17
307022;2023-04-01
271040;2024-02-01
352034;2024-02-01
189961;2021-01-14
70463;2022-07-01
248656;2021-06-03
256074;2020-10-01
3783;2024-02-01
18352;2016-09-01
211454;2022-07-12
44061;2016-02-02
18975;2015-12-02
364385;2024-01-01
59667;2021-12-01
310395;2024-02-01
385753;2024-02-01
201279;2019-05-14
119665;2016-09-06
323340;2022-09-01
267457;2021-07-01
73585;2024-02-01
83133;2024-02-01
166231;2023-07-01
113047;2016-04-03
379934;2023-04-16
231147;2020-10-01
225043;2019-09-30
124843;2018-01-02
235151;2021-07-01
186714;2021-05-04
318113;2021-12-01
44065;2016-06-01
131520;2018-02-01
394597;2023-07-12
283411;2021-01-31
64429;2015-12-15
273455;2024-02-01
327660;2022-09-20
380284;2023-01-18
42489;2019-07-16
380283;2023-01-10
150571;2018-05-11
142275;2018-03-01
357193;2022-08-18
108325;2019-05-03
25180;2023-06-21
180696;2018-04-17
50504;2016-12-01
179137;2018-09-18
402735;2024-02-01
159918;2017-07-06
333501;2024-02-01
217340;2020-07-01
408310;2024-02-01
250017;2021-02-03
224977;2019-12-03
65263;2016-03-17
397657;2024-02-01
11396;2017-06-01
289839;2022-05-14
1968;2024-02-01
394951;2024-02-01
155017;2024-02-01
176673;2018-02-13
411793;2024-02-01
112720;2017-03-14
59458;2024-02-01
64023;2016-04-01
312459;2022-06-01
338558;2023-06-01
20139;2017-05-06
54316;2021-04-06
211881;2024-02-01
214402;2024-02-01
160511;2024-02-01
418754;2024-02-01
394689;2023-05-03
353809;2024-01-01
73081;2018-04-01
235832;2020-09-18
218807;2019-08-03
203277;2020-06-18
396908;2023-09-05
383974;2023-03-03
154082;2021-09-02
129686;2016-09-15
321675;2024-02-01
225702;2022-05-01
366619;2023-01-05
223181;2020-05-21
29114;2015-10-08
100718;2024-02-01
111755;2016-06-14
108114;2016-01-02
280136;2022-02-01
244509;2022-11-08
32062;2024-02-01
386677;2023-05-12
125024;2017-04-11
33312;2024-02-01
60101;2016-06-16
38079;2024-02-01
117307;2021-08-03
222466;2021-06-01
114707;2017-11-03
45734;2016-09-01
384330;2024-02-01
415551;2024-02-01
172374;2018-03-13
310157;2022-10-14
263542;2021-03-20
138516;2018-11-01
55855;2024-02-01
236927;2024-02-01
156687;2017-06-17
251517;2020-04-02
224305;2021-09-03
417371;2024-02-01
380270;2024-02-01
113385;2024-02-01
38101;2017-10-01
69361;2016-12-01
282661;2022-11-01
252615;2021-09-02
120038;2018-01-03
170971;2018-02-08
255641;2020-04-22
382738;2024-02-01
273870;2024-02-01
284859;2021-04-03
30572;2016-08-05
212203;2021-02-01
231013;2021-02-02
238;2017-01-01
247755;2021-05-14
355739;2024-02-01
58561;2018-07-01
290277;2022-07-21
161056;2018-02-01
296123;2022-04-15
197625;2020-02-01
255848;2022-03-03
23627;2016-01-07
313717;2021-11-04
312758;2021-07-27
258447;2020-10-06
244384;2020-11-03
64533;2024-02-01
323830;2024-02-01
211247;2021-01-01
39147;2017-12-08
205600;2020-08-08
158711;2017-06-13
87475;2016-10-01
421927;2024-02-01
7964;2024-02-01
411039;2024-02-01
107156;2016-03-10
296698;2024-02-01
3076;2020-12-01
217246;2019-04-05
341213;2022-06-16
247845;2022-05-03
62584;2024-02-01
28831;2017-12-01
8291;2024-02-01
382363;2024-02-01
71522;2021-05-01
84727;2021-07-01
219626;2019-07-04
74057;2017-10-10
160920;2018-03-01
351158;2023-09-02
288737;2021-12-15
30119;2018-12-12
320711;2023-07-04
415513;2023-10-24
316893;2021-10-05
420870;2024-02-01
344412;2023-09-01
145162;2018-10-01
377464;2024-02-01
146065;2023-02-02
156300;2018-02-01
44892;2024-02-01
148343;2020-10-16
300479;2021-05-04
193160;2023-05-01
210086;2024-02-01
388149;2024-02-01
339057;2022-10-18
82411;2016-02-03
263594;2024-02-01
298314;2023-10-24
165936;2018-04-03
152901;2019-01-01
418854;2024-02-01
133021;2017-02-01
2284;2024-02-01
316816;2022-05-06
13097;2016-07-05
385290;2023-05-03
130589;2017-09-01
291565;2023-10-04
94391;2024-02-01
189016;2021-06-15
150007;2017-04-07
201560;2022-12-01
255196;2022-06-24
255436;2021-03-23
93880;2016-03-01
286671;2023-05-26
278837;2021-03-16
260783;2021-05-08
368395;2022-12-07
387363;2024-02-01
396062;2024-02-01
330886;2023-01-01
4757;2016-11-01
83285;2021-10-01
386495;2023-11-03
199974;2019-02-05
362452;2024-02-01
225817;2021-04-27
26259;2017-05-03
61449;2024-02-01
360848;2024-02-01
407028;2023-11-01
14556;2024-02-01
396214;2024-02-01
149911;2022-06-10
164764;2019-07-11
193560;2019-10-15
28094;2022-02-01
166511;2018-07-01
85594;2016-11-01
305328;2022-10-04
370497;2023-08-01
216454;2020-06-01
158777;2019-05-07
283365;2021-05-05
101639;2018-09-18
262552;2020-06-19
180977;2024-02-01
1884;2023-09-01
191869;2019-09-01
54876;2018-11-01
95403;2016-06-01
211915;2019-09-03
156516;2023-09-01
117795;2017-02-01
294245;2024-02-01
183007;2021-09-02
271109;2020-10-06
406788;2024-02-01
371302;2024-02-01
365232;2024-02-01
309660;2024-02-01
113575;2016-11-03
122922;2021-03-16
333427;2022-12-01
210133;2020-08-01
406880;2023-08-15
213008;2022-08-01
39177;2024-02-01
75464;2020-10-08
218703;2022-08-03
254589;2020-06-04
392842;2024-02-01
147751;2024-02-01
106226;2016-07-05
152045;2017-09-02
33925;2022-06-09
7246;2024-02-01
104511;2023-11-01
401644;2023-07-11
68098;2021-04-06
378137;2023-04-04
264058;2022-11-01
372050;2023-03-03
37296;2024-02-01
361567;2022-09-03
94192;2015-11-10
295610;2021-07-13
164067;2018-08-08
287258;2024-02-01
319198;2021-10-05
274300;2022-02-22
145452;2019-04-01
409993;2024-02-01
162790;2024-02-01
42401;2016-04-01
256610;2024-02-01
124032;2017-07-01
411826;2024-02-01
316169;2022-05-03
381101;2024-02-01
419913;2023-10-20
190114;2019-03-12
354371;2022-08-10
280748;2021-10-20
170714;2018-04-05
142769;2018-05-01
421448;2024-02-01
189375;2018-09-21
94668;2024-02-01
36979;2024-02-01
5608;2024-02-01
400364;2023-08-10
301873;2021-05-04
261368;2021-04-20
298070;2022-03-01
116818;2017-05-01
103847;2016-06-10
93533;2019-07-19
35744;2024-02-01
342673;2024-02-01
75274;2022-11-11
285604;2021-06-03
219592;2024-02-01
406783;2023-09-21
228883;2022-12-06
136129;2016-10-05
312563;2022-02-08
156895;2017-10-12
33468;2021-03-01
319261;2024-02-01
135129;2024-02-01
58134;2016-04-05
128325;2017-01-03
374571;2024-02-01
96990;2024-02-01
407820;2023-08-23
303619;2021-05-11
200853;2024-02-01
242310;2021-05-12
119430;2016-10-01
39065;2017-10-01
50652;2019-08-14
2378;2024-02-01
383226;2024-02-01
88039;2016-01-14
255234;2024-02-01
97140;2023-09-01
9027;2024-02-01
253457;2020-05-21
301263;2021-04-13
319726;2024-02-01
183260;2018-05-03
395450;2023-10-04
216108;2021-10-28
29934;2020-08-01
363801;2023-10-06
24940;2016-06-07
62679;2015-10-13
64848;2024-02-01
18291;2016-11-22
381768;2024-02-01
306793;2023-05-05
152166;2019-02-15
312167;2023-02-16
17296;2021-07-01
202151;2021-09-01
237494;2020-01-02
247070;2020-04-14
3987;2016-06-03
169833;2017-11-21
114971;2016-09-01
241343;2021-08-01
78477;2020-09-02
381348;2023-05-16
98990;2016-03-01
265391;2023-02-17
324254;2023-04-21
31330;2016-03-10
44056;2018-04-03
193699;2023-06-01
321132;2023-05-06
29352;2016-06-01
305776;2024-02-01
263406;2020-09-20
55048;2015-12-04
53428;2018-02-06
62989;2022-01-01
401144;2024-02-01
263429;2021-12-01
88253;2023-01-03
100075;2017-03-01
197556;2020-04-17
65371;2023-05-01
64646;2024-02-01
208002;2020-09-01
410615;2024-02-01
397006;2023-12-01
56147;2018-03-07
320159;2022-01-22
328721;2022-10-11
403590;2024-02-01
258423;2021-02-02
122744;2020-04-01
409665;2024-02-01
392517;2023-05-25
52667;2015-12-08
124181;2021-08-01
373953;2023-02-14
17620;2017-12-01
143852;2021-01-16
255581;2020-07-03
297184;2024-02-01
394952;2024-02-01
390804;2023-05-03
219370;2024-02-01
298934;2023-12-01
126125;2016-12-01
154159;2017-08-18
299134;2024-02-01
57675;2024-02-01
330466;2021-12-01
232025;2020-07-08
180473;2018-12-15
80358;2024-02-01
397013;2024-02-01
25971;2017-02-01
401609;2024-02-01
325525;2022-12-01
331996;2024-02-01
357949;2022-11-12
180486;2018-04-10
302275;2024-02-01
303641;2022-10-25
111752;2024-02-01
364436;2022-11-03
343696;2022-06-08
272183;2020-12-01
271362;2020-09-08
304018;2022-12-01
201849;2019-01-03
201090;2024-02-01
193040;2019-03-05
224899;2019-08-20
314176;2024-02-01
324402;2022-05-01
88733;2018-01-01
82278;2017-03-09
385977;2023-06-01
229218;2019-09-07
26390;2017-05-01
129324;2021-01-01
9112;2020-05-01
411976;2023-09-08
189087;2018-12-01
150103;2018-03-09
160163;2020-01-01
194437;2022-07-01
302679;2021-11-05
146852;2018-05-01
211648;2019-02-14
164320;2017-11-03
25520;2016-08-01
174706;2022-09-01
359316;2023-10-18
7804;2018-02-06
140174;2018-10-05
126637;2021-10-05
228097;2020-03-11
236917;2024-02-01
332053;2024-02-01
283944;2024-02-01
289435;2024-02-01
111505;2016-03-18
136164;2016-11-03
334757;2023-02-21
406858;2024-02-01
278996;2021-03-01
420613;2023-11-03
86620;2016-12-01
398712;2024-02-01
170171;2022-08-01
261572;2022-08-13
120524;2016-04-20
93222;2016-06-01
68516;2024-02-01
393503;2024-02-01
34678;2016-09-01
172212;2019-11-19
313976;2022-03-04
114699;2020-06-01
410930;2023-12-01
329189;2023-04-13
419735;2024-02-01
56432;2018-01-02
81890;2020-05-19
111582;2016-05-13
5991;2024-02-01
359763;2024-02-01
244594;2020-10-09
287648;2024-02-01
104841;2023-06-03
78521;2024-02-01
417216;2024-02-01
283859;2024-02-01
390125;2023-07-07
379651;2023-03-03
154984;2018-07-17
117558;2016-12-14
259762;2020-09-02
184305;2018-07-11
381241;2023-06-06
117720;2021-08-01
50989;2017-07-01
168279;2024-02-01
324873;2024-02-01
335677;2022-03-03
345639;2022-09-13
48843;2016-12-01
394444;2024-02-01
58216;2017-06-01
171033;2018-11-08
77921;2018-04-12
283629;2021-03-01
252803;2021-04-03
247254;2021-02-02
405805;2023-07-25
394458;2023-09-20
279119;2024-02-01
312811;2022-04-01
66259;2017-01-01
326559;2024-02-01
1455;2024-02-01
112317;2016-02-19
228986;2024-02-01
78164;2016-01-12
31;2018-03-01
130148;2023-03-07
384959;2023-07-04
322993;2022-06-16
155449;2020-04-09
377142;2024-02-01
204125;2021-12-16
92046;2019-09-05
268988;2021-04-01
206407;2019-04-23
48499;2016-12-01
215538;2024-02-01
77571;2024-02-01
90917;2024-02-01
81327;2018-02-01
133347;2018-11-01
135486;2020-09-18
422047;2024-02-01
238557;2021-08-25
120388;2024-02-01
33146;2019-06-01
275752;2021-09-09
378849;2023-05-23
94079;2015-10-08
203158;2019-12-01
136917;2017-09-01
1955;2024-02-01
46960;2024-02-01
327503;2023-04-04
2811;2017-02-15
77603;2016-05-10
54498;2019-06-01
39465;2020-06-01
110920;2019-06-01
194819;2018-10-23
130879;2017-04-11
30154;2016-09-09
11537;2023-02-01
188216;2018-10-10
298191;2021-07-07
259614;2020-06-18
272955;2024-02-01
208204;2021-01-01
1047;2024-02-01
262729;2023-01-03
33746;2024-02-01
30583;2016-04-01
49578;2024-02-01
301413;2024-02-01
416770;2024-02-01
208509;2019-03-15
208109;2023-08-01
252334;2020-09-02
40091;2016-04-09
33165;2016-05-01
57929;2024-02-01
331679;2024-02-01
231158;2021-02-16
122751;2024-02-01
195027;2019-01-10
98007;2017-04-01
323640;2022-05-11
388744;2024-02-01
379902;2023-03-18
274011;2022-05-03
131952;2024-02-01
131690;2017-12-01
358212;2024-02-01
154045;2017-09-02
378954;2024-02-01
160029;2017-10-16
219271;2022-01-05
132781;2016-09-08
76701;2016-12-01
284424;2024-02-01
282709;2022-03-01
146933;2019-02-01
366133;2024-02-01
21439;2022-08-03
288218;2024-02-01
394036;2023-05-03
93120;2019-08-14
103787;2016-12-01
147106;2017-08-16
164462;2018-01-16
72651;2017-05-09
16627;2021-09-01
145426;2018-05-03
226447;2024-02-01
181752;2024-02-01
4290;2024-02-01
353008;2024-02-01
139679;2017-07-20
380031;2024-02-01
83492;2024-02-01
39876;2024-02-01
210653;2021-10-05
384191;2023-04-18
77165;2022-04-19
382984;2023-05-14
54764;2024-02-01
56081;2020-08-20
127677;2016-12-29
241661;2020-01-21
373349;2023-07-22
199743;2020-11-03
373788;2024-02-01
185858;2019-05-22
358196;2024-02-01
158651;2017-07-21
22436;2018-05-03
192407;2019-02-01
274198;2024-02-01
49479;2017-04-04
289296;2023-02-03
314466;2021-11-23
373495;2024-02-01
115979;2022-10-01
285704;2022-03-16
319329;2022-06-01
194093;2024-02-01
73205;2019-05-01
86761;2016-07-01
113653;2018-03-10
13565;2017-06-06
323589;2022-01-16
51331;2019-02-01
312223;2024-02-01
60787;2024-02-01
237812;2021-09-07
346968;2022-12-01
102088;2018-02-01
296978;2021-06-23
78413;2024-02-01
96158;2016-02-03
86305;2016-01-02
146193;2018-06-01
43694;2019-08-01
300951;2024-02-01
12084;2024-02-01
343034;2022-04-19
353242;2022-08-19
214795;2024-02-01
264423;2024-02-01
32702;2024-02-01
232368;2020-04-17
220731;2022-01-01
385489;2023-06-15
413851;2024-02-01
310656;2024-02-01
408461;2024-02-01
15265;2016-02-16
415603;2024-02-01
57400;2018-01-01
339059;2022-03-24
414316;2023-10-05
256076;2024-02-01
151932;2017-07-13
84339;2024-02-01
227892;2024-02-01
260448;2020-12-01
20666;2017-01-01
345223;2022-05-03
179385;2020-01-07
60641;2015-11-10
75569;2024-02-01
339150;2023-12-01
111834;2016-06-03
9812;2017-02-01
34644;2017-06-01
110450;2024-02-01
22953;2018-03-01
48893;2020-05-01
401673;2024-02-01
373702;2023-04-22
167054;2024-02-01
210984;2024-02-01
339595;2024-02-01
293002;2021-03-03
372560;2023-07-04
63431;2020-01-01
200400;2020-12-15
404513;2023-07-12
133895;2016-10-31
399219;2024-02-01
32804;2017-08-01
363567;2024-02-01
90092;2015-11-11
200712;2019-12-03
316328;2023-03-03
169827;2018-01-31
316649;2022-05-03
199710;2020-12-17
91574;2016-09-01
324945;2024-02-01
147249;2021-02-01
288132;2021-09-01
184260;2018-06-20
273968;2024-02-01
246528;2024-02-01
43712;2023-01-13
141705;2017-03-23
204712;2024-02-01
299180;2022-07-01
151924;2017-07-04
356117;2022-10-18
183328;2021-02-02
71663;2024-02-01
152984;2017-12-01
165257;2024-02-01
365174;2022-12-08
170081;2022-02-01
135231;2019-03-13
109650;2018-04-01
221715;2021-03-26
289505;2023-05-01
314301;2021-07-20
282;2016-12-01
189015;2021-07-17
351103;2022-12-01
295313;2022-01-01
375474;2024-02-01
208697;2024-02-01
243036;2020-05-21
277264;2024-02-01
176623;2021-06-01
79349;2016-12-07
6814;2024-02-01
40049;2018-07-01
84925;2021-08-01
376039;2024-02-01
39063;2024-02-01
226603;2024-02-01
307962;2022-05-01
30000;2016-01-01
332363;2022-04-01
102917;2017-06-07
405738;2023-08-16
190753;2018-10-05
15124;2016-11-10
198801;2018-11-13
159671;2018-02-01
148073;2022-09-06
382569;2023-04-18
237177;2021-04-20
2368;2019-07-01
181251;2019-02-05
320303;2024-02-01
35662;2020-08-01
396222;2023-08-03
413585;2023-10-04
131335;2016-11-05
228755;2019-12-17
363946;2022-10-04
341180;2023-01-17
174854;2022-03-03
278355;2023-06-03
191653;2019-03-12
212429;2020-05-01
325279;2024-02-01
53378;2015-10-06
271464;2021-02-02
284976;2022-04-01
156013;2017-05-10
407359;2024-02-01
120451;2019-12-05
98539;2019-04-09
281229;2024-02-01
315296;2023-08-11
38402;2024-02-01
20893;2017-04-07
202557;2021-05-04
190785;2024-02-01
138585;2017-08-01
145754;2017-02-10
145436;2018-02-01
190624;2021-12-14
145459;2021-04-07
367598;2024-02-01
357591;2023-06-03
390691;2024-02-01
248643;2020-06-16
253808;2020-12-09
187705;2018-09-18
370983;2023-08-01
43022;2016-06-10
391055;2024-02-01
255582;2020-11-05
388453;2024-02-01
279940;2024-02-01
116857;2020-02-01
397145;2024-02-01
175984;2018-10-04
414471;2024-02-01
368767;2023-01-12
310735;2021-08-03
278819;2022-04-01
228605;2023-01-12
248589;2022-01-01
227238;2019-10-08
352909;2022-06-18
417530;2024-02-01
118439;2017-11-03
41837;2023-06-21
255590;2021-05-01
400923;2024-02-01
164771;2024-02-01
312701;2024-02-01
182868;2020-10-10
108072;2019-02-07
296094;2021-12-01
376201;2023-07-05
94255;2024-02-01
270072;2021-04-01
299926;2021-09-17
310212;2021-08-03
382282;2023-03-22
214355;2019-05-07
360442;2022-11-03
60904;2017-12-01
64877;2024-02-01
192634;2018-12-08
32852;2016-01-08
383326;2024-02-01
240571;2024-02-01
45977;2016-11-01
54655;2020-04-07
176186;2018-03-07
305660;2021-08-24
326812;2024-02-01
336327;2023-07-04
307065;2021-08-25
179371;2020-10-13
16933;2016-05-05
140924;2023-04-01
92743;2024-02-01
367078;2023-05-26
257208;2024-02-01
399464;2024-02-01
37297;2024-02-01
154242;2018-04-05
298856;2024-02-01
219006;2019-08-04
105004;2024-02-01
175550;2018-10-20
280085;2024-02-01
230643;2021-07-07
31675;2024-02-01
410734;2024-02-01
240988;2020-05-05
274019;2021-01-13
394837;2024-02-01
46777;2017-10-10
192997;2023-10-04
391192;2023-07-01
268605;2023-08-01
4572;2024-02-01
240947;2020-09-02
396806;2024-02-01
79316;2022-02-16
168726;2018-01-02
42848;2016-08-10
51476;2024-02-01
18723;2024-02-01
418858;2024-02-01
39294;2016-10-01
220758;2019-08-15
337528;2022-08-01
218384;2019-08-03
155863;2017-12-13
203073;2019-02-01
196061;2018-10-19
10434;2024-02-01
201430;2022-11-01
417710;2023-10-20
412064;2024-02-01
368882;2023-01-03
146552;2024-02-01
5891;2023-06-01
15544;2024-02-01
176389;2021-09-01
340420;2022-06-05
245195;2024-02-01
204977;2019-07-03
207264;2019-01-17
321045;2022-10-11
128371;2018-03-01
249565;2020-07-01
206269;2019-08-01
200385;2018-11-07
387458;2024-02-01
150484;2020-11-11
127776;2016-11-01
296697;2023-01-04
180101;2019-04-01
164229;2018-01-01
401784;2023-10-07
64286;2015-11-21
363174;2024-02-01
144147;2018-01-03
397439;2024-02-01
45736;2024-02-01
64425;2018-03-03
223303;2020-09-01
72157;2016-07-05
375646;2023-01-17
94143;2017-09-05
235164;2022-04-01
334994;2022-01-12
259847;2020-07-03
195387;2019-01-01
328210;2021-12-01
394666;2023-08-03
192187;2018-09-06
182020;2019-07-10
183390;2019-02-07
133654;2016-10-26
110528;2018-02-06
204722;2019-07-03
186771;2018-07-19
230832;2024-02-01
74937;2016-01-02
323610;2023-02-15
389253;2024-02-01
257450;2024-02-01
92317;2016-04-01
91651;2016-04-14
90015;2016-10-01
13997;2018-01-03
136428;2023-01-01
14657;2024-02-01
349926;2023-03-24
407385;2024-02-01
385181;2024-02-01
195799;2019-11-01
14046;2024-02-01
8977;2022-08-01
166292;2022-09-01
56474;2023-05-01
65331;2023-08-08
14719;2017-03-07
416029;2024-02-01
36384;2024-02-01
129952;2016-07-13
251802;2021-06-01
313605;2021-08-11
19622;2016-11-04
353211;2023-05-03
273339;2021-03-19
414510;2024-02-01
50040;2019-01-01
36831;2018-05-01
27453;2016-04-01
359939;2023-02-01
355040;2022-09-14
89802;2020-05-01
193091;2019-03-09
373540;2023-04-04
30096;2024-02-01
203011;2019-02-07
360730;2024-02-01
205533;2020-09-01
198152;2024-02-01
323866;2024-02-01
95423;2016-06-01
305088;2021-08-03
255455;2021-02-17
105813;2015-12-02
391334;2024-02-01
329208;2024-02-01
85245;2022-06-01
385191;2024-02-01
315014;2024-02-01
365147;2024-02-01
388757;2023-04-14
265776;2021-08-20
134153;2017-01-13
323848;2022-04-06
245100;2020-10-01
281828;2020-12-01
351872;2023-07-01
129279;2020-09-04
245180;2022-08-01
305659;2022-08-23
205043;2021-01-15
3567;2024-02-01
229475;2022-04-01
227219;2021-02-02
30497;2024-02-01
413795;2024-02-01
241523;2022-01-13
246824;2021-06-03
319633;2022-01-20
188276;2019-01-16
392773;2024-02-01
144149;2017-03-14
372607;2024-02-01
151046;2024-02-01
54151;2017-03-14
90835;2017-11-01
83098;2018-02-13
4452;2019-01-02
224282;2019-12-14
299528;2021-08-10
365785;2024-02-01
403237;2024-02-01
296649;2022-07-15
293216;2022-09-13
298719;2023-06-01
252424;2020-04-04
5013;2024-02-01
336224;2024-02-01
54808;2016-07-01
160721;2021-03-01
166030;2019-09-05
408575;2023-10-18
271094;2020-08-11
61674;2017-08-10
209834;2020-02-01
354077;2023-04-04
164957;2018-02-01
257793;2022-11-03
151432;2017-07-06
54961;2024-02-01
75878;2016-10-11
411713;2024-02-01
347895;2023-01-01
116045;2017-09-01
325470;2023-05-03
193264;2023-02-02
377117;2024-02-01
413990;2023-09-19
400647;2024-02-01
112774;2016-07-16
345573;2024-02-01
343405;2024-02-01
188229;2022-05-01
131889;2016-08-18
340879;2023-02-02
1318;2017-11-14
289675;2024-02-01
66114;2019-10-01
324060;2024-02-01
143895;2021-12-01
209036;2019-02-05
22894;2024-02-01
82077;2024-02-01
315544;2021-10-19
1544;2020-04-01
416699;2024-02-01
39562;2024-02-01
271871;2021-08-04
238611;2024-02-01
281844;2021-03-01
131244;2024-02-01
406766;2024-02-01
66737;2016-03-10
245629;2020-02-19
225480;2019-11-12
40628;2021-07-01
63320;2019-05-01
28125;2021-08-01
315902;2021-09-22
121115;2021-10-01
344955;2022-05-03
281351;2021-01-06
134520;2016-10-19
410961;2023-10-06
265910;2020-07-22
407580;2024-02-01
320355;2024-02-01
23399;2024-02-01
305378;2024-02-01
64840;2024-02-01
190089;2019-01-12
39672;2016-04-09
70405;2024-02-01
394474;2024-02-01
216484;2019-09-19
392356;2024-02-01
406796;2024-02-01
326479;2024-02-01
75187;2015-10-13
389278;2024-02-01
172936;2018-04-03
1571;2017-06-01
25573;2024-02-01
123525;2024-02-01
202560;2024-02-01
135137;2021-08-18
158025;2018-08-01
39968;2022-09-01
38832;2018-12-01
29155;2017-06-01
886;2024-02-01
262732;2021-03-23
194600;2024-02-01
137931;2021-05-21
360126;2024-02-01
114320;2016-09-02
356153;2022-10-09
316757;2022-10-01
54991;2024-02-01
120138;2020-03-04
55345;2024-02-01
203549;2019-06-11
129002;2024-02-01
53343;2016-07-01
144601;2021-06-01
15600;2016-01-01
202241;2019-04-02
277237;2022-04-01
220920;2021-04-01
60303;2016-06-07
249807;2024-02-01
356514;2024-02-01
179660;2021-01-06
243751;2023-09-20
89625;2018-07-03
142579;2017-11-22
109894;2018-03-08
345342;2024-02-01
168154;2024-02-01
220970;2021-01-01
70334;2023-10-01
91389;2019-10-01
52683;2016-07-01
123050;2021-05-18
12470;2024-02-01
306489;2021-08-24
239065;2024-02-01
322163;2022-02-12
95533;2016-04-02
264083;2020-10-15
354763;2023-10-10
164634;2021-04-06
330073;2023-05-06
162203;2024-02-01
62275;2024-02-01
378740;2023-04-15
257381;2024-02-01
265243;2021-11-03
246909;2024-02-01
310242;2022-07-15
265686;2023-07-19
376702;2023-03-21
411018;2024-02-01
307316;2021-06-15
52407;2018-05-08
375583;2023-10-04
375505;2024-02-01
268648;2021-09-21
322518;2021-12-02
75636;2024-02-01
238549;2024-02-01
82301;2024-02-01
37015;2020-09-01
263475;2022-08-01
46745;2024-02-01
103486;2016-02-09
372269;2023-12-01
87388;2016-01-01
28569;2016-05-01
6393;2024-02-01
271530;2021-03-03
203690;2020-04-11
318956;2021-09-10
206560;2020-12-08
317930;2021-11-17
55024;2021-06-01
203247;2022-03-01
149632;2017-07-04
169137;2018-01-10
393340;2024-02-01
245282;2024-02-01
358013;2024-02-01
10735;2016-06-01
415617;2024-02-01
402053;2023-07-12
377215;2023-11-03
207286;2021-09-01
29069;2020-01-01
361034;2023-04-18
214598;2019-09-01
246779;2020-09-01
255792;2020-09-09
239161;2021-03-11
333604;2022-05-11
337805;2024-02-01
315629;2022-01-18
395676;2024-02-01
154525;2024-02-01
325722;2022-01-22
22943;2024-02-01
38126;2016-02-13
193750;2020-11-01
303607;2022-01-19
389956;2024-02-01
334436;2022-05-03
288093;2021-08-11
23466;2017-06-01
111110;2019-07-18
337493;2023-03-21
9039;2017-06-08
371615;2023-08-01
41866;2019-10-16
30238;2024-02-01
163757;2018-01-06
124403;2016-12-01
111732;2016-05-01
341997;2024-02-01
151558;2018-07-01
392992;2024-02-01
377584;2024-02-01
325778;2022-11-01
137968;2017-01-07
163045;2024-02-01
394715;2023-07-07
242058;2020-02-05
356060;2023-05-09
93381;2024-02-01
225422;2019-11-01
355520;2022-09-20
116381;2017-04-01
327417;2024-02-01
250037;2020-05-05
147742;2022-11-01
160623;2017-12-07
337181;2022-03-11
401425;2024-02-01
183635;2024-02-01
94488;2016-02-13
217538;2019-04-13
73704;2018-12-01
53117;2024-02-01
363632;2024-02-01
219994;2024-02-01
422615;2024-02-01
155326;2018-08-01
392428;2023-06-14
114918;2016-06-01
128000;2019-05-01
24071;2024-02-01
220011;2019-08-03
49572;2016-08-01
241122;2020-11-13
46611;2024-02-01
358590;2022-11-17
241632;2020-12-01
325749;2022-09-07
261101;2022-04-01
93755;2017-03-03
220099;2021-01-01
210793;2024-02-01
274789;2022-05-03
409921;2024-02-01
175538;2018-08-14
106841;2016-08-09
317860;2021-09-02
133299;2022-10-01
352405;2023-12-01
219016;2021-03-01
283695;2021-09-23
342838;2022-12-01
3746;2017-05-11
79401;2017-07-15
143298;2024-02-01
327478;2022-03-08
171929;2017-12-07
350723;2023-07-01
19209;2016-05-19
118959;2024-02-01
357967;2024-02-01
24177;2017-10-01
364603;2023-10-04
338479;2024-02-01
274364;2022-02-09
37395;2020-01-02
183523;2021-01-01
57503;2017-09-02
68445;2023-09-01
63603;2015-10-21
363222;2024-02-01
108646;2024-02-01
420184;2023-10-24
408540;2024-02-01
252396;2022-01-14
94268;2017-01-12
82619;2022-03-10
42355;2016-12-01
243000;2021-04-23
279278;2020-11-18
100674;2024-02-01
161289;2023-04-02
394315;2024-02-01
254863;2021-02-03
334035;2023-01-03
361606;2024-02-01
330960;2024-02-01
123927;2018-12-01
188707;2020-09-01
86779;2020-08-05
308670;2024-02-01
168579;2020-05-05
134770;2023-03-08
77962;2017-03-03
245856;2021-08-01
62096;2019-10-01
358380;2023-08-01
348527;2023-02-03
396539;2024-02-01
325147;2022-07-05
387800;2024-02-01
150841;2019-08-03
89520;2019-07-17
297517;2021-04-13
194464;2021-09-01
6017;2024-02-01
291454;2024-02-01
184418;2021-07-01
398248;2023-07-07
313302;2021-10-05
114188;2016-12-07
68924;2015-10-22
371968;2023-05-03
102802;2024-02-01
335671;2022-04-13
134148;2017-12-01
92007;2015-12-02
21301;2024-02-01
362916;2024-02-01
317590;2024-02-01
100618;2019-06-14
232443;2022-03-11
207590;2022-07-05
356492;2024-02-01
314857;2023-01-01
77909;2020-01-14
330224;2023-09-02
150363;2023-07-01
333535;2023-12-01
787;2024-02-01
220943;2019-11-12
260706;2020-09-01
267988;2022-02-01
115196;2020-02-05
137268;2017-02-18
409200;2024-02-01
195980;2019-07-03
20098;2020-04-01
371608;2023-08-01
77300;2024-02-01
134804;2018-01-01
23066;2016-09-01
53751;2022-08-01
255042;2020-06-11
291171;2024-02-01
383469;2023-08-03
365139;2022-11-03
112483;2018-02-01
272519;2021-01-01
32266;2021-01-01
288696;2021-05-04
183058;2018-11-03
331624;2024-02-01
133150;2022-11-08
288389;2021-03-03
54620;2024-02-01
196654;2021-04-24
241985;2020-08-12
166471;2017-10-14
163455;2017-11-21
284070;2023-10-17
31946;2016-03-01
154513;2021-02-01
383102;2024-02-01
380222;2024-02-01
339769;2022-12-06
63134;2020-11-10
362440;2024-02-01
51554;2024-02-01
205176;2020-04-01
33522;2018-03-01
62492;2017-12-08
197560;2019-08-01
168656;2019-02-01
334537;2024-02-01
351811;2024-02-01
118687;2024-02-01
73093;2017-09-05
244076;2020-06-03
144931;2019-12-03
245281;2024-02-01
322567;2022-03-01
390388;2023-04-04
109293;2016-02-16
342368;2024-02-01
377225;2024-02-01
300429;2022-05-13
622;2016-05-01
25879;2016-11-16
348330;2024-02-01
171479;2023-07-05
237167;2021-10-01
303679;2021-06-26
75452;2016-08-01
68581;2018-08-01
98827;2024-02-01
124517;2019-05-03
72471;2024-02-01
188428;2020-02-05
316494;2021-12-04
277278;2021-11-16
11238;2017-06-01
297790;2023-01-01
408688;2024-02-01
346078;2023-08-15
108264;2018-01-11
328522;2022-01-08
17761;2016-08-01
148994;2017-09-02
212566;2021-01-01
184534;2018-06-03
257053;2021-05-14
50143;2015-11-03
304814;2024-02-01
87809;2015-10-14
32707;2016-10-01
289605;2023-06-01
117734;2016-07-03
279353;2024-02-01
401266;2023-07-26
215381;2019-11-05
216803;2019-10-01
335295;2024-02-01
405691;2024-02-01
142014;2021-08-01
385717;2023-08-15
210368;2019-06-12
85907;2017-04-01
409331;2024-02-01
81194;2019-10-01
191181;2019-05-01
193620;2018-11-04
203025;2019-02-01
15173;2024-02-01
151805;2018-01-02
232511;2020-10-01
198733;2024-02-01
338987;2023-10-17
190835;2019-01-01
54272;2021-02-01
109622;2020-01-01
28368;2021-04-01
227738;2019-08-16
347936;2022-10-01
243662;2020-11-19
38369;2024-02-01
48056;2017-07-20
28273;2019-06-13
297850;2021-08-03
416068;2024-02-01
192321;2019-02-01
422177;2024-02-01
91597;2016-04-08
403166;2023-10-04
185851;2019-02-07
125263;2016-09-08
345942;2022-12-06
233705;2020-07-14
359673;2023-02-02
417317;2024-02-01
135579;2019-12-17
324562;2021-11-12
148575;2017-07-19
301452;2021-06-25
328041;2023-06-01
278011;2021-07-01
258126;2023-03-21
236756;2023-06-01
305445;2024-02-01
374338;2024-02-01
181374;2018-07-05
205511;2019-05-17
131839;2017-02-15
221948;2022-02-24
294806;2022-09-01
274863;2021-03-19
407575;2023-10-11
318723;2024-02-01
224229;2022-04-02
299796;2022-04-14
311393;2022-04-12
130109;2018-02-06
21231;2024-02-01
24186;2016-01-07
360295;2023-03-01
325148;2024-02-01
290322;2022-07-01
258675;2024-02-01
104009;2016-01-05
82636;2022-12-01
277628;2021-01-01
238933;2024-02-01
150457;2024-02-01
397308;2024-02-01
126329;2016-12-01
148597;2017-04-07
409035;2023-08-03
271033;2020-11-02
247185;2020-04-02
9195;2024-02-01
11433;2024-02-01
121257;2016-04-02
211423;2023-03-01
348912;2023-03-03
287946;2022-04-01
209904;2020-05-01
88060;2016-01-14
317869;2024-02-01
194322;2022-07-01
229215;2024-02-01
401668;2024-02-01
417080;2024-02-01
144416;2018-03-03
219118;2023-12-01
22140;2021-11-16
85659;2017-02-01
158781;2024-02-01
36834;2023-10-14
13730;2016-01-05
307626;2024-02-01
60571;2016-08-13
364675;2022-12-01
286059;2022-01-01
159625;2024-02-01
264586;2020-07-03
92495;2024-02-01
289209;2021-08-10
207230;2022-04-02
419421;2024-02-01
120994;2024-02-01
370137;2023-09-21
73363;2016-12-01
59799;2016-03-01
19947;2016-01-01
147614;2018-05-01
327836;2023-02-09
10292;2024-02-01
187815;2020-08-11
209320;2020-08-06
368297;2023-06-16
59007;2016-11-01
413979;2024-02-01
75927;2024-02-01
247177;2020-10-16
258325;2021-08-15
36516;2023-12-01
204892;2020-12-03
268935;2021-06-18
194379;2021-06-01
369848;2024-02-01
338285;2023-08-01
419208;2024-02-01
165754;2019-02-01
200460;2020-07-01
144473;2022-01-01
242468;2020-04-05
51007;2016-04-01
73054;2024-02-01
102344;2020-10-01
332749;2022-06-03
59206;2016-11-01
150024;2024-02-01
21776;2019-12-01
160832;2018-10-04
184586;2019-07-04
313124;2024-02-01
600;2017-11-01
183754;2019-07-18
47495;2021-04-01
100956;2015-12-12
308440;2021-11-03
314935;2023-12-01
202933;2021-09-02
206892;2019-01-18
385005;2024-02-01
363158;2024-02-01
271912;2020-11-03
362031;2024-02-01
16302;2024-02-01
185019;2020-10-01
124657;2019-07-16
380626;2023-06-03
317360;2024-02-01
298755;2022-04-02
107958;2018-05-01
213109;2020-05-03
31183;2018-08-01
218156;2024-02-01
316583;2024-02-01
42153;2017-02-01
100369;2018-02-03
189202;2024-02-01
220019;2022-07-05
351194;2024-02-01
10365;2024-02-01
346052;2022-08-01
8993;2021-09-17
52094;2017-04-19
230291;2020-12-01
403586;2024-02-01
42173;2017-02-01
219695;2022-04-14
286746;2021-01-07
297734;2021-05-20
330012;2024-02-01
188731;2019-01-02
48243;2024-02-01
26377;2018-01-16
41846;2024-02-01
386906;2024-02-01
66141;2017-05-01
191598;2023-05-16
109994;2016-05-03
145463;2020-12-01
58893;2018-08-01
197414;2018-12-13
187071;2019-01-01
26861;2016-07-01
278169;2021-08-01
289288;2022-06-16
336770;2024-02-01
272765;2021-04-02
238354;2024-02-01
117722;2017-07-01
142523;2018-07-01
370499;2023-08-01
158623;2017-12-01
58679;2020-08-01
89377;2023-04-01
200610;2019-01-15
17989;2024-02-01
66805;2022-10-01
414465;2024-02-01
101714;2016-08-06
245568;2021-08-19
265494;2020-10-01
325879;2022-05-18
37187;2016-12-20
89247;2016-06-01
193772;2024-02-01
175664;2020-12-01
361940;2022-08-23
193226;2019-06-04
156177;2018-05-03
266907;2022-02-17
26798;2024-02-01
137473;2024-02-01
281090;2024-02-01
134724;2016-12-13
13204;2018-08-01
190571;2024-02-01
366010;2024-02-01
335567;2024-02-01
97322;2021-07-27
170230;2018-07-01
226359;2020-06-03
252931;2020-10-06
168477;2018-09-06
231956;2022-10-01
286794;2024-02-01
261352;2024-02-01
235145;2021-01-06
331878;2024-02-01
144255;2017-12-01
44135;2019-04-01
376774;2024-02-01
330454;2021-12-04
116567;2024-02-01
418768;2024-02-01
352586;2022-09-08
86837;2017-09-01
253523;2020-05-21
67439;2019-05-01
68838;2021-11-04
154066;2017-08-16
403297;2024-02-01
394674;2023-07-07
24995;2016-07-07
207991;2019-11-05
180892;2018-09-06
419177;2024-02-01
145685;2020-10-22
162489;2018-01-13
223746;2024-02-01
75832;2024-02-01
396634;2024-02-01
79542;2018-11-01
291579;2024-02-01
305671;2024-02-01
101271;2024-02-01
162752;2024-02-01
402979;2023-09-02
68360;2015-11-10
91025;2015-10-06
71790;2024-02-01
94146;2024-02-01
142800;2019-02-01
284685;2022-05-03
72613;2019-10-01
376317;2023-03-16
415669;2024-02-01
211741;2020-02-20
204040;2019-11-08
309302;2021-06-11
262347;2020-07-04
121701;2017-03-07
259421;2023-06-17
342418;2023-05-06
36536;2016-10-13
350878;2023-04-18
111999;2020-02-05
302840;2021-06-18
293373;2024-02-01
95431;2016-06-01
361351;2023-04-04
206250;2020-08-01
365945;2024-02-01
363942;2023-02-10
34596;2017-02-01
148110;2018-12-12
114258;2016-06-10
146735;2018-11-01
57685;2016-10-08
73299;2018-05-01
38619;2021-09-21
283323;2022-07-12
112684;2016-09-01
222159;2019-08-22
396670;2023-10-01
216143;2020-10-01
137135;2022-06-01
421034;2024-02-01
243796;2021-08-18
181876;2018-10-05
66352;2024-02-01
339802;2022-07-12
344138;2023-08-03
53242;2016-08-01
242299;2023-08-03
79100;2016-01-01
153448;2018-09-01
193346;2021-02-06
137819;2020-07-15
129621;2016-07-06
292243;2022-05-10
210309;2024-02-01
331929;2024-02-01
111028;2016-03-12
372115;2022-12-01
148512;2018-05-04
112539;2016-10-04
295921;2021-06-11
320466;2024-02-01
368635;2024-02-01
65525;2018-02-16
176009;2024-02-01
330242;2024-02-01
112447;2017-09-07
259947;2022-01-04
413768;2024-02-01
174617;2021-02-03
278536;2021-06-11
378647;2024-02-01
37242;2017-06-03
363662;2023-01-10
322618;2023-03-01
74002;2024-02-01
12588;2016-04-14
347503;2024-02-01
235130;2021-05-25
63722;2017-07-12
150632;2020-04-17
407878;2024-02-01
384705;2024-02-01
352103;2023-09-20
333741;2023-03-01
257106;2020-12-15
298097;2023-08-01
68619;2019-01-01
169371;2018-01-23
234912;2020-12-01
8226;2024-02-01
150715;2020-07-17
213462;2021-01-19
252840;2020-08-05
50948;2019-07-01
9366;2016-08-01
15697;2018-08-11
374033;2023-07-01
377871;2024-02-01
270400;2021-04-15
66022;2019-03-19
158579;2021-07-01
301202;2022-02-01
409180;2024-02-01
130883;2017-06-01
373996;2024-02-01
389693;2024-02-01
239975;2022-05-10
111109;2016-02-02
294326;2022-05-03
141910;2017-08-03
285238;2024-02-01
279771;2024-02-01
394641;2023-05-23
194199;2019-08-03
418687;2024-02-01
10331;2018-06-01
180593;2019-05-03
329355;2022-02-16
263084;2022-04-10
369121;2023-03-15
71463;2019-07-01
135741;2024-02-01
88321;2016-05-14
116293;2023-07-06
367509;2024-02-01
359794;2024-02-01
226586;2024-02-01
305166;2022-01-04
237327;2021-02-09
288910;2021-08-01
236809;2024-02-01
217948;2023-03-01
415039;2024-02-01
58945;2017-05-01
292568;2024-02-01
241091;2020-01-23
234855;2023-07-01
401840;2024-02-01
37953;2016-03-10
405481;2023-08-08
172008;2020-02-11
355078;2023-02-01
156998;2019-01-18
415707;2024-02-01
157347;2023-01-13
174467;2024-02-01
115501;2022-09-06
14705;2015-11-15
115130;2024-02-01
173952;2019-04-13
202297;2023-11-03
395159;2024-02-01
399078;2024-02-01
244322;2020-05-22
7286;2019-05-01
158667;2017-11-01
303706;2022-10-20
353390;2024-02-01
389011;2023-05-06
395007;2023-04-18
79058;2022-05-03
213118;2024-02-01
7455;2024-02-01
3045;2016-01-16
13051;2022-04-01
155726;2024-02-01
38462;2016-02-10
411762;2024-02-01
253403;2021-12-01
77989;2016-06-01
394708;2023-06-06
107541;2017-09-07
169146;2019-10-08
167588;2024-02-01
417186;2024-02-01
284540;2021-04-01
385600;2023-03-24
92655;2019-01-01
341976;2022-07-01
316956;2024-02-01
239028;2020-06-16
18457;2019-04-02
385954;2024-02-01
208066;2019-04-03
238233;2021-04-01
349290;2024-02-01
124043;2024-02-01
114767;2016-06-03
348932;2024-02-01
390215;2023-06-14
377272;2023-03-01
202061;2020-09-01
82912;2022-07-07
52136;2024-02-01
293085;2024-02-01
414193;2024-02-01
250928;2020-05-07
169563;2018-09-01
209592;2024-02-01
63923;2017-02-01
52596;2015-10-06
135529;2017-04-27
339846;2022-04-22
92465;2017-08-03
73690;2019-05-01
296448;2021-04-14
66819;2015-10-13
222379;2024-02-01
367413;2023-02-07
139810;2017-01-01
191647;2021-10-05
46109;2016-06-01
155220;2018-03-01
357564;2024-02-01
115567;2016-07-01
226712;2024-02-01
170225;2023-04-06
283387;2021-04-06
319024;2024-02-01
4172;2024-02-01
258676;2021-06-15
83823;2020-02-18
56602;2024-02-01
80312;2016-03-01
201839;2021-06-08
264726;2021-03-01
43843;2024-02-01
376461;2023-04-20
340378;2024-02-01
412295;2023-11-01
161334;2021-01-01
177753;2023-05-05
238280;2021-06-26
44678;2017-07-15
388389;2024-02-01
9500;2017-06-16
327971;2022-04-02
69297;2021-07-01
392580;2024-02-01
362794;2023-09-20
191825;2019-02-06
5730;2022-08-01
48810;2021-02-01
161357;2017-09-08
50974;2015-11-03
125295;2019-04-19
185284;2018-07-03
297552;2022-06-01
54048;2020-09-02
136082;2024-02-01
8689;2024-02-01
44175;2023-09-01
287345;2022-01-01
77736;2018-11-03
68773;2024-02-01
145886;2021-03-03
29279;2024-02-01
86584;2016-10-04
179401;2018-07-03
39104;2017-10-01
279274;2021-01-06
287396;2021-03-03
273302;2024-02-01
8710;2024-02-01
288463;2021-03-19
17777;2018-09-01
379634;2024-02-01
332685;2023-07-01
235369;2020-10-06
256660;2020-06-18
379100;2024-02-01
123087;2024-02-01
226566;2024-02-01
320620;2023-05-03
9662;2024-02-01
382705;2023-03-03
91685;2015-12-09
125238;2016-12-16
57271;2021-02-01
63390;2015-11-17
2219;2017-01-05
69524;2020-03-10
169278;2024-02-01
51980;2024-02-01
85054;2018-11-13
263538;2024-02-01
120428;2016-11-05
354293;2024-02-01
371951;2023-01-10
309771;2024-02-01
372523;2024-02-01
17894;2016-09-01
327297;2022-02-09
358206;2024-02-01
178569;2018-06-08
401780;2024-02-01
136072;2016-11-16
161998;2023-03-15
21849;2016-01-02
333102;2023-08-01
18867;2016-10-01
370404;2023-08-17
136357;2018-05-01
192225;2018-09-04
95571;2017-11-01
163797;2021-02-01
392751;2024-02-01
140903;2024-02-01
358541;2024-02-01
392119;2024-02-01
290039;2021-07-01
95576;2017-11-01
36293;2021-04-01
277640;2022-11-03
35620;2020-02-01
117636;2018-05-15
150714;2017-03-21
373957;2023-03-04
100109;2015-11-03
6946;2024-02-01
89387;2022-03-01
17652;2017-01-01
53480;2023-08-01
62558;2019-04-01
148092;2021-07-01
207379;2021-09-03
173834;2020-05-01
121165;2018-07-03
36926;2018-01-01
264797;2022-11-10
105270;2024-02-01
201504;2019-12-07
306395;2022-06-01
123965;2018-08-01
333180;2022-03-03
246033;2020-04-22
355716;2024-02-01
405773;2024-02-01
157752;2021-10-01
184208;2024-02-01
112797;2023-06-01
158366;2017-08-11
364109;2024-02-01
33793;2019-07-03
171137;2018-03-21
155743;2017-08-05
370360;2024-02-01
160258;2024-02-01
389205;2023-07-04
269218;2024-02-01
258597;2021-02-09
378151;2024-02-01
199594;2021-04-01
391841;2023-05-17
390329;2024-02-01
69275;2018-09-01
421855;2024-02-01
90726;2017-02-01
67459;2024-02-01
75377;2018-04-03
36819;2016-04-12
411544;2024-02-01
354834;2023-03-10
80977;2024-02-01
309482;2021-08-11
354625;2022-12-01
343182;2022-08-06
280014;2021-01-01
194407;2022-01-01
108829;2019-08-07
409060;2023-09-09
310580;2021-12-01
255423;2022-09-01
255985;2024-02-01
143541;2017-10-05
308606;2023-05-03
291094;2023-06-10
20620;2021-08-12
57660;2017-06-01
41510;2017-12-14
113629;2017-02-01
41471;2024-02-01
407172;2023-09-12
341462;2024-02-01
342921;2024-02-01
92642;2016-04-02
253635;2022-10-13
206320;2021-01-01
141931;2018-03-01
336280;2023-04-01
214034;2020-09-02
144029;2018-11-03
295009;2021-05-20
346705;2024-02-01
83782;2019-09-01
413009;2024-02-01
328276;2021-12-08
202512;2023-04-01
30668;2017-02-01
99658;2022-01-18
368012;2023-08-01
282753;2024-02-01
410017;2024-02-01
153855;2024-02-01
296104;2021-05-04
189222;2024-02-01
33415;2016-09-01
331489;2024-02-01
78559;2019-04-20
259259;2020-10-07
162052;2020-09-02
250522;2020-10-06
102299;2016-10-07
328847;2022-02-03
296377;2022-09-06
9122;2024-02-01
128299;2017-02-18
343265;2023-01-01
372899;2023-05-23
367540;2023-04-15
385210;2024-02-01
216987;2023-07-01
178694;2018-08-03
413230;2024-02-01
416934;2023-11-03
104014;2016-02-02
286407;2021-04-13
12030;2024-02-01
137627;2021-07-01
371412;2024-02-01
358759;2023-02-14
33250;2017-08-01
33409;2024-02-01
391244;2023-10-04
81442;2021-12-01
127212;2024-02-01
157925;2019-04-16
370743;2023-03-03
315877;2022-02-15
93642;2017-09-08
393546;2024-02-01
292750;2024-02-01
111864;2022-12-01
77211;2024-02-01
279812;2021-04-06
232238;2024-02-01
48583;2024-02-01
231720;2020-05-03
248523;2024-02-01
335007;2022-05-03
120531;2016-12-03
398478;2024-02-01
117011;2019-11-01
129483;2016-10-01
338377;2022-04-22
401366;2023-10-04
213405;2023-04-04
258873;2022-02-01
215405;2020-09-02
113708;2022-04-01
285720;2021-03-23
405236;2023-07-13
139270;2017-11-03
319965;2021-12-07
103843;2016-10-04
287247;2021-09-17
330312;2024-02-01
246521;2024-02-01
57248;2020-05-01
307749;2021-07-21
38190;2017-01-01
37827;2024-02-01
36443;2024-02-01
80349;2020-09-01
336930;2024-02-01
387020;2023-05-11
341850;2024-02-01
299617;2023-03-11
217351;2020-07-01
39480;2024-02-01
243265;2021-04-13
421306;2024-02-01
93403;2016-06-01
139269;2024-02-01
265731;2020-07-03
324703;2021-11-03
87042;2024-02-01
252700;2022-10-18
25345;2015-11-09
148692;2024-02-01
207238;2021-07-03
130166;2016-07-13
132486;2017-03-01
155518;2023-04-01
335740;2024-02-01
283957;2021-12-01
405344;2023-07-04
127675;2017-01-10
30338;2024-02-01
418118;2024-02-01
226481;2024-02-01
22882;2016-05-11
190820;2020-06-16
248277;2020-11-03
330730;2024-02-01
234237;2023-09-01
404950;2024-02-01
175340;2021-03-01
227024;2020-12-01
33429;2017-06-03
323156;2024-02-01
304095;2021-05-25
296237;2021-09-04
19364;2015-12-02
195776;2019-02-01
219010;2024-02-01
20004;2016-07-16
354978;2022-07-21
42762;2016-11-03
271793;2021-03-10
295630;2021-08-18
347161;2022-05-03
190549;2020-07-18
360791;2024-02-01
228929;2019-10-10
343477;2024-01-01
146342;2018-02-08
254156;2020-04-14
279008;2021-03-01
185678;2024-02-01
309055;2022-03-03
387123;2024-02-01
328004;2022-12-01
238204;2020-08-05
7342;2024-02-01
155395;2017-08-08
307601;2024-02-01
225890;2020-09-04
226275;2022-03-08
48415;2024-02-01
116129;2020-10-01
169172;2019-11-13
342409;2024-02-01
188587;2018-08-09
48190;2024-02-01
14457;2017-03-08
105825;2018-08-15
173341;2018-04-03
163807;2018-09-06
18634;2023-10-10
361622;2023-01-01
337851;2022-05-22
17394;2020-08-01
138720;2017-11-14
261702;2020-10-16
233868;2024-02-01
269840;2021-03-01
273525;2024-02-01
47371;2024-02-01
94635;2019-02-05
359154;2024-02-01
162998;2023-01-03
337046;2022-08-01
145744;2023-10-01
374183;2024-02-01
380234;2023-03-22
101526;2024-02-01
320540;2023-06-08
242418;2022-07-01
221183;2020-04-10
395157;2024-02-01
92912;2015-11-17
63705;2018-06-14
385071;2023-08-01
284084;2021-02-16
185187;2019-10-15
70713;2017-08-01
132824;2024-02-01
349144;2024-02-01
266417;2024-02-01
281766;2020-11-03
383212;2023-06-20
76113;2016-12-01
266629;2021-04-07
61617;2024-02-01
420489;2024-02-01
213961;2019-04-16
50051;2016-08-16
398824;2024-02-01
390733;2024-02-01
215587;2019-09-01
290294;2021-05-01
174168;2018-09-04
212640;2020-08-08
53333;2018-02-01
272982;2021-10-06
201436;2019-05-07
29414;2016-04-05
332278;2022-10-01
73769;2016-09-01
316906;2024-02-01
353282;2024-02-01
237427;2023-08-22
248052;2020-05-20
404853;2023-07-20
379966;2024-02-01
336399;2022-03-03
18416;2017-02-01
353043;2022-12-03
344378;2024-02-01
267258;2021-02-02
48403;2024-02-01
293451;2021-08-12
32162;2018-06-01
162085;2018-02-13
231137;2020-06-11
343647;2023-02-01
312238;2022-11-03
47663;2017-12-01
157761;2017-07-04
346937;2024-02-01
58769;2020-12-01
25367;2021-12-14
66151;2016-10-01
15278;2017-02-14
153737;2024-02-01
412348;2024-02-01
406514;2024-02-01
201193;2020-05-03
141431;2023-01-01
64383;2019-10-04
406043;2024-02-01
345435;2024-02-01
56865;2019-03-06
140453;2017-12-01
414098;2023-10-14
83812;2024-02-01
202597;2019-05-08
4185;2024-02-01
314282;2024-02-01
332941;2022-06-01
420417;2023-11-03
203849;2019-11-09
315811;2024-02-01
292254;2021-03-17
297123;2022-09-02
122118;2021-04-06
90659;2016-05-18
331953;2022-12-01
151656;2020-02-04
240970;2023-04-04
181590;2023-09-05
346803;2022-10-25
281874;2021-07-23
68761;2016-07-16
325030;2022-02-08
333405;2022-02-08
251080;2024-02-01
193709;2022-03-17
253718;2021-06-10
65021;2024-02-01
327363;2022-05-01
39002;2016-01-20
394688;2024-02-01
182376;2018-05-03
334835;2024-02-01
335480;2024-02-01
113950;2019-07-01
196705;2019-08-03
10966;2015-10-12
77215;2017-11-01
3161;2022-04-01
259128;2020-06-06
171037;2022-09-01
38313;2018-07-01
85743;2016-07-16
323493;2023-07-01
407927;2024-01-01
385430;2023-06-03
421076;2024-02-01
777;2024-02-01
152414;2024-02-01
30857;2017-12-01
218566;2019-11-01
318133;2024-02-01
259783;2024-02-01
44387;2017-01-01
345703;2022-07-19
298172;2021-05-06
15457;2016-08-12
46390;2024-02-01
1943;2019-02-01
181148;2019-03-01
114427;2016-03-09
376176;2023-04-04
342244;2024-02-01
287143;2021-09-09
1538;2024-02-01
162985;2024-02-01
286948;2023-05-23
169756;2023-08-03
402226;2024-02-01
344739;2022-06-23
65774;2016-08-11
261437;2020-11-01
258907;2021-07-21
241300;2024-02-01
241843;2024-01-01
333919;2023-01-01
12034;2017-04-01
218249;2019-12-03
327761;2022-09-06
340773;2022-03-16
223049;2019-08-03
11516;2024-02-01
230262;2021-09-01
344016;2022-06-14
25938;2017-02-01
253690;2020-06-04
387285;2023-07-18
218356;2021-07-09
165679;2024-02-01
157152;2018-09-04
289008;2021-05-12
328754;2023-08-01
357657;2023-01-03
127519;2023-08-16
364316;2024-02-01
379101;2024-02-01
139244;2017-04-15
298532;2024-02-01
23687;2024-02-01
45463;2020-07-01
144951;2018-04-01
56161;2019-08-07
399256;2024-02-01
134277;2016-10-04
402119;2024-02-01
14489;2024-02-01
21743;2024-02-01
147116;2020-03-03
60642;2022-04-01
27118;2024-02-01
294557;2021-08-01
112566;2017-02-02
63229;2024-02-01
187026;2019-08-16
364809;2023-06-13
91336;2021-01-06
60837;2016-03-12
6023;2018-07-01
112054;2017-02-01
198619;2022-03-11
208427;2019-03-05
12214;2018-07-10
296275;2023-05-19
78180;2015-11-03
47265;2023-02-01
141949;2018-03-01
362984;2024-02-01
264937;2020-07-03
239449;2021-07-03
35138;2016-05-01
318470;2021-11-16
235926;2020-05-01
96636;2016-04-01
341719;2024-02-01
17801;2016-09-01
173784;2019-01-01
203355;2021-06-16
66941;2016-01-01
72979;2024-02-01
42106;2021-04-01
40529;2023-03-03
281210;2022-03-01
358496;2024-02-01
8617;2019-05-22
255655;2023-05-01
160663;2018-10-11
31870;2024-02-01
174594;2018-12-01
240231;2020-06-11
241247;2020-09-18
147779;2020-06-10
259437;2020-10-06
367653;2024-02-01
75425;2016-04-16
254012;2022-07-12
283336;2021-05-11
200467;2021-03-01
123857;2017-02-01
141779;2017-03-05
196047;2022-05-13
402957;2024-02-01
221209;2021-07-01
356697;2024-02-01
224084;2021-04-01
308885;2022-10-01
153235;2017-05-03
274329;2024-02-01
384354;2024-02-01
320968;2023-04-08
127865;2018-08-01
125033;2016-11-03
344325;2023-02-09
415502;2024-02-01
111383;2016-09-20
202987;2020-07-03
80753;2016-05-03
364588;2024-02-01
368242;2023-04-15
235347;2020-10-01
394375;2023-08-01
421520;2024-02-01
370816;2022-12-10
32726;2024-02-01
121220;2016-05-03
182826;2019-01-01
141674;2024-02-01
163914;2017-10-19
16559;2016-12-01
404121;2024-02-01
160606;2017-10-15
348060;2022-11-03
178923;2018-05-03
335178;2022-04-10
380346;2024-02-01
17707;2016-08-01
344174;2023-05-23
364400;2024-02-01
188325;2018-10-11
385528;2023-12-01
373861;2024-02-01
11660;2024-02-01
119841;2016-04-16
365448;2022-12-06
101083;2018-08-18
199471;2024-02-01
43416;2024-02-01
328468;2024-02-01
395830;2024-01-01
45338;2024-02-01
45425;2015-11-03
285315;2021-03-10
103325;2017-11-01
156184;2017-11-03
155764;2018-04-03
291314;2024-02-01
242725;2024-02-01
112843;2017-04-01
401430;2024-02-01
346331;2022-07-10
345018;2022-12-01
98199;2024-02-01
158019;2024-02-01
274228;2020-10-07
397168;2023-07-13
101423;2024-02-01
377748;2024-02-01
25387;2024-02-01
300810;2021-07-18
83496;2019-07-23
280638;2024-02-01
153092;2017-08-01
353964;2023-05-03
54204;2015-11-18
399985;2023-10-20
323160;2021-10-21
259579;2020-07-03
256251;2021-09-18
88886;2024-02-01
175155;2018-11-09
347043;2024-02-01
37209;2021-02-11
284625;2021-07-15
285490;2024-02-01
176661;2020-12-01
235891;2022-02-01
70524;2021-08-01
380479;2023-08-01
110660;2018-07-01
139316;2018-02-01
6944;2024-02-01
346827;2022-06-18
28430;2024-02-01
268801;2024-02-01
335345;2024-02-01
363938;2024-02-01
417042;2024-02-01
93094;2016-09-10
62834;2022-06-01
403720;2024-02-01
200782;2024-02-01
337390;2022-04-07
60406;2016-01-09
256320;2021-07-06
84148;2022-09-01
387674;2023-04-19
212259;2019-05-12
20930;2017-11-08
318978;2024-02-01
250534;2020-08-01
32379;2016-01-01
194518;2023-06-01
159648;2018-03-03
32060;2016-01-13
407098;2024-02-01
226422;2021-09-01
215690;2019-06-23
44091;2024-02-01
422197;2024-02-01
232708;2022-03-09
259404;2022-10-01
385487;2024-02-01
86518;2016-03-08
410966;2024-02-01
187881;2020-07-01
26035;2017-02-01
318280;2021-09-17
89551;2015-12-09
380977;2024-02-01
62779;2024-02-01
160651;2020-09-01
369500;2023-03-17
242680;2022-10-04
189153;2020-07-03
278260;2024-02-01
297349;2022-01-01
378571;2024-02-01
263640;2024-02-01
207553;2020-07-08
148129;2024-02-01
311940;2022-02-09
249221;2020-06-07
26174;2024-02-01
2283;2024-02-01
312118;2021-10-13
329450;2021-12-01
102971;2018-06-05
212397;2021-11-06
379472;2024-02-01
340950;2022-08-01
157719;2017-09-13
244445;2020-12-01
95594;2016-02-04
341915;2022-04-05
66747;2020-01-01
320930;2022-08-03
370570;2022-12-06
208730;2019-08-22
258331;2020-08-23
142618;2017-03-03
94395;2016-04-19
99628;2024-02-01
375006;2023-03-21
177764;2019-08-03
144566;2018-06-14
272520;2021-01-01
172302;2021-05-18
103282;2016-04-02
126518;2024-02-01
287192;2024-02-01
248525;2021-02-11
295624;2021-04-08
239150;2020-09-10
120044;2018-06-05
157317;2017-10-01
131631;2017-02-16
15717;2016-07-09
113727;2017-05-01
109339;2016-12-01
279991;2021-12-01
128713;2016-08-16
394886;2023-06-03
117758;2017-11-01
19289;2024-02-01
373207;2024-02-01
135370;2020-01-01
153398;2019-02-01
47824;2017-02-08
247240;2024-02-01
197135;2020-06-03
398241;2024-02-01
343701;2022-06-25
414908;2024-02-01
372263;2023-02-12
380928;2024-02-01
269810;2022-12-01
240971;2020-07-03
260769;2022-08-01
13518;2016-07-01
403894;2024-02-01
26129;2017-06-01
204751;2020-04-02
415163;2024-02-01
212032;2019-03-05
405250;2023-09-05
275076;2020-10-06
43149;2024-02-01
107326;2016-05-03
103592;2015-11-17
40585;2022-02-01
251015;2023-06-03
126734;2016-10-20
22771;2016-03-01
332916;2022-10-25
130678;2017-05-03
57171;2024-02-01
73580;2024-02-01
68517;2018-12-01
149944;2017-08-22
256992;2020-09-11
75108;2024-02-01
208497;2019-08-14
379404;2024-02-01
148879;2021-02-03
58937;2018-05-03
161152;2017-10-08
134355;2016-12-01
339189;2023-11-03
200411;2019-04-05
223740;2021-01-12
47221;2024-02-01
103243;2016-01-31
420604;2024-02-01
376904;2024-02-01
377251;2023-04-08
113942;2016-08-01
100945;2024-02-01
312611;2021-08-10
236411;2020-12-05
367809;2023-06-01
301365;2021-09-08
192696;2023-07-01
145761;2018-07-03
343486;2024-02-01
300481;2021-05-07
83786;2024-02-01
406316;2023-08-15
93686;2024-02-01
319804;2022-04-12
276243;2021-09-07
249851;2020-09-05
414081;2024-02-01
74356;2015-11-20
220700;2019-10-04
159501;2019-04-09
162388;2018-10-11
156124;2019-06-04
266710;2021-03-23
302842;2024-02-01
256896;2020-05-16
360299;2023-07-01
36611;2024-02-01
341880;2022-07-08
402525;2024-02-01
36677;2024-02-01
129258;2016-07-12
164956;2019-06-01
299380;2021-11-03
272201;2022-12-01
403080;2023-10-01
370223;2024-02-01
9147;2024-02-01
229162;2022-12-01
265107;2021-10-01
264818;2021-04-01
40036;2024-02-01
148720;2017-06-11
9949;2016-02-05
53090;2016-05-03
199488;2020-12-01
387096;2024-02-01
375380;2023-08-01
133142;2017-03-01
127702;2017-08-08
377776;2024-02-01
78295;2019-07-24
256450;2024-02-01
194226;2024-02-01
101842;2021-01-14
240979;2020-04-02
117996;2017-05-01
200463;2023-05-03
8316;2024-02-01
383960;2023-07-07
395083;2023-07-18
376772;2024-02-01
273100;2020-10-08
407672;2024-02-01
226515;2024-02-01
353145;2023-01-03
312784;2024-02-01
288969;2024-02-01
237688;2020-05-05
339849;2024-02-01
281170;2024-02-01
359206;2024-02-01
6359;2024-02-01
109298;2016-03-03
380496;2023-08-01
338865;2024-02-01
77380;2017-01-11
193142;2021-04-01
413777;2024-02-01
301801;2023-01-01
380866;2023-03-17
10749;2020-05-01
202108;2019-12-01
289576;2021-03-05
85664;2016-11-01
394615;2024-02-01
52526;2023-06-01
137174;2016-12-02
76718;2015-11-10
418920;2024-02-01
299771;2023-03-01
150227;2018-04-11
13784;2016-12-20
321555;2021-12-19
204541;2023-05-01
225066;2020-12-01
420438;2024-02-01
99443;2024-02-01
304643;2024-02-01
33883;2020-10-06
275179;2020-11-19
364528;2024-02-01
421919;2024-02-01
261733;2020-06-03
95912;2017-11-01
157196;2017-08-06
158789;2018-05-01
404308;2024-02-01
205863;2019-04-16
340550;2023-07-13
13972;2016-01-07
108498;2017-03-01
393071;2024-01-01
363833;2024-02-01
101289;2018-05-01
70014;2023-06-01
180021;2019-03-26
184494;2018-11-06
161816;2019-01-01
149729;2024-02-01
400750;2024-02-01
327664;2024-02-01
134668;2020-02-01
118;2019-05-14
301758;2022-12-01
25622;2016-09-02
269421;2020-08-05
38128;2015-11-12
80973;2024-02-01
281656;2021-02-02
212447;2020-04-01
126613;2018-08-01
226848;2021-07-03
148050;2018-08-01
15002;2019-03-13
144627;2018-07-01
396653;2024-02-01
254284;2020-08-21
297157;2022-08-01
402427;2023-10-06
50738;2024-02-01
310102;2023-06-23
219666;2020-04-09
389839;2024-02-01
232896;2020-02-19
165148;2023-02-07
412878;2024-02-01
139714;2023-02-01
5433;2018-07-01
383993;2024-02-01
329941;2024-02-01
279303;2020-10-16
69856;2024-02-01
108321;2024-02-01
288896;2023-03-01
269306;2020-08-05
71660;2016-10-08
388944;2024-02-01
108363;2016-12-01
284553;2021-01-01
361082;2024-02-01
174463;2022-11-01
171166;2021-01-01
372076;2023-08-01
406691;2024-02-01
342369;2022-06-03
181666;2019-05-01
116931;2020-02-01
60739;2021-05-01
121802;2016-05-06
156803;2018-07-01
95839;2017-11-01
277201;2024-02-01
301559;2022-09-01
327620;2022-06-03
365959;2024-02-01
98652;2016-01-15
356176;2024-02-01
230199;2022-07-12
276766;2024-02-01
366656;2024-02-01
385142;2024-02-01
383058;2024-02-01
141679;2018-11-14
327504;2021-12-01
184836;2024-02-01
336103;2024-02-01
71823;2016-06-01
244410;2021-09-02
96391;2023-03-01
219080;2021-09-01
21498;2021-04-01
393215;2024-02-01
399181;2024-02-01
12032;2016-12-02
99949;2023-07-04
37958;2019-01-01
151939;2017-05-03
97658;2016-02-01
208631;2021-02-02
97292;2024-02-01
28005;2018-03-06
31512;2024-02-01
70698;2017-05-01
200100;2018-12-04
415338;2024-02-01
342273;2022-12-01
144729;2021-01-01
113615;2018-03-01
252644;2021-08-26
222650;2020-08-06
21006;2016-11-01
236692;2020-01-02
343255;2022-09-01
228079;2021-02-16
52975;2017-09-06
157831;2024-02-01
69712;2017-03-01
244418;2022-02-03
255521;2020-09-01
137794;2017-09-14
250312;2022-06-01
64397;2016-06-15
279031;2021-03-03
31644;2017-07-05
283306;2021-03-03
108662;2022-06-08
126845;2016-08-18
188953;2018-09-06
197473;2019-01-01
228530;2020-07-07
269696;2020-07-08
273493;2024-02-01
357064;2022-09-07
100341;2021-07-01
99578;2016-03-12
44120;2016-11-10
59604;2019-10-05
336941;2024-02-01
74950;2024-02-01
162053;2018-05-08
115459;2017-07-01
113076;2018-10-01
6604;2022-08-01
170178;2019-05-21
103219;2016-01-02
261543;2020-10-01
73539;2020-05-20
353465;2024-02-01
300691;2021-10-01
12710;2016-12-06
411850;2024-02-01
127197;2016-07-05
176648;2018-03-06
212383;2019-12-03
250408;2020-11-04
289488;2021-02-03
119766;2020-09-02
257483;2020-09-11
129268;2018-11-03
382502;2023-03-22
146181;2020-03-01
389433;2023-04-11
314527;2024-02-01
3496;2024-02-01
209175;2021-02-01
64350;2016-11-16
419643;2024-02-01
349378;2022-07-06
322084;2022-07-05
286959;2022-07-23
192791;2019-10-10
211612;2024-02-01
20963;2016-02-04
195854;2021-04-02
399741;2024-02-01
270144;2021-09-09
161726;2017-11-03
147915;2019-08-03
136332;2024-02-01
50114;2017-07-01
164470;2018-12-01
74769;2019-02-14
305200;2022-09-01
367216;2024-02-01
312246;2022-10-01
260401;2020-08-05
343424;2024-02-01
295577;2021-05-11
363334;2022-10-14
158540;2018-02-13
282010;2024-02-01
49353;2024-02-01
148889;2017-09-02
290310;2022-07-01
314681;2024-02-01
282187;2022-09-13
161937;2019-08-07
76390;2016-08-01
277992;2024-02-01
113468;2024-02-01
248672;2024-02-01
383126;2024-02-01
356203;2022-10-15
304161;2021-11-13
410911;2024-02-01
187715;2019-10-16
204359;2024-02-01
11649;2016-12-01
114958;2017-07-01
82511;2020-12-11
49552;2021-06-01
134561;2018-10-01
331825;2023-05-09
305789;2021-08-12
20651;2024-02-01
37224;2016-05-03
183778;2018-07-03
152617;2024-02-01
222804;2021-02-09
15883;2016-09-01
10080;2016-11-01
98402;2016-07-06
222905;2021-06-04
309214;2021-08-03
164775;2024-02-01
397088;2023-10-05
183726;2020-03-11
34987;2016-11-01
403847;2024-02-01
104752;2016-08-01
289208;2021-03-09
181143;2019-12-01
75621;2024-02-01
211114;2019-06-11
265274;2020-06-16
168485;2017-12-01
342177;2022-11-03
338202;2024-02-01
222944;2022-04-07
321790;2024-02-01
314581;2022-01-01
233288;2020-09-18
277600;2024-02-01
208298;2021-04-01
331563;2024-02-01
107158;2016-07-26
260181;2020-08-11
31168;2024-02-01
66412;2016-04-15
212305;2021-01-01
164016;2017-10-17
236057;2022-03-05
186100;2018-10-04
325486;2022-12-01
10204;2016-10-01
313573;2024-02-01
122687;2017-11-01
297759;2021-10-05
302689;2024-02-01
131664;2017-03-01
173933;2021-07-20
337634;2024-02-01
79240;2018-08-03
290350;2021-03-11
96172;2016-02-03
259493;2022-03-04
118700;2021-03-01
115166;2016-09-20
404291;2024-02-01
296214;2023-10-01
224628;2022-02-22
324511;2024-02-01
156072;2019-10-01
408959;2024-02-01
106902;2021-12-01
253629;2022-09-01
178055;2018-04-03
332637;2022-10-25
365069;2023-05-16
82950;2022-12-08
210173;2021-05-15
315426;2024-02-01
109398;2016-02-16
421482;2024-02-01
240099;2023-03-01
265533;2020-08-19
300519;2024-02-01
13163;2016-10-01
316733;2021-10-07
392711;2023-10-06
315625;2021-11-11
129611;2024-02-01
182220;2019-01-01
70074;2016-09-01
116049;2017-09-01
34465;2023-03-11
142674;2020-08-21
305680;2024-02-01
188450;2018-07-05
137577;2019-01-01
232800;2024-02-01
238228;2021-01-01
153484;2018-03-01
279329;2023-10-01
155477;2018-09-18
57364;2022-08-03
271322;2021-10-01
231677;2022-04-15
261210;2020-11-01
206536;2023-01-17
159518;2021-08-11
171783;2018-05-15
200073;2019-12-01
330592;2022-04-19
5084;2020-06-16
33976;2019-07-01
59957;2020-09-01
89768;2024-02-01
332307;2022-11-17
16218;2015-12-10
152432;2018-02-08
90876;2016-11-01
293543;2024-02-01
306451;2022-03-01
54569;2018-04-11
297768;2021-04-13
56445;2024-02-01
284153;2021-09-22
60434;2016-12-08
282519;2021-01-01
331323;2023-02-01
94010;2016-07-05
21394;2019-10-16
126693;2016-08-10
190534;2020-07-24
404269;2024-02-01
148170;2017-08-05
354733;2024-02-01
85430;2024-02-01
249065;2024-02-01
215302;2021-01-01
93124;2020-04-02
361343;2023-02-18
85578;2017-11-01
221679;2019-08-03
328466;2024-02-01
241903;2021-05-01
279777;2023-01-06
275621;2020-09-18
293697;2021-06-16
252876;2023-03-01
369320;2023-05-16
278735;2024-02-01
398062;2023-11-03
311594;2024-02-01
354479;2023-05-09
215286;2019-07-23
45161;2024-02-01
238682;2023-07-01
47339;2024-02-01
328564;2022-09-14
365100;2022-09-20
41197;2019-01-11
250286;2024-02-01
74342;2016-02-20
310198;2024-02-01
147872;2022-02-01
131724;2017-01-04
340490;2022-11-18
413852;2023-11-03
385354;2023-03-16
382251;2023-04-04
369428;2024-02-01
409777;2024-02-01
83466;2016-08-01
324563;2023-09-20
19921;2020-08-01
329429;2024-02-01
415828;2024-02-01
317015;2021-08-25
113327;2016-02-04
278871;2022-05-01
291157;2022-03-01
336995;2022-04-10
384125;2024-02-01
125428;2016-10-01
50239;2015-12-02
130957;2021-08-01
44258;2017-07-11
348272;2024-02-01
421412;2024-02-01
292059;2021-03-19
297374;2021-11-03
336374;2024-02-01
399806;2024-02-01
420371;2024-02-01
109629;2016-11-01
209453;2019-04-09
162500;2017-09-09
103769;2016-08-01
372224;2024-02-01
153406;2018-12-15
401698;2024-02-01
402113;2023-11-03
151305;2021-10-01
98153;2017-09-01
304160;2021-09-22
118912;2016-10-18
390430;2024-02-01
96354;2017-11-01
149654;2018-05-10
373235;2024-02-01
109932;2016-12-01
11703;2024-02-01
247591;2023-09-05
196436;2021-02-01
372069;2023-08-01
126132;2020-10-13
227128;2024-02-01
183039;2023-03-01
46969;2016-04-01
16515;2024-02-01
345546;2023-08-01
111633;2017-03-01
23817;2016-02-23
394978;2024-02-01
219533;2024-02-01
83806;2022-02-01
347259;2023-02-04
415514;2024-01-01
21616;2024-02-01
210596;2022-10-18
93309;2015-10-07
270021;2024-02-01
76980;2017-07-04
90898;2018-02-01
154069;2018-07-01
420678;2024-02-01
210646;2021-07-13
305924;2022-07-12
263390;2024-02-01
9644;2021-02-01
290226;2024-02-01
134644;2024-02-01
275692;2020-10-06
194267;2024-02-01
31597;2017-11-11
328442;2024-02-01
252570;2021-01-19
86858;2021-12-01
273494;2024-02-01
411117;2024-02-01
341900;2022-08-09
348873;2024-02-01
348900;2023-06-24
82662;2017-09-19
163358;2017-09-02
418934;2024-02-01
304429;2022-07-03
105505;2023-10-17
271435;2024-02-01
122188;2017-12-01
334853;2022-07-01
389570;2024-02-01
55497;2024-02-01
358265;2023-01-04
310527;2023-05-05
261087;2020-05-12
262241;2024-02-01
281203;2021-04-01
95964;2017-10-01
121052;2019-01-01
414048;2024-02-01
81167;2016-10-04
368262;2022-12-13
86419;2016-11-15
338449;2024-02-01
59552;2019-05-01
308247;2024-02-01
242681;2020-04-18
1666;2018-02-01
217175;2019-10-04
191697;2019-01-03
143813;2023-12-01
202208;2021-06-01
332703;2024-02-01
23006;2021-06-09
221947;2020-01-01
16272;2016-01-09
179683;2024-02-01
33878;2016-03-17
76744;2024-02-01
247899;2023-11-03
65059;2020-02-01
22828;2021-12-01
98030;2018-06-01
34507;2016-05-01
77493;2024-02-01
287816;2021-04-22
126867;2017-12-01
249011;2020-07-17
75819;2024-02-01
328903;2022-12-01
192517;2018-10-04
143092;2017-06-01
393424;2023-05-03
307617;2022-03-04
80438;2020-09-01
303110;2022-02-01
234391;2020-07-21
52755;2024-02-01
69205;2023-06-01
291222;2024-02-01
17675;2017-12-01
49020;2022-09-01
383560;2023-06-08
239099;2021-06-24
332939;2024-02-01
74984;2015-12-02
310958;2021-08-05
396781;2024-02-01
199538;2019-07-17
42884;2022-05-01
270430;2021-03-19
225825;2024-02-01
77624;2016-11-01
267135;2024-02-01
90651;2016-11-01
372990;2022-12-01
21334;2021-01-01
204850;2019-03-17
306460;2023-08-09
54014;2024-02-01
27480;2015-11-15
311497;2022-05-06
315370;2023-02-21
241381;2020-04-03
314423;2021-11-09
143759;2022-10-05
88838;2024-02-01
77589;2024-02-01
410098;2024-02-01
13043;2024-02-01
246975;2024-02-01
362771;2023-04-18
6842;2018-06-01
418305;2024-02-01
406445;2024-02-01
51914;2015-12-02
11338;2016-02-03
395720;2024-02-01
61776;2016-06-07
385261;2024-01-01
85472;2022-06-01
16498;2016-12-01
139075;2019-07-01
240640;2023-07-01
143289;2019-10-17
387085;2023-09-05
22978;2016-10-12
162514;2018-05-01
182799;2018-10-04
130602;2016-08-23
231946;2020-09-08
240831;2020-06-03
208368;2022-11-01
169769;2022-12-01
13425;2024-02-01
87670;2015-11-07
74971;2016-02-04
73675;2019-06-01
79060;2016-08-03
232388;2020-07-09
96878;2016-01-06
128852;2016-08-09
366711;2024-02-01
296867;2022-01-14
283946;2021-12-01
226206;2019-09-19
330931;2022-07-12
93353;2016-06-01
89446;2016-10-01
96035;2024-02-01
352126;2022-10-04
414614;2023-12-01
72900;2020-06-01
363238;2024-02-01
392376;2023-09-14
374807;2023-10-10
211167;2023-11-03
392001;2024-02-01
404379;2024-02-01
297592;2021-08-03
381103;2024-02-01
88234;2024-02-01
353173;2023-10-05
399227;2024-02-01
342285;2024-02-01
348470;2022-08-26
186692;2018-11-03
266119;2022-08-16
142372;2021-08-01
408737;2024-02-01
320436;2024-02-01
155241;2024-02-01
237897;2023-01-03
348616;2024-02-01
245348;2023-07-18
380863;2023-11-01
289338;2024-02-01
228627;2021-03-03
343695;2024-02-01
355385;2022-07-06
79196;2021-07-07
370822;2024-02-01
338639;2022-11-05
333039;2024-02-01
206494;2019-10-11
343906;2022-07-01
4267;2024-02-01
149543;2019-04-02
2649;2016-09-01
61962;2024-02-01
343403;2024-02-01
256284;2021-12-07
403444;2024-01-01
72818;2018-05-09
379051;2024-02-01
137929;2017-01-22
374080;2023-04-01
79802;2024-02-01
43090;2019-06-04
155981;2017-12-13
166313;2018-12-01
53111;2022-10-01
350946;2023-08-01
322495;2024-02-01
401005;2024-01-01
35935;2017-07-01
27337;2023-02-01
343300;2024-02-01
149783;2021-10-01
362797;2023-04-14
83182;2023-05-16
45353;2019-11-15
286259;2021-05-11
266030;2020-08-05
307292;2022-01-12
285550;2021-12-01
117368;2020-03-20
344008;2023-02-01
66136;2017-10-17
37653;2024-02-01
398294;2024-02-01
19185;2016-10-01
313811;2021-11-11
151352;2021-04-28
48301;2024-02-01
110389;2017-04-01
373303;2024-02-01
397009;2024-02-01
164293;2024-02-01
55535;2020-05-01
47239;2024-02-01
67972;2016-06-07
357499;2022-10-03
362395;2022-09-02
217839;2019-11-01
206953;2024-02-01
157252;2022-04-01
10124;2016-08-01
235656;2022-12-01
315709;2024-02-01
306751;2021-08-13
306609;2022-10-13
133612;2016-09-08
291473;2024-02-01
394556;2023-10-01
36215;2024-02-01
345079;2024-02-01
238635;2021-04-01
243598;2022-11-23
389805;2024-02-01
230472;2019-12-03
172544;2018-05-16
161345;2017-10-08
9620;2019-02-01
111226;2018-01-01
209425;2024-02-01
399939;2023-10-05
83075;2015-11-03
199091;2021-09-01
286436;2021-03-21
366178;2024-02-01
259189;2020-08-08
172691;2024-02-01
255047;2020-10-06
408054;2024-02-01
298286;2022-07-20
392760;2023-05-23
138667;2018-02-02
63299;2016-03-01
242734;2021-05-01
11424;2024-02-01
141938;2018-03-01
296530;2024-02-01
99486;2024-02-01
278988;2021-04-02
75360;2016-08-01
359593;2022-09-13
58330;2020-02-11
157138;2018-01-12
409512;2024-02-01
168789;2020-06-11
314956;2022-02-01
346318;2022-09-20
53210;2016-08-01
112200;2024-02-01
388921;2023-04-11
67145;2019-12-01
103461;2018-08-14
79957;2024-02-01
253617;2020-11-03
363800;2023-03-16
159351;2018-01-05
214905;2024-02-01
95351;2024-02-01
216134;2019-07-21
237199;2022-02-01
288918;2021-02-11
370556;2022-12-06
221227;2019-06-05
388217;2023-06-10
415558;2024-02-01
218254;2020-05-09
249637;2024-02-01
292700;2021-05-02
194239;2020-03-01
112230;2016-12-17
241336;2020-12-01
87004;2022-06-01
83862;2020-07-08
83883;2017-04-04
231123;2021-01-07
162792;2018-12-13
389293;2023-08-01
181704;2019-05-03
307960;2024-02-01
292382;2024-02-01
30626;2019-03-01
129561;2024-02-01
184170;2021-08-05
25895;2017-02-01
281854;2022-12-01
256859;2020-07-19
232210;2020-03-10
196118;2018-12-02
29708;2017-06-01
320504;2021-12-08
392879;2024-02-01
173214;2019-01-01
243587;2020-03-05
114019;2019-01-01
319211;2022-02-17
270948;2020-11-10
194589;2024-02-01
404694;2024-02-01
173647;2022-02-05
343217;2023-04-06
142111;2019-03-01
319050;2024-02-01
400011;2024-02-01
234094;2021-06-01
336699;2024-02-01
119467;2016-06-20
203334;2020-06-12
24439;2020-09-01
25624;2021-09-01
285021;2021-02-13
414135;2024-02-01
1663;2021-09-09
312858;2024-02-01
228556;2022-12-01
276107;2021-01-01
241423;2021-07-03
210278;2024-02-01
43715;2024-02-01
181584;2023-08-01
271335;2020-11-18
305834;2022-04-01
208753;2019-03-05
302147;2021-08-12
5817;2020-01-01
72961;2024-02-01
340646;2024-02-01
331842;2024-02-01
183785;2019-05-17
59563;2015-10-29
258288;2024-02-01
189103;2021-06-15
243430;2024-02-01
314667;2022-12-01
148776;2024-02-01
47731;2016-12-01
348544;2024-02-01
255035;2022-12-13
63677;2019-03-05
369395;2023-01-14
366703;2024-02-01
325598;2022-01-14
358387;2023-08-01
188865;2019-03-07
172523;2019-06-19
254026;2020-07-07
44773;2024-02-01
125377;2019-10-01
385985;2024-02-01
131961;2018-04-03
127131;2016-11-03
149210;2021-07-28
393824;2023-07-04
207516;2019-12-24
84997;2024-02-01
381057;2024-02-01
56664;2018-09-04
267352;2023-07-25
136902;2021-02-16
384613;2024-02-01
178333;2018-05-14
21352;2016-11-03
349026;2023-06-01
56495;2018-09-05
348512;2024-02-01
259048;2024-02-01
153807;2017-12-20
242992;2020-10-15
251575;2020-07-17
221522;2021-03-01
35889;2016-02-19
128516;2018-05-03
22133;2024-02-01
205112;2020-12-09
390415;2024-02-01
115429;2020-04-08
112966;2018-09-05
188068;2022-04-01
291147;2022-10-04
92171;2024-02-01
1439;2024-02-01
195576;2020-04-01
110927;2017-08-22
240477;2020-08-15
3527;2024-02-01
210157;2019-04-18
249385;2022-10-04
66319;2024-02-01
342715;2023-03-01
395228;2023-06-20
122154;2017-07-01
123626;2020-09-01
249472;2024-02-01
50822;2016-07-01
417127;2024-02-01
363711;2024-02-01
221667;2022-06-01
293567;2022-01-06
310751;2021-07-08
312956;2024-02-01
345891;2022-07-17
307695;2024-02-01
295392;2023-03-03
15266;2024-02-01
108241;2018-03-14
228230;2021-02-01
57294;2024-02-01
86839;2024-02-01
159158;2022-08-12
145356;2024-02-01
413869;2024-02-01
35185;2024-02-01
351313;2022-08-18
284978;2024-02-01
360052;2023-01-06
191904;2018-12-18
104337;2017-02-09
267620;2020-10-20
315922;2024-02-01
17051;2024-02-01
5830;2017-03-01
53161;2016-06-01
131223;2017-02-14
4934;2024-02-01
260760;2021-01-01
105516;2023-02-01
89989;2016-02-01
142929;2017-08-22
48878;2016-02-01
328536;2024-02-01
311516;2024-02-01
4576;2021-02-01
31839;2024-02-01
82543;2017-07-06
280925;2024-02-01
404826;2024-02-01
178323;2018-03-06
232769;2019-12-08
15085;2024-02-01
22549;2018-01-02
32746;2017-08-09
343345;2024-02-01
225781;2023-04-14
42712;2017-12-01
31463;2024-02-01
260561;2020-06-11
48455;2024-02-01
138065;2016-10-14
233852;2021-11-02
202754;2021-06-01
36279;2022-03-01
342609;2023-11-03
13472;2016-01-15
390828;2024-02-01
201221;2019-10-08
119595;2017-05-04
204763;2019-03-10
274511;2024-02-01
108064;2017-12-01
239474;2024-02-01
241595;2022-01-01
149600;2018-10-01
235744;2019-11-12
8621;2020-02-19
418045;2024-02-01
34895;2016-08-01
32529;2020-10-01
229424;2022-02-01
54777;2016-08-03
85841;2017-09-05
268797;2020-10-06
330549;2022-04-06
85620;2022-06-01
45487;2023-07-01
316597;2024-02-01
365328;2023-03-01
284569;2024-02-01
304461;2021-11-03
26400;2016-02-11
284256;2022-01-04
218656;2021-11-04
306728;2021-07-20
218538;2024-02-01
391579;2024-02-01
149608;2022-03-08
334409;2024-02-01
247312;2021-03-09
159427;2017-07-18
128721;2017-01-01
301797;2021-09-01
163098;2019-03-06
404487;2024-02-01
273679;2023-07-01
199752;2019-05-07
331011;2023-06-08
309788;2023-09-01
4231;2016-11-01
253213;2020-10-01
179939;2019-12-03
114111;2024-02-01
25047;2016-10-01
129148;2017-08-03
165104;2018-02-06
22024;2022-01-04
353253;2024-02-01
379401;2023-02-01
193210;2019-02-01
296841;2022-06-22
77946;2018-12-01
402843;2023-11-03
95631;2017-11-01
294401;2021-04-16
250455;2020-10-20
45694;2019-12-05
385052;2023-05-20
407714;2023-11-03
338042;2022-07-03
361962;2023-07-01
250829;2020-06-03
373131;2024-02-01
269995;2024-02-01
274260;2022-03-01
22333;2016-06-01
413707;2024-02-01
144177;2017-01-03
252401;2020-05-05
360991;2024-02-01
127330;2016-07-15
159438;2017-12-07
97246;2020-09-01
96173;2016-07-06
43450;2019-02-01
354071;2023-01-03
293685;2024-02-01
172977;2019-08-03
209426;2020-02-04
18336;2017-03-10
267777;2021-12-01
372369;2024-02-01
252057;2021-07-13
128598;2017-12-12
285899;2021-02-05
278736;2020-11-04
268271;2024-02-01
88160;2017-07-04
70940;2017-03-03
187311;2018-09-23
26691;2016-08-01
400390;2023-08-03
421733;2024-02-01
376746;2024-02-01
148237;2019-09-10
352168;2022-11-01
231103;2020-10-07
163072;2017-11-08
26185;2017-11-16
251866;2021-02-12
337633;2022-03-03
152698;2019-11-05
155552;2024-02-01
210454;2020-04-02
227806;2020-12-02
230785;2022-01-01
422416;2024-02-01
176085;2019-11-05
307349;2024-02-01
332129;2022-07-06
265567;2021-09-09
121965;2016-06-04
269653;2021-01-01
305617;2024-02-01
359268;2023-10-01
162538;2022-05-03
73957;2017-02-02
345084;2022-05-04
320255;2022-01-04
264229;2024-02-01
312279;2022-12-08
57349;2017-07-01
168813;2020-05-05
47967;2016-01-07
408404;2023-11-03
73;2019-07-01
305325;2024-02-01
90276;2016-04-16
274;2016-12-01
380320;2023-09-02
328157;2022-02-04
395160;2024-02-01
88497;2015-12-19
295716;2022-02-18
235126;2020-12-10
80924;2015-10-10
186864;2020-01-02
338652;2022-06-11
109921;2016-02-10
388397;2024-02-01
334793;2022-02-11
103197;2024-02-01
243263;2020-02-19
81209;2016-07-05
415719;2024-02-01
318871;2021-12-08
331914;2022-08-20
300959;2022-01-11
342695;2022-04-05
293045;2021-03-23
39144;2017-05-05
272366;2024-02-01
45857;2016-07-01
129982;2016-09-21
64863;2024-02-01
90075;2023-05-09
53288;2016-05-01
61453;2018-12-05
17887;2023-03-28
345728;2022-07-01
147817;2017-03-04
382250;2023-03-03
173040;2020-08-01
190708;2020-02-01
247009;2020-06-03
204457;2022-09-01
78974;2024-02-01
377190;2023-05-13
358395;2022-11-03
55086;2017-06-21
41040;2017-10-15
273671;2021-03-03
28618;2016-05-01
264897;2024-02-01
231035;2020-06-10
202533;2018-11-20
421640;2024-02-01
248358;2021-02-13
132306;2024-02-01
374930;2024-02-01
101740;2017-02-01
235750;2020-01-02
264650;2020-08-05
186903;2024-02-01
315348;2022-10-01
27608;2016-12-01
106994;2016-06-07
187231;2022-04-14
136272;2016-11-03
194933;2021-05-01
245511;2022-01-04
136592;2017-04-04
138564;2016-11-03
139627;2020-05-01
169741;2019-01-01
12815;2022-03-01
277663;2020-11-19
280038;2021-12-01
172651;2023-04-06
91822;2024-02-01
198290;2019-12-03
221299;2020-12-10
170856;2018-10-23
390924;2024-02-01
384967;2024-02-01
205381;2023-06-03
279069;2021-08-27
10035;2016-05-07
406002;2024-02-01
317550;2024-02-01
353300;2022-07-05
298367;2024-02-01
315268;2023-03-03
408698;2024-02-01
373305;2023-03-11
346876;2024-02-01
110625;2018-02-01
268489;2022-08-01
46988;2016-07-01
81715;2024-02-01
401286;2023-10-24
266435;2020-09-18
229380;2020-12-01
5659;2019-04-12
217578;2024-02-01
274038;2021-01-01
160471;2019-05-03
267585;2023-03-01
330980;2023-03-11
249299;2020-10-01
360486;2024-02-01
306097;2023-06-01
18749;2017-02-01
149243;2017-06-18
186708;2023-12-01
237840;2024-02-01
391026;2024-02-01
77714;2019-09-19
200316;2024-02-01
342360;2022-05-10
54796;2015-11-21
225130;2022-04-26
310379;2024-02-01
223792;2019-09-19
220729;2021-11-03
211733;2019-05-16
343766;2022-05-03
155714;2023-11-01
273007;2020-12-04
232867;2020-05-01
400397;2023-09-20
370980;2023-08-01
282499;2020-12-18
408796;2024-02-01
105161;2024-02-01
169850;2019-12-03
88750;2020-03-05
2528;2024-02-01
166838;2018-04-05
259589;2024-02-01
376005;2023-11-04
58253;2018-05-01
304320;2023-03-23
31702;2024-02-01
339708;2024-02-01
287978;2021-03-01
21361;2016-08-09
254575;2024-02-01
305849;2022-04-02
200766;2020-10-06
279750;2022-10-13
412077;2023-08-23
408179;2024-02-01
36630;2016-07-15
41996;2022-04-01
50400;2024-02-01
213522;2024-02-01
197175;2019-02-02
258591;2020-05-20
95788;2015-11-04
86188;2023-08-01
10698;2024-02-01
89585;2016-06-01
3895;2023-08-01
125103;2017-06-01
407364;2023-10-24
274335;2021-04-01
304270;2024-02-01
269768;2021-09-07
415042;2024-02-01
303980;2023-07-06
279623;2022-12-01
421009;2024-02-01
131967;2020-05-05
153932;2018-05-18
141704;2017-01-04
256238;2022-11-01
19757;2015-10-13
304138;2022-10-25
41811;2024-02-01
102501;2016-01-09
102134;2016-10-08
34768;2024-02-01
117553;2020-10-01
360780;2024-02-01
81766;2016-03-22
60302;2016-05-18
246486;2021-02-13
4362;2024-02-01
393648;2024-02-01
35312;2018-07-01
196320;2022-10-01
71708;2021-04-06
98191;2016-02-13
368188;2023-01-03
249014;2020-06-03
36272;2024-02-01
411399;2024-02-01
195157;2020-01-01
138801;2017-10-14
319573;2021-12-07
296449;2023-04-01
13270;2024-02-01
406544;2024-02-01
275460;2022-03-25
343454;2022-08-03
169729;2022-11-03
125306;2017-09-01
65955;2024-02-01
405291;2024-02-01
249841;2020-04-14
77620;2020-09-01
239780;2024-02-01
208487;2019-04-03
185543;2019-02-02
146797;2022-02-01
396842;2024-02-01
134248;2020-02-04
109200;2016-03-03
279342;2021-06-01
309524;2021-12-01
63498;2016-06-10
367852;2024-02-01
390926;2024-02-01
98775;2019-09-03
341683;2022-11-03
274291;2024-02-01
316561;2024-02-01
185313;2020-09-02
80433;2015-11-10
235610;2022-08-01
324716;2022-01-19
10671;2019-05-16
336478;2024-02-01
124094;2024-02-01
199153;2020-01-01
295358;2021-12-01
156876;2017-06-03
63559;2016-04-02
314460;2024-02-01
133279;2022-03-03
76560;2024-02-01
93167;2020-04-02
189665;2024-02-01
203761;2020-05-05
350757;2023-06-14
228930;2024-02-01
313880;2024-02-01
361403;2022-11-18
98908;2024-02-01
307477;2023-04-05
360843;2024-02-01
402986;2024-02-01
366303;2023-05-03
108555;2017-09-09
331557;2023-10-01
4259;2024-02-01
317958;2022-09-07
241802;2022-03-03
346277;2022-12-01
153470;2018-09-01
226101;2024-02-01
137357;2017-08-10
59230;2017-01-04
147082;2021-01-06
331886;2024-02-01
131409;2018-03-01
235527;2019-12-03
4317;2017-09-01
12293;2018-03-03
330930;2022-01-01
147982;2017-05-09
191662;2019-01-01
96686;2016-08-01
287777;2021-05-01
163168;2017-09-02
292161;2023-10-18
400327;2024-02-01
376692;2023-02-10
89228;2016-01-01
165540;2022-01-01
384891;2023-05-20
301822;2024-02-01
277852;2024-02-01
254535;2024-02-01
257107;2022-05-01
351291;2022-11-22
311123;2021-09-17
288155;2024-02-01
317965;2022-02-15
246472;2023-09-01
101902;2017-08-15
146664;2018-05-01
106800;2015-12-18
249102;2022-05-07
120885;2017-03-05
168674;2018-12-01
332739;2022-07-05
70354;2020-07-01
141990;2024-02-01
200071;2019-08-03
222582;2024-02-01
258904;2020-09-18
89620;2017-12-01
349095;2022-07-07
95181;2016-06-01
290148;2024-02-01
288586;2023-10-17
317200;2022-11-08
82810;2015-11-12
23593;2020-05-01
102613;2016-04-07
397320;2024-02-01
338218;2024-02-01
266556;2020-09-08
401017;2024-02-01
340583;2022-03-10
232175;2024-02-01
315030;2022-06-03
379019;2024-02-01
376564;2023-04-04
115932;2016-11-03
190096;2024-02-01
7631;2017-12-01
244654;2022-06-03
146389;2017-04-04
89160;2016-01-05
82934;2018-08-07
147955;2021-12-01
74655;2020-01-15
166586;2018-10-01
67729;2017-07-01
186978;2019-10-04
330459;2022-02-01
136730;2016-12-08
242121;2024-02-01
67297;2017-08-01
363293;2022-11-04
268074;2021-02-10
244071;2021-02-04
19579;2020-07-01
206417;2019-08-22
109330;2020-01-14
120299;2016-09-06
237461;2020-09-01
169837;2021-11-20
249736;2021-07-15
373287;2024-02-01
5357;2016-05-03
25565;2016-02-01
72478;2019-04-01
234582;2020-01-05
385659;2024-02-01
298667;2021-06-15
361136;2024-02-01
362941;2022-11-17
53078;2015-11-11
127147;2016-09-07
308164;2023-12-01
181304;2024-02-01
211783;2024-02-01
208546;2019-06-13
265436;2020-09-02
389521;2024-02-01
296022;2024-02-01
406495;2024-02-01
411684;2024-02-01
146055;2020-08-14
390611;2024-02-01
15907;2016-04-05
154691;2017-05-04
340305;2023-07-25
345550;2022-06-18
281000;2020-12-04
272830;2021-04-02
145492;2017-01-06
33108;2021-02-09
246193;2020-06-01
228225;2024-02-01
160349;2017-11-07
119117;2017-04-01
170368;2018-02-10
186653;2018-06-20
357539;2023-02-01
203405;2018-12-15
355771;2022-12-01
414554;2024-02-01
65778;2016-08-01
80727;2017-01-01
78812;2018-11-13
375078;2023-04-14
61917;2017-11-15
256740;2024-02-01
168109;2017-12-12
367543;2022-11-08
218699;2024-02-01
387120;2024-02-01
275584;2023-06-01
290408;2024-02-01
200955;2024-02-01
359152;2024-02-01
287122;2021-02-05
129612;2017-07-15
40969;2020-06-06
85932;2018-03-03
173404;2022-07-26
213191;2020-03-15
197432;2024-02-01
36475;2024-02-01
252087;2020-05-12
343983;2022-06-03
406467;2023-09-13
178914;2022-01-12
398379;2023-05-18
194597;2024-02-01
367522;2023-02-01
351800;2024-02-01
270437;2021-02-16
184097;2021-08-01
199707;2019-04-10
260597;2024-02-01
174166;2018-02-20
121711;2020-09-01
34485;2024-02-01
58763;2024-02-01
74775;2023-05-01
411471;2024-02-01
123289;2024-02-01
257354;2024-02-01
15419;2019-09-01
202347;2022-08-01
66538;2019-06-01
90905;2016-10-01
261118;2023-04-04
366426;2023-04-11
329039;2022-02-17
179481;2018-10-06
270606;2021-04-21
117019;2024-02-01
44770;2024-02-01
197241;2024-02-01
88077;2016-01-06
419779;2024-02-01
155803;2018-07-03
278878;2021-01-08
217926;2019-10-13
246205;2020-04-10
130617;2016-09-02
75838;2024-02-01
187185;2019-11-01
257551;2021-03-04
306141;2024-02-01
341427;2022-07-19
414469;2024-02-01
270172;2021-07-01
168852;2020-04-16
148764;2017-04-05
42627;2018-02-02
51934;2018-04-03
21972;2016-01-02
119844;2017-02-01
248511;2020-11-01
327879;2024-02-01
8441;2020-08-14
35539;2016-08-10
186787;2022-05-03
6553;2016-05-11
143605;2024-02-01
7184;2024-02-01
59646;2024-02-01
45067;2024-02-01
61547;2017-05-03
383042;2024-02-01
120798;2017-04-01
145320;2017-03-09
422392;2024-02-01
272008;2023-01-01
24235;2017-02-01
148620;2017-04-11
234998;2020-03-03
52384;2018-07-12
171426;2021-02-01
58217;2024-02-01
101449;2019-04-01
80923;2016-01-02
123556;2020-05-01
129645;2019-08-14
154983;2020-04-01
141959;2018-03-01
396787;2024-02-01
85356;2016-11-01
38674;2017-09-05
332438;2023-03-03
122402;2024-02-01
90436;2016-11-01
181403;2018-05-08
333398;2022-01-05
358721;2023-12-01
400556;2023-11-03
348895;2024-02-01
137727;2021-04-01
62258;2022-02-15
190593;2018-10-20
4595;2016-01-01
225636;2019-08-13
353654;2024-02-01
203990;2021-05-11
70424;2023-04-01
217172;2022-10-04
70952;2024-02-01
156432;2024-02-01
305964;2022-03-01
48525;2024-02-01
347035;2023-12-01
355481;2023-04-19
267775;2020-10-08
89072;2016-08-01
64963;2022-03-01
209432;2021-12-01
346695;2022-11-03
394424;2023-09-20
7099;2024-02-01
319025;2024-02-01
400901;2024-02-01
331031;2023-05-25
19084;2015-11-03
105730;2015-11-11
160333;2017-11-01
258998;2020-09-03
71264;2024-02-01
324569;2022-02-22
1930;2024-02-01
401888;2023-07-11
331047;2022-02-05
214902;2019-07-04
4822;2024-02-01
378759;2023-03-18
235640;2020-09-05
111231;2017-11-17
235722;2024-02-01
76512;2024-02-01
89760;2017-07-12
10789;2024-02-01
367367;2024-02-01
234038;2020-01-12
288940;2022-06-01
123620;2024-02-01
120376;2019-10-18
256958;2020-11-03
98626;2018-02-01
122351;2022-10-08
418176;2024-02-01
42823;2024-02-01
306982;2024-02-01
225404;2019-10-08
226270;2022-04-05
297143;2021-06-23
63613;2015-10-07
348625;2022-09-20
392889;2024-02-01
36787;2016-02-01
117500;2016-06-01
74158;2018-03-14
265354;2021-02-17
131593;2016-11-03
354434;2023-01-01
275965;2021-08-11
86665;2015-12-04
298882;2021-07-13
277127;2021-03-01
80827;2024-02-01
16839;2016-11-22
187631;2018-09-23
270995;2022-04-01
186320;2018-12-01
314995;2021-09-22
87573;2018-05-15
127156;2016-07-07
257213;2022-03-01
172907;2019-01-01
117910;2021-11-01
215512;2022-04-01
145810;2018-08-03
10256;2017-01-01
45828;2024-02-01
103669;2016-02-02
403403;2023-08-03
223354;2019-11-06
208470;2019-06-04
8457;2016-01-13
180010;2018-07-11
348784;2023-08-03
204693;2022-03-03
368654;2022-11-17
66866;2021-01-01
357090;2022-09-23
317868;2021-11-05
192226;2019-01-18
328671;2022-12-20
159713;2017-11-03
368055;2023-08-01
336379;2022-05-10
77000;2024-02-01
107609;2016-06-16
168403;2023-04-14
195839;2020-05-13
312419;2021-08-13
182175;2022-11-12
306522;2021-11-09
211443;2019-11-05
241302;2020-08-18
302444;2023-11-01
91881;2015-11-04
390615;2024-02-01
357458;2023-07-19
97234;2016-05-27
192062;2019-10-22
10082;2016-08-01
316485;2023-05-04
35140;2017-10-01
88000;2017-11-04
191839;2019-10-01
204519;2018-12-21
388940;2023-09-21
421572;2024-02-01
342728;2024-02-01
411588;2024-02-01
211589;2019-05-12
307243;2022-07-05
366392;2023-07-01
151965;2021-06-01
346382;2022-06-22
373626;2024-02-01
329551;2023-04-04
81275;2018-01-16
249663;2020-03-05
165020;2020-09-01
308299;2021-12-03
270271;2023-12-01
214830;2019-11-05
157950;2024-02-01
84889;2016-12-01
36501;2016-10-01
314534;2022-02-15
42264;2019-12-01
370623;2023-02-03
113364;2019-09-04
398721;2024-02-01
33074;2017-05-01
340068;2024-02-01
413698;2024-02-01
42919;2018-07-07
329666;2023-05-25
244315;2020-02-18
95990;2016-10-01
54902;2015-12-15
71606;2021-05-05
88352;2015-11-10
31713;2016-04-01
263954;2021-02-01
224511;2019-08-07
224358;2020-07-10
211535;2019-05-19
26672;2016-02-01
316590;2022-01-04
223584;2019-09-19
154867;2019-05-01
139101;2017-04-08
328217;2022-02-01
153761;2018-01-01
190916;2024-02-01
351179;2023-11-03
947;2016-08-01
419183;2024-02-01
242998;2020-02-20
202;2024-02-01
404185;2024-02-01
31494;2024-02-01
182708;2024-02-01
405847;2023-10-03
76407;2016-01-06
282614;2021-12-01
160302;2017-11-22
322017;2022-09-10
243352;2023-01-01
105425;2016-04-02
339033;2024-02-01
50038;2017-07-01
38053;2015-11-12
257388;2024-02-01
260534;2024-02-01
127735;2019-06-01
199695;2021-08-01
95778;2017-11-01
312726;2021-10-05
376431;2023-02-08
363098;2024-01-01
100951;2019-02-01
88119;2017-10-04
404617;2024-02-01
305257;2024-02-01
376271;2024-02-01
286220;2022-08-13
227487;2021-03-04
180809;2024-02-01
111940;2021-03-01
31033;2021-05-01
165165;2018-07-17
250401;2024-02-01
126825;2016-11-15
2562;2022-08-01
110155;2017-12-13
378773;2024-02-01
314185;2024-02-01
125444;2024-02-01
119677;2018-01-01
395055;2024-02-01
347801;2022-11-03
375701;2023-08-15
58622;2024-02-01
58248;2018-04-01
42304;2020-02-05
185054;2021-02-01
91760;2022-02-01
421174;2024-02-01
160981;2019-11-13
55573;2018-04-12
289458;2022-12-01
169609;2018-10-23
223083;2019-11-05
322564;2022-07-05
356236;2022-09-13
409204;2023-09-20
65020;2016-06-01
83402;2024-02-01
163689;2018-12-01
127244;2016-06-03
244877;2024-02-01
382699;2023-09-12
287929;2023-12-01
320729;2021-10-05
384174;2023-03-07
225186;2021-09-02
266234;2020-07-04
296328;2021-08-18
225532;2019-09-30
363913;2022-12-06
334049;2022-05-05
204260;2024-02-01
180374;2019-07-04
322158;2022-11-15
205958;2019-04-05
148102;2019-01-01
340413;2022-05-03
330032;2023-08-08
262302;2020-07-03
394993;2023-07-04
8150;2024-02-01
127444;2016-11-01
235714;2021-11-01
10229;2016-08-01
18545;2018-02-01
19860;2024-02-01
270038;2021-02-02
343579;2023-01-03
339414;2024-02-01
18272;2017-01-01
67214;2019-05-07
409990;2023-09-02
291668;2021-03-03
184067;2019-07-01
314631;2023-02-14
307165;2022-01-12
128265;2016-10-19
57053;2024-02-01
70526;2016-02-01
23098;2017-10-15
357149;2023-02-01
305759;2022-03-01
136241;2017-05-03
302556;2023-07-01
215272;2020-05-05
283770;2021-07-01
294767;2022-02-01
124434;2019-04-01
97275;2016-06-01
306506;2024-02-01
213255;2022-03-11
92906;2016-06-01
332021;2024-02-01
208813;2024-02-01
230944;2023-10-20
177713;2022-11-03
420770;2024-02-01
180133;2021-05-18
185322;2019-06-01
33924;2024-02-01
246179;2020-06-01
23197;2016-09-01
280890;2021-03-01
283430;2022-07-01
208042;2024-02-01
52721;2018-04-10
421588;2024-02-01
102526;2018-06-01
215583;2020-01-03
22380;2017-07-01
201435;2021-10-05
152969;2018-03-01
4931;2024-02-01
71783;2021-01-01
95763;2019-08-01
389483;2024-02-01
315051;2024-02-01
117294;2018-07-07
406207;2024-02-01
67262;2018-10-04
72251;2018-03-09
163558;2019-01-01
399843;2024-02-01
230812;2019-10-08
92612;2017-12-07
359320;2024-02-01
103207;2020-06-01
410321;2024-02-01
236156;2021-11-01
129145;2017-01-03
370810;2024-02-01
339294;2022-10-05
126917;2019-05-01
247421;2022-06-10
213889;2019-08-03
121226;2017-11-03
184348;2019-11-01
119827;2016-07-21
971;2022-05-10
348063;2022-05-03
10909;2018-01-01
211929;2021-03-20
37671;2022-12-01
160936;2018-03-14
373023;2023-05-23
39132;2019-03-01
419486;2024-02-01
284269;2021-01-01
354586;2024-02-01
167855;2018-10-04
34371;2022-04-01
377244;2024-02-01
234288;2020-12-01
140756;2019-02-01
78799;2019-03-13
56799;2024-02-01
330714;2023-09-02
253503;2023-08-01
267986;2022-01-04
132736;2022-02-04
18978;2015-12-02
156260;2017-06-20
97949;2020-09-01
410668;2024-02-01
202689;2024-02-01
39245;2017-02-01
27942;2016-01-05
139415;2017-07-04
62713;2023-06-14
181754;2021-01-01
188544;2024-02-01
149226;2024-02-01
263902;2020-07-18
365654;2022-12-08
198681;2024-02-01
134975;2016-10-05
421604;2024-02-01
394565;2024-02-01
417589;2024-02-01
168524;2024-02-01
263169;2020-11-04
411136;2024-02-01
285437;2024-02-01
374501;2024-02-01
305835;2022-02-01
69163;2024-02-01
406318;2024-01-01
123382;2017-12-01
212656;2019-04-03
212200;2024-02-01
20478;2024-02-01
142131;2018-05-15
46141;2016-06-01
71378;2024-02-01
414762;2024-02-01
65589;2018-08-01
249132;2021-02-02
154285;2020-05-05
241878;2020-03-04
372673;2023-07-04
3956;2016-09-02
48163;2017-11-01
383929;2023-08-01
130543;2016-08-03
231621;2021-01-01
217603;2021-06-23
386879;2023-04-18
12704;2024-02-01
284955;2024-02-01
59355;2022-02-01
141515;2024-02-01
185779;2020-01-01
326278;2024-02-01
250760;2021-08-03
115527;2016-07-20
26473;2024-02-01
382976;2023-05-03
166500;2017-10-11
393610;2024-02-01
102131;2023-09-12
11984;2024-02-01
200333;2019-01-01
249535;2020-08-22
300781;2021-06-03
291991;2021-04-11
284109;2024-02-01
380879;2024-02-01
281207;2021-04-01
333264;2024-01-01
160421;2019-10-01
66054;2018-03-03
332525;2023-02-21
70871;2016-12-01
115908;2024-02-01
352725;2022-10-01
38321;2017-11-08
253467;2020-05-06
134682;2017-12-13
246136;2020-10-06
131120;2017-03-07
157922;2017-10-10
147959;2024-02-01
315215;2024-02-01
32388;2019-11-05
122900;2018-11-03
298957;2022-08-01
271229;2024-02-01
61200;2016-08-01
158090;2018-05-09
238606;2021-09-09
238130;2023-02-01
323524;2022-06-24
369792;2023-02-01
200681;2021-03-24
200135;2018-10-18
41967;2020-02-01
247189;2020-07-03
55482;2019-04-23
30308;2024-02-01
121629;2016-12-01
93945;2021-05-01
9260;2024-02-01
235160;2020-08-05
392762;2024-02-01
302996;2024-02-01
82089;2016-07-01
181656;2020-06-01
370727;2024-02-01
139319;2017-02-08
114829;2016-05-03
200687;2020-05-06
213860;2021-02-01
336981;2024-02-01
277239;2020-12-15
388996;2024-02-01
287925;2021-02-02
253672;2020-09-02
415435;2024-02-01
5446;2017-04-04
266349;2020-11-03
348416;2022-08-09
270883;2020-09-03
45846;2024-02-01
230841;2021-05-14
323249;2022-01-18
411718;2024-02-01
256034;2021-10-05
75396;2024-02-01
183454;2021-06-01
400513;2023-05-16
276197;2021-01-01
342021;2024-02-01
137131;2017-07-15
196076;2022-09-01
15191;2016-05-13
20391;2016-06-15
378284;2023-02-02
54635;2024-02-01
82632;2016-07-05
78299;2024-02-01
389623;2024-02-01
49821;2016-11-08
120797;2017-04-18
122771;2024-02-01
234127;2020-10-17
81592;2024-02-01
124904;2024-02-01
101206;2016-06-15
374089;2024-02-01
94173;2016-06-14
281958;2024-02-01
45834;2020-12-01
92780;2018-01-01
67149;2017-06-01
50893;2015-10-06
20495;2016-01-16
258546;2022-12-10
327120;2022-12-07
388106;2023-06-08
245216;2022-03-08
183436;2018-07-03
173350;2023-03-08
78616;2024-02-01
357038;2024-02-01
296260;2024-02-01
194760;2021-05-04
392808;2024-02-01
367637;2024-02-01
243471;2020-12-11
74010;2024-02-01
49200;2024-02-01
339633;2023-10-12
378942;2023-02-08
321414;2024-02-01
198444;2024-02-01
63438;2021-05-06
18705;2017-12-01
208177;2020-02-04
378590;2023-09-13
388563;2024-02-01
307043;2023-04-01
79091;2018-07-04
157744;2018-01-18
297817;2024-02-01
116552;2018-03-01
237861;2020-11-18
145271;2017-04-02
20803;2015-10-06
132792;2018-06-19
60377;2017-04-20
275518;2020-11-20
94355;2024-02-01
269869;2024-02-01
355751;2024-02-01
411445;2024-02-01
86389;2019-03-01
336710;2024-02-01
8808;2017-02-01
198361;2021-01-01
193564;2024-02-01
418679;2024-02-01
236637;2021-10-05
262517;2020-08-09
287530;2021-08-18
189993;2019-05-03
275937;2022-11-01
264689;2022-06-01
338880;2023-10-01
161936;2018-03-01
214297;2020-01-01
197667;2024-02-01
3010;2015-10-06
86032;2016-10-01
414860;2023-10-24
114026;2017-01-01
109493;2016-12-29
305583;2021-06-15
363034;2024-02-01
3298;2019-01-01
11060;2024-02-01
330999;2022-02-01
56936;2024-02-01
132886;2018-02-16
273495;2024-02-01
197583;2024-02-01
325018;2022-01-20
128712;2017-01-01
20735;2016-01-01
182037;2018-08-11
195738;2024-02-01
62184;2024-02-01
314450;2023-04-04
75568;2024-02-01
242202;2020-05-13
98998;2018-11-09
134366;2016-11-03
422657;2024-02-01
23492;2024-02-01
184041;2018-05-19
410867;2024-02-01
69228;2018-09-01
145755;2021-04-02
227598;2020-10-07
330478;2024-02-01
284963;2020-11-12
256735;2020-04-14
29219;2023-01-11
80472;2015-11-10
252448;2021-07-01
91434;2016-10-01
144317;2018-10-01
62997;2016-11-03
132042;2024-02-01
221558;2019-08-20
108439;2016-02-02
337685;2024-02-01
338653;2022-06-21
252403;2024-02-01
17232;2020-05-01
170287;2018-07-01
132153;2017-09-07
299391;2024-02-01
335586;2023-04-18
197248;2022-09-20
234139;2021-01-01
416664;2024-02-01
306036;2022-09-06
189521;2020-02-04
171093;2024-02-01
277867;2023-01-01
237396;2024-02-01
27484;2017-09-01
362899;2024-02-01
1421;2024-02-01
312943;2024-02-01
181576;2019-02-05
293877;2022-08-18
113991;2016-05-14
76642;2024-02-01
212480;2019-10-04
283241;2024-02-01
201101;2024-02-01
351696;2022-08-03
7413;2024-02-01
330880;2022-11-24
26923;2019-11-01
1993;2018-06-01
165015;2019-01-01
415676;2024-02-01
46461;2023-05-01
243591;2021-01-06
64495;2021-02-02
15723;2018-06-12
100969;2024-02-01
324071;2022-10-11
334841;2022-06-07
40137;2020-07-18
18983;2023-03-01
20171;2016-10-08
193460;2024-02-01
238153;2024-02-01
186579;2024-02-01
48100;2016-06-03
45441;2018-07-05
255616;2020-10-13
345283;2022-06-15
361630;2023-01-01
150315;2019-07-03
292370;2021-01-08
416715;2024-02-01
175851;2024-02-01
228662;2020-09-05
405628;2024-02-01
39268;2017-04-01
153569;2018-06-19
176459;2020-11-04
16899;2024-02-01
181440;2021-12-01
41998;2021-09-01
146835;2024-02-01
127979;2020-05-15
226761;2024-02-01
336883;2022-04-12
234500;2022-04-01
300285;2021-04-21
22129;2016-08-12
361173;2022-11-03
84498;2024-02-01
194190;2019-05-01
398352;2024-02-01
213668;2023-10-10
421761;2024-02-01
81211;2016-04-02
56440;2024-02-01
130477;2017-01-06
121310;2017-04-13
408769;2024-02-01
142119;2021-07-01
176715;2018-06-05
21961;2020-10-28
320750;2021-10-05
375665;2024-02-01
292002;2021-02-11
351951;2024-02-01
249217;2024-02-01
76880;2016-02-01
98851;2016-11-01
348893;2022-07-13
214597;2019-09-01
171935;2024-02-01
63497;2015-12-16
244523;2020-08-12
396061;2023-07-11
15345;2016-03-03
409638;2024-02-01
206336;2021-03-01
311336;2023-06-01
330100;2024-02-01
80926;2016-10-15
163027;2019-12-01
414019;2024-02-01
327732;2024-02-01
77689;2016-09-21
379234;2023-03-23
155950;2017-10-07
318980;2022-09-15
122115;2017-03-03
202739;2024-02-01
329388;2022-05-01
294875;2021-07-01
8199;2018-08-07
138630;2020-02-06
17470;2024-02-01
19351;2015-11-03
170990;2018-11-15
394880;2024-02-01
104117;2019-09-11
236961;2024-02-01
194955;2018-11-08
417064;2024-02-01
306608;2024-02-01
192887;2024-02-01
174277;2019-06-06
107711;2016-04-12
33212;2024-02-01
352681;2024-02-01
176228;2021-12-18
259925;2020-12-17
137842;2021-11-01
188376;2019-08-01
22439;2015-10-17
75411;2023-02-01
385233;2023-06-06
109467;2016-07-15
203618;2019-05-01
174186;2020-04-17
388425;2023-08-15
137277;2017-10-01
134335;2017-06-01
194137;2020-01-01
399016;2023-06-08
397038;2023-06-03
58351;2017-01-04
209930;2021-06-19
56643;2015-10-20
24145;2017-02-01
414669;2024-02-01
297211;2021-08-03
283773;2021-03-09
341445;2023-03-07
357881;2022-12-02
256541;2020-09-02
189696;2018-09-06
203332;2019-03-05
230871;2021-08-05
120649;2016-07-20
421781;2024-02-01
87184;2024-02-01
271397;2022-08-01
250036;2020-06-03
173998;2018-05-01
394075;2023-09-01
199367;2020-08-05
232917;2024-02-01
384814;2024-02-01
190350;2018-07-17
326892;2024-02-01
163023;2017-08-23
133051;2019-04-16
313604;2021-10-06
7936;2016-02-03
413207;2024-02-01
265455;2020-10-06
352440;2023-02-02
84382;2016-08-01
151443;2018-01-02
210449;2021-02-09
381474;2024-02-01
98430;2020-02-19
217729;2023-08-18
280951;2024-02-01
119051;2016-08-09
196086;2022-08-16
203344;2019-07-03
193286;2019-10-08
400039;2024-02-01
281311;2024-02-01
389840;2024-02-01
39265;2016-03-04
291228;2021-02-02
418400;2024-02-01
114666;2018-05-01
226177;2020-03-11
344630;2024-02-01
62499;2020-07-18
24762;2016-01-07
378349;2024-02-01
274087;2021-04-02
13525;2016-06-01
237713;2020-07-03
49002;2019-01-01
8180;2015-10-17
370303;2023-03-15
127440;2016-11-01
149051;2018-11-03
251533;2020-05-09
331467;2022-03-06
317920;2022-04-19
307139;2021-09-21
371275;2024-02-01
216155;2019-12-03
253163;2024-02-01
408228;2024-02-01
259744;2021-12-07
949;2024-02-01
189980;2021-11-05
146727;2018-01-24
157835;2017-08-10
181806;2024-02-01
206916;2020-06-20
244745;2024-02-01
320250;2022-11-16
183176;2018-05-03
9731;2023-09-01
8911;2024-02-01
283792;2022-04-01
300964;2022-03-08
141948;2021-11-01
3144;2021-11-01
390810;2024-01-01
397447;2024-02-01
412538;2024-02-01
53989;2024-02-01
70494;2019-09-04
108867;2019-12-03
418130;2024-02-01
254954;2020-07-03
220354;2019-06-04
140162;2018-11-03
230254;2021-09-01
347175;2024-02-01
211849;2020-10-01
271975;2024-02-01
320225;2022-02-01
14833;2016-12-01
11942;2021-03-01
39550;2022-04-01
227382;2020-03-04
353229;2022-08-04
217468;2020-08-01
411533;2023-09-12
115945;2016-10-18
223865;2023-05-03
196815;2024-02-01
223435;2022-04-02
34825;2020-08-01
379310;2023-02-10
63846;2015-10-21
86385;2019-03-01
143757;2024-02-01
180173;2018-03-14
387417;2024-02-01
229807;2020-02-01
12996;2020-09-01
91950;2015-12-02
272147;2021-01-01
135773;2021-10-01
356519;2024-02-01
17026;2024-02-01
212260;2020-06-18
169317;2018-04-01
262821;2022-11-09
25541;2016-08-01
197433;2019-12-03
216597;2020-08-01
218041;2024-02-01
25906;2017-02-01
269183;2020-09-02
308904;2023-02-21
21541;2019-04-01
176069;2018-03-10
145529;2019-01-12
368761;2023-01-03
417950;2024-02-01
86883;2016-07-01
4671;2017-06-06
340266;2024-02-01
257046;2024-02-01
348612;2022-09-01
204775;2019-04-02
9985;2021-01-01
213955;2024-02-01
405264;2024-02-01
46450;2016-12-01
108253;2016-03-03
38791;2016-06-01
45636;2015-10-10
73342;2016-05-01
157350;2021-12-01
16504;2016-12-01
402592;2023-08-03
293202;2021-08-03
137032;2017-02-01
185189;2018-12-12
168771;2017-12-01
141563;2017-06-01
162570;2017-11-20
365786;2022-11-03
227745;2022-06-01
260642;2020-08-05
114106;2017-09-01
137222;2018-07-03
280411;2024-02-01
241916;2024-02-01
301696;2021-09-02
335776;2022-04-20
394418;2024-02-01
384947;2023-10-01
177078;2018-03-03
115718;2020-12-01
42024;2017-02-01
180189;2021-08-18
106011;2018-10-11
300113;2024-02-01
117609;2018-05-11
369738;2024-02-01
207692;2021-06-10
79471;2020-12-01
345959;2024-02-01
343755;2022-04-05
422273;2024-02-01
284369;2022-05-03
30136;2020-09-01
252206;2024-02-01
378272;2023-03-09
104027;2024-02-01
335913;2024-02-01
309820;2024-02-01
94358;2017-03-21
368379;2023-05-17
41196;2024-02-01
70499;2016-02-01
114935;2017-01-17
142563;2022-01-01
288065;2021-07-03
177664;2024-02-01
273672;2022-01-18
415970;2024-02-01
156950;2022-06-01
72631;2024-02-01
330425;2021-12-02
251637;2021-04-01
413600;2023-10-07
283471;2021-03-01
249300;2020-10-01
42271;2020-07-01
319355;2024-02-01
332781;2022-03-09
377058;2023-11-01
45666;2017-05-01
59002;2020-09-02
378401;2023-07-04
314615;2021-08-03
302625;2024-02-01
209707;2019-05-16
358694;2022-10-13
131086;2016-11-04
235487;2023-12-01
185168;2023-07-01
406392;2024-02-01
2553;2016-10-01
99738;2017-02-04
23781;2019-11-06
118762;2019-03-05
194465;2019-11-05
383224;2024-02-01
185453;2020-01-16
232476;2019-12-10
320548;2021-10-20
304971;2024-02-01
142538;2017-06-14
6645;2020-04-03
378892;2024-02-01
158897;2018-01-01
109249;2018-07-01
247456;2021-05-01
71002;2017-09-02
210013;2020-02-04
236304;2021-11-09
212145;2019-06-04
285974;2020-12-12
118447;2016-06-13
411505;2024-02-01
294369;2024-02-01
410904;2024-02-01
33448;2024-02-01
364549;2022-11-15
416063;2023-11-03
376568;2023-02-01
392183;2024-02-01
397991;2024-02-01
328611;2022-03-03
183099;2018-05-03
263634;2020-08-07
376108;2023-05-12
342762;2024-02-01
150724;2019-01-01
71151;2017-11-16
386348;2024-02-01
336837;2023-04-11
49005;2024-02-01
149193;2017-09-01
414970;2024-02-01
134376;2017-08-03
187934;2018-07-03
326406;2024-02-01
122071;2017-06-03
339623;2022-04-05
94845;2019-12-01
157156;2024-02-01
165083;2024-02-01
361192;2024-02-01
299269;2021-05-04
346036;2023-08-01
264070;2024-02-01
201434;2024-02-01
202926;2024-02-01
141105;2017-02-17
370513;2023-08-01
2597;2024-02-01
101693;2017-07-01
303970;2021-07-13
215341;2019-07-09
359758;2022-08-19
258681;2020-05-16
240220;2022-12-01
98417;2024-02-01
68988;2016-08-01
119712;2024-02-01
195968;2019-04-03
35313;2024-02-01
178438;2018-06-05
347255;2023-01-01
184468;2018-08-26
332323;2022-11-08
111470;2020-01-16
316154;2024-02-01
201442;2022-03-01
362692;2024-02-01
41561;2017-12-14
276286;2021-06-01
354765;2024-02-01
407442;2024-01-01
211845;2019-08-14
257475;2024-02-01
274597;2021-01-09
336503;2024-02-01
331958;2022-04-05
231307;2021-04-02
104876;2021-03-09
97680;2021-11-01
259893;2020-07-03
149063;2018-01-04
228814;2020-08-11
118705;2017-02-14
260740;2022-07-05
